date,day_of_week,hour,interval,channel,skill_group,holiday,is_weekend,predicted_calls,lower_bound,upper_bound
2026-06-30,Tuesday,0,00:00-01:00,Voice,Billing,0,0,4.72,0.0,11.09
2026-06-30,Tuesday,0,00:00-01:00,Voice,Technical,0,0,8.47,2.1,14.84
2026-06-30,Tuesday,0,00:00-01:00,Voice,Sales,0,0,7.75,1.38,14.12
2026-06-30,Tuesday,0,00:00-01:00,Voice,General,0,0,3.96,0.0,10.33
2026-06-30,Tuesday,0,00:00-01:00,Chat,Billing,0,0,3.27,0.0,9.64
2026-06-30,Tuesday,0,00:00-01:00,Chat,Technical,0,0,4.3,0.0,10.67
2026-06-30,Tuesday,0,00:00-01:00,Chat,Sales,0,0,4.84,0.0,11.21
2026-06-30,Tuesday,0,00:00-01:00,Chat,General,0,0,2.27,0.0,8.64
2026-06-30,Tuesday,0,00:00-01:00,Email,Billing,0,0,2.05,0.0,8.42
2026-06-30,Tuesday,0,00:00-01:00,Email,Technical,0,0,3.04,0.0,9.41
2026-06-30,Tuesday,0,00:00-01:00,Email,Sales,0,0,2.73,0.0,9.1
2026-06-30,Tuesday,0,00:00-01:00,Email,General,0,0,1.1,0.0,7.47
2026-06-30,Tuesday,1,01:00-02:00,Voice,Billing,0,0,4.66,0.0,11.03
2026-06-30,Tuesday,1,01:00-02:00,Voice,Technical,0,0,7.89,1.52,14.26
2026-06-30,Tuesday,1,01:00-02:00,Voice,Sales,0,0,6.16,0.0,12.53
2026-06-30,Tuesday,1,01:00-02:00,Voice,General,0,0,3.75,0.0,10.12
2026-06-30,Tuesday,1,01:00-02:00,Chat,Billing,0,0,2.98,0.0,9.35
2026-06-30,Tuesday,1,01:00-02:00,Chat,Technical,0,0,5.33,0.0,11.7
2026-06-30,Tuesday,1,01:00-02:00,Chat,Sales,0,0,4.32,0.0,10.69
2026-06-30,Tuesday,1,01:00-02:00,Chat,General,0,0,2.16,0.0,8.53
2026-06-30,Tuesday,1,01:00-02:00,Email,Billing,0,0,2.1,0.0,8.47
2026-06-30,Tuesday,1,01:00-02:00,Email,Technical,0,0,2.61,0.0,8.98
2026-06-30,Tuesday,1,01:00-02:00,Email,Sales,0,0,2.77,0.0,9.14
2026-06-30,Tuesday,1,01:00-02:00,Email,General,0,0,1.1,0.0,7.47
2026-06-30,Tuesday,2,02:00-03:00,Voice,Billing,0,0,4.32,0.0,10.69
2026-06-30,Tuesday,2,02:00-03:00,Voice,Technical,0,0,6.78,0.41,13.15
2026-06-30,Tuesday,2,02:00-03:00,Voice,Sales,0,0,6.8,0.43,13.17
2026-06-30,Tuesday,2,02:00-03:00,Voice,General,0,0,4.04,0.0,10.41
2026-06-30,Tuesday,2,02:00-03:00,Chat,Billing,0,0,2.99,0.0,9.36
2026-06-30,Tuesday,2,02:00-03:00,Chat,Technical,0,0,5.0,0.0,11.37
2026-06-30,Tuesday,2,02:00-03:00,Chat,Sales,0,0,4.78,0.0,11.15
2026-06-30,Tuesday,2,02:00-03:00,Chat,General,0,0,2.1,0.0,8.47
2026-06-30,Tuesday,2,02:00-03:00,Email,Billing,0,0,2.1,0.0,8.47
2026-06-30,Tuesday,2,02:00-03:00,Email,Technical,0,0,2.93,0.0,9.3
2026-06-30,Tuesday,2,02:00-03:00,Email,Sales,0,0,2.68,0.0,9.05
2026-06-30,Tuesday,2,02:00-03:00,Email,General,0,0,1.28,0.0,7.65
2026-06-30,Tuesday,3,03:00-04:00,Voice,Billing,0,0,4.69,0.0,11.06
2026-06-30,Tuesday,3,03:00-04:00,Voice,Technical,0,0,7.86,1.49,14.23
2026-06-30,Tuesday,3,03:00-04:00,Voice,Sales,0,0,6.89,0.52,13.26
2026-06-30,Tuesday,3,03:00-04:00,Voice,General,0,0,3.35,0.0,9.72
2026-06-30,Tuesday,3,03:00-04:00,Chat,Billing,0,0,3.01,0.0,9.38
2026-06-30,Tuesday,3,03:00-04:00,Chat,Technical,0,0,5.0,0.0,11.37
2026-06-30,Tuesday,3,03:00-04:00,Chat,Sales,0,0,4.73,0.0,11.1
2026-06-30,Tuesday,3,03:00-04:00,Chat,General,0,0,2.11,0.0,8.48
2026-06-30,Tuesday,3,03:00-04:00,Email,Billing,0,0,2.42,0.0,8.79
2026-06-30,Tuesday,3,03:00-04:00,Email,Technical,0,0,2.92,0.0,9.29
2026-06-30,Tuesday,3,03:00-04:00,Email,Sales,0,0,2.73,0.0,9.1
2026-06-30,Tuesday,3,03:00-04:00,Email,General,0,0,1.56,0.0,7.93
2026-06-30,Tuesday,4,04:00-05:00,Voice,Billing,0,0,5.06,0.0,11.43
2026-06-30,Tuesday,4,04:00-05:00,Voice,Technical,0,0,7.88,1.51,14.25
2026-06-30,Tuesday,4,04:00-05:00,Voice,Sales,0,0,6.62,0.25,12.99
2026-06-30,Tuesday,4,04:00-05:00,Voice,General,0,0,3.64,0.0,10.01
2026-06-30,Tuesday,4,04:00-05:00,Chat,Billing,0,0,3.3,0.0,9.67
2026-06-30,Tuesday,4,04:00-05:00,Chat,Technical,0,0,5.1,0.0,11.47
2026-06-30,Tuesday,4,04:00-05:00,Chat,Sales,0,0,4.37,0.0,10.74
2026-06-30,Tuesday,4,04:00-05:00,Chat,General,0,0,2.63,0.0,9.0
2026-06-30,Tuesday,4,04:00-05:00,Email,Billing,0,0,2.29,0.0,8.66
2026-06-30,Tuesday,4,04:00-05:00,Email,Technical,0,0,3.3,0.0,9.67
2026-06-30,Tuesday,4,04:00-05:00,Email,Sales,0,0,2.84,0.0,9.21
2026-06-30,Tuesday,4,04:00-05:00,Email,General,0,0,2.06,0.0,8.43
2026-06-30,Tuesday,5,05:00-06:00,Voice,Billing,0,0,5.02,0.0,11.39
2026-06-30,Tuesday,5,05:00-06:00,Voice,Technical,0,0,8.66,2.29,15.03
2026-06-30,Tuesday,5,05:00-06:00,Voice,Sales,0,0,7.32,0.95,13.69
2026-06-30,Tuesday,5,05:00-06:00,Voice,General,0,0,4.18,0.0,10.55
2026-06-30,Tuesday,5,05:00-06:00,Chat,Billing,0,0,3.44,0.0,9.81
2026-06-30,Tuesday,5,05:00-06:00,Chat,Technical,0,0,4.95,0.0,11.32
2026-06-30,Tuesday,5,05:00-06:00,Chat,Sales,0,0,4.82,0.0,11.19
2026-06-30,Tuesday,5,05:00-06:00,Chat,General,0,0,2.35,0.0,8.72
2026-06-30,Tuesday,5,05:00-06:00,Email,Billing,0,0,2.0,0.0,8.37
2026-06-30,Tuesday,5,05:00-06:00,Email,Technical,0,0,3.45,0.0,9.82
2026-06-30,Tuesday,5,05:00-06:00,Email,Sales,0,0,2.47,0.0,8.84
2026-06-30,Tuesday,5,05:00-06:00,Email,General,0,0,2.11,0.0,8.48
2026-06-30,Tuesday,6,06:00-07:00,Voice,Billing,0,0,4.73,0.0,11.1
2026-06-30,Tuesday,6,06:00-07:00,Voice,Technical,0,0,9.38,3.01,15.75
2026-06-30,Tuesday,6,06:00-07:00,Voice,Sales,0,0,6.26,0.0,12.63
2026-06-30,Tuesday,6,06:00-07:00,Voice,General,0,0,3.75,0.0,10.12
2026-06-30,Tuesday,6,06:00-07:00,Chat,Billing,0,0,3.41,0.0,9.78
2026-06-30,Tuesday,6,06:00-07:00,Chat,Technical,0,0,5.13,0.0,11.5
2026-06-30,Tuesday,6,06:00-07:00,Chat,Sales,0,0,4.45,0.0,10.82
2026-06-30,Tuesday,6,06:00-07:00,Chat,General,0,0,2.67,0.0,9.04
2026-06-30,Tuesday,6,06:00-07:00,Email,Billing,0,0,2.01,0.0,8.38
2026-06-30,Tuesday,6,06:00-07:00,Email,Technical,0,0,3.28,0.0,9.65
2026-06-30,Tuesday,6,06:00-07:00,Email,Sales,0,0,2.55,0.0,8.92
2026-06-30,Tuesday,6,06:00-07:00,Email,General,0,0,1.69,0.0,8.06
2026-06-30,Tuesday,7,07:00-08:00,Voice,Billing,0,0,4.6,0.0,10.97
2026-06-30,Tuesday,7,07:00-08:00,Voice,Technical,0,0,8.87,2.5,15.24
2026-06-30,Tuesday,7,07:00-08:00,Voice,Sales,0,0,7.05,0.68,13.42
2026-06-30,Tuesday,7,07:00-08:00,Voice,General,0,0,3.66,0.0,10.03
2026-06-30,Tuesday,7,07:00-08:00,Chat,Billing,0,0,3.55,0.0,9.92
2026-06-30,Tuesday,7,07:00-08:00,Chat,Technical,0,0,5.01,0.0,11.38
2026-06-30,Tuesday,7,07:00-08:00,Chat,Sales,0,0,3.97,0.0,10.34
2026-06-30,Tuesday,7,07:00-08:00,Chat,General,0,0,2.97,0.0,9.34
2026-06-30,Tuesday,7,07:00-08:00,Email,Billing,0,0,1.84,0.0,8.21
2026-06-30,Tuesday,7,07:00-08:00,Email,Technical,0,0,2.95,0.0,9.32
2026-06-30,Tuesday,7,07:00-08:00,Email,Sales,0,0,2.57,0.0,8.94
2026-06-30,Tuesday,7,07:00-08:00,Email,General,0,0,1.2,0.0,7.57
2026-06-30,Tuesday,8,08:00-09:00,Voice,Billing,0,0,14.83,8.46,21.2
2026-06-30,Tuesday,8,08:00-09:00,Voice,Technical,0,0,24.63,18.26,31.0
2026-06-30,Tuesday,8,08:00-09:00,Voice,Sales,0,0,20.27,13.9,26.64
2026-06-30,Tuesday,8,08:00-09:00,Voice,General,0,0,9.44,3.07,15.81
2026-06-30,Tuesday,8,08:00-09:00,Chat,Billing,0,0,9.06,2.69,15.43
2026-06-30,Tuesday,8,08:00-09:00,Chat,Technical,0,0,15.96,9.59,22.33
2026-06-30,Tuesday,8,08:00-09:00,Chat,Sales,0,0,13.59,7.22,19.96
2026-06-30,Tuesday,8,08:00-09:00,Chat,General,0,0,7.69,1.32,14.06
2026-06-30,Tuesday,8,08:00-09:00,Email,Billing,0,0,6.19,0.0,12.56
2026-06-30,Tuesday,8,08:00-09:00,Email,Technical,0,0,9.61,3.24,15.98
2026-06-30,Tuesday,8,08:00-09:00,Email,Sales,0,0,7.45,1.08,13.82
2026-06-30,Tuesday,8,08:00-09:00,Email,General,0,0,4.98,0.0,11.35
2026-06-30,Tuesday,9,09:00-10:00,Voice,Billing,0,0,21.87,15.5,28.24
2026-06-30,Tuesday,9,09:00-10:00,Voice,Technical,0,0,33.13,26.76,39.5
2026-06-30,Tuesday,9,09:00-10:00,Voice,Sales,0,0,29.12,22.75,35.49
2026-06-30,Tuesday,9,09:00-10:00,Voice,General,0,0,15.3,8.93,21.67
2026-06-30,Tuesday,9,09:00-10:00,Chat,Billing,0,0,15.46,9.09,21.83
2026-06-30,Tuesday,9,09:00-10:00,Chat,Technical,0,0,23.74,17.37,30.11
2026-06-30,Tuesday,9,09:00-10:00,Chat,Sales,0,0,19.16,12.79,25.53
2026-06-30,Tuesday,9,09:00-10:00,Chat,General,0,0,11.5,5.13,17.87
2026-06-30,Tuesday,9,09:00-10:00,Email,Billing,0,0,8.49,2.12,14.86
2026-06-30,Tuesday,9,09:00-10:00,Email,Technical,0,0,14.24,7.87,20.61
2026-06-30,Tuesday,9,09:00-10:00,Email,Sales,0,0,11.99,5.62,18.36
2026-06-30,Tuesday,9,09:00-10:00,Email,General,0,0,7.0,0.63,13.37
2026-06-30,Tuesday,10,10:00-11:00,Voice,Billing,0,0,27.64,21.27,34.01
2026-06-30,Tuesday,10,10:00-11:00,Voice,Technical,0,0,41.44,35.07,47.81
2026-06-30,Tuesday,10,10:00-11:00,Voice,Sales,0,0,37.83,31.46,44.2
2026-06-30,Tuesday,10,10:00-11:00,Voice,General,0,0,20.05,13.68,26.42
2026-06-30,Tuesday,10,10:00-11:00,Chat,Billing,0,0,17.04,10.67,23.41
2026-06-30,Tuesday,10,10:00-11:00,Chat,Technical,0,0,29.53,23.16,35.9
2026-06-30,Tuesday,10,10:00-11:00,Chat,Sales,0,0,24.28,17.91,30.65
2026-06-30,Tuesday,10,10:00-11:00,Chat,General,0,0,13.18,6.81,19.55
2026-06-30,Tuesday,10,10:00-11:00,Email,Billing,0,0,11.91,5.54,18.28
2026-06-30,Tuesday,10,10:00-11:00,Email,Technical,0,0,18.77,12.4,25.14
2026-06-30,Tuesday,10,10:00-11:00,Email,Sales,0,0,15.16,8.79,21.53
2026-06-30,Tuesday,10,10:00-11:00,Email,General,0,0,8.36,1.99,14.73
2026-06-30,Tuesday,11,11:00-12:00,Voice,Billing,0,0,32.27,25.9,38.64
2026-06-30,Tuesday,11,11:00-12:00,Voice,Technical,0,0,50.68,44.31,57.05
2026-06-30,Tuesday,11,11:00-12:00,Voice,Sales,0,0,43.79,37.42,50.16
2026-06-30,Tuesday,11,11:00-12:00,Voice,General,0,0,24.45,18.08,30.82
2026-06-30,Tuesday,11,11:00-12:00,Chat,Billing,0,0,21.16,14.79,27.53
2026-06-30,Tuesday,11,11:00-12:00,Chat,Technical,0,0,33.61,27.24,39.98
2026-06-30,Tuesday,11,11:00-12:00,Chat,Sales,0,0,28.93,22.56,35.3
2026-06-30,Tuesday,11,11:00-12:00,Chat,General,0,0,15.54,9.17,21.91
2026-06-30,Tuesday,11,11:00-12:00,Email,Billing,0,0,12.98,6.61,19.35
2026-06-30,Tuesday,11,11:00-12:00,Email,Technical,0,0,20.74,14.37,27.11
2026-06-30,Tuesday,11,11:00-12:00,Email,Sales,0,0,18.25,11.88,24.62
2026-06-30,Tuesday,11,11:00-12:00,Email,General,0,0,9.67,3.3,16.04
2026-06-30,Tuesday,12,12:00-13:00,Voice,Billing,0,0,32.86,26.49,39.23
2026-06-30,Tuesday,12,12:00-13:00,Voice,Technical,0,0,54.31,47.94,60.68
2026-06-30,Tuesday,12,12:00-13:00,Voice,Sales,0,0,45.1,38.73,51.47
2026-06-30,Tuesday,12,12:00-13:00,Voice,General,0,0,25.18,18.81,31.55
2026-06-30,Tuesday,12,12:00-13:00,Chat,Billing,0,0,21.16,14.79,27.53
2026-06-30,Tuesday,12,12:00-13:00,Chat,Technical,0,0,34.18,27.81,40.55
2026-06-30,Tuesday,12,12:00-13:00,Chat,Sales,0,0,29.17,22.8,35.54
2026-06-30,Tuesday,12,12:00-13:00,Chat,General,0,0,16.51,10.14,22.88
2026-06-30,Tuesday,12,12:00-13:00,Email,Billing,0,0,13.38,7.01,19.75
2026-06-30,Tuesday,12,12:00-13:00,Email,Technical,0,0,21.41,15.04,27.78
2026-06-30,Tuesday,12,12:00-13:00,Email,Sales,0,0,18.46,12.09,24.83
2026-06-30,Tuesday,12,12:00-13:00,Email,General,0,0,10.08,3.71,16.45
2026-06-30,Tuesday,13,13:00-14:00,Voice,Billing,0,0,33.26,26.89,39.63
2026-06-30,Tuesday,13,13:00-14:00,Voice,Technical,0,0,52.37,46.0,58.74
2026-06-30,Tuesday,13,13:00-14:00,Voice,Sales,0,0,44.89,38.52,51.26
2026-06-30,Tuesday,13,13:00-14:00,Voice,General,0,0,25.14,18.77,31.51
2026-06-30,Tuesday,13,13:00-14:00,Chat,Billing,0,0,21.16,14.79,27.53
2026-06-30,Tuesday,13,13:00-14:00,Chat,Technical,0,0,34.44,28.07,40.81
2026-06-30,Tuesday,13,13:00-14:00,Chat,Sales,0,0,29.17,22.8,35.54
2026-06-30,Tuesday,13,13:00-14:00,Chat,General,0,0,16.6,10.23,22.97
2026-06-30,Tuesday,13,13:00-14:00,Email,Billing,0,0,13.41,7.04,19.78
2026-06-30,Tuesday,13,13:00-14:00,Email,Technical,0,0,21.41,15.04,27.78
2026-06-30,Tuesday,13,13:00-14:00,Email,Sales,0,0,18.46,12.09,24.83
2026-06-30,Tuesday,13,13:00-14:00,Email,General,0,0,10.06,3.69,16.43
2026-06-30,Tuesday,14,14:00-15:00,Voice,Billing,0,0,33.26,26.89,39.63
2026-06-30,Tuesday,14,14:00-15:00,Voice,Technical,0,0,52.33,45.96,58.7
2026-06-30,Tuesday,14,14:00-15:00,Voice,Sales,0,0,44.24,37.87,50.61
2026-06-30,Tuesday,14,14:00-15:00,Voice,General,0,0,22.45,16.08,28.82
2026-06-30,Tuesday,14,14:00-15:00,Chat,Billing,0,0,20.43,14.06,26.8
2026-06-30,Tuesday,14,14:00-15:00,Chat,Technical,0,0,33.98,27.61,40.35
2026-06-30,Tuesday,14,14:00-15:00,Chat,Sales,0,0,28.76,22.39,35.13
2026-06-30,Tuesday,14,14:00-15:00,Chat,General,0,0,15.63,9.26,22.0
2026-06-30,Tuesday,14,14:00-15:00,Email,Billing,0,0,13.35,6.98,19.72
2026-06-30,Tuesday,14,14:00-15:00,Email,Technical,0,0,20.61,14.24,26.98
2026-06-30,Tuesday,14,14:00-15:00,Email,Sales,0,0,18.33,11.96,24.7
2026-06-30,Tuesday,14,14:00-15:00,Email,General,0,0,9.81,3.44,16.18
2026-06-30,Tuesday,15,15:00-16:00,Voice,Billing,0,0,26.62,20.25,32.99
2026-06-30,Tuesday,15,15:00-16:00,Voice,Technical,0,0,41.99,35.62,48.36
2026-06-30,Tuesday,15,15:00-16:00,Voice,Sales,0,0,36.76,30.39,43.13
2026-06-30,Tuesday,15,15:00-16:00,Voice,General,0,0,20.89,14.52,27.26
2026-06-30,Tuesday,15,15:00-16:00,Chat,Billing,0,0,18.1,11.73,24.47
2026-06-30,Tuesday,15,15:00-16:00,Chat,Technical,0,0,29.71,23.34,36.08
2026-06-30,Tuesday,15,15:00-16:00,Chat,Sales,0,0,25.98,19.61,32.35
2026-06-30,Tuesday,15,15:00-16:00,Chat,General,0,0,12.28,5.91,18.65
2026-06-30,Tuesday,15,15:00-16:00,Email,Billing,0,0,9.65,3.28,16.02
2026-06-30,Tuesday,15,15:00-16:00,Email,Technical,0,0,19.08,12.71,25.45
2026-06-30,Tuesday,15,15:00-16:00,Email,Sales,0,0,16.6,10.23,22.97
2026-06-30,Tuesday,15,15:00-16:00,Email,General,0,0,8.1,1.73,14.47
2026-06-30,Tuesday,16,16:00-17:00,Voice,Billing,0,0,20.41,14.04,26.78
2026-06-30,Tuesday,16,16:00-17:00,Voice,Technical,0,0,34.6,28.23,40.97
2026-06-30,Tuesday,16,16:00-17:00,Voice,Sales,0,0,27.91,21.54,34.28
2026-06-30,Tuesday,16,16:00-17:00,Voice,General,0,0,16.95,10.58,23.32
2026-06-30,Tuesday,16,16:00-17:00,Chat,Billing,0,0,13.59,7.22,19.96
2026-06-30,Tuesday,16,16:00-17:00,Chat,Technical,0,0,22.39,16.02,28.76
2026-06-30,Tuesday,16,16:00-17:00,Chat,Sales,0,0,19.17,12.8,25.54
2026-06-30,Tuesday,16,16:00-17:00,Chat,General,0,0,10.84,4.47,17.21
2026-06-30,Tuesday,16,16:00-17:00,Email,Billing,0,0,8.71,2.34,15.08
2026-06-30,Tuesday,16,16:00-17:00,Email,Technical,0,0,14.29,7.92,20.66
2026-06-30,Tuesday,16,16:00-17:00,Email,Sales,0,0,12.13,5.76,18.5
2026-06-30,Tuesday,16,16:00-17:00,Email,General,0,0,6.83,0.46,13.2
2026-06-30,Tuesday,17,17:00-18:00,Voice,Billing,0,0,14.51,8.14,20.88
2026-06-30,Tuesday,17,17:00-18:00,Voice,Technical,0,0,24.41,18.04,30.78
2026-06-30,Tuesday,17,17:00-18:00,Voice,Sales,0,0,18.6,12.23,24.97
2026-06-30,Tuesday,17,17:00-18:00,Voice,General,0,0,10.8,4.43,17.17
2026-06-30,Tuesday,17,17:00-18:00,Chat,Billing,0,0,7.96,1.59,14.33
2026-06-30,Tuesday,17,17:00-18:00,Chat,Technical,0,0,16.33,9.96,22.7
2026-06-30,Tuesday,17,17:00-18:00,Chat,Sales,0,0,12.69,6.32,19.06
2026-06-30,Tuesday,17,17:00-18:00,Chat,General,0,0,7.17,0.8,13.54
2026-06-30,Tuesday,17,17:00-18:00,Email,Billing,0,0,6.82,0.45,13.19
2026-06-30,Tuesday,17,17:00-18:00,Email,Technical,0,0,9.1,2.73,15.47
2026-06-30,Tuesday,17,17:00-18:00,Email,Sales,0,0,7.74,1.37,14.11
2026-06-30,Tuesday,17,17:00-18:00,Email,General,0,0,4.15,0.0,10.52
2026-06-30,Tuesday,18,18:00-19:00,Voice,Billing,0,0,4.24,0.0,10.61
2026-06-30,Tuesday,18,18:00-19:00,Voice,Technical,0,0,7.03,0.66,13.4
2026-06-30,Tuesday,18,18:00-19:00,Voice,Sales,0,0,5.86,0.0,12.23
2026-06-30,Tuesday,18,18:00-19:00,Voice,General,0,0,3.41,0.0,9.78
2026-06-30,Tuesday,18,18:00-19:00,Chat,Billing,0,0,3.32,0.0,9.69
2026-06-30,Tuesday,18,18:00-19:00,Chat,Technical,0,0,5.07,0.0,11.44
2026-06-30,Tuesday,18,18:00-19:00,Chat,Sales,0,0,4.45,0.0,10.82
2026-06-30,Tuesday,18,18:00-19:00,Chat,General,0,0,2.26,0.0,8.63
2026-06-30,Tuesday,18,18:00-19:00,Email,Billing,0,0,1.96,0.0,8.33
2026-06-30,Tuesday,18,18:00-19:00,Email,Technical,0,0,3.3,0.0,9.67
2026-06-30,Tuesday,18,18:00-19:00,Email,Sales,0,0,2.75,0.0,9.12
2026-06-30,Tuesday,18,18:00-19:00,Email,General,0,0,1.35,0.0,7.72
2026-06-30,Tuesday,19,19:00-20:00,Voice,Billing,0,0,4.43,0.0,10.8
2026-06-30,Tuesday,19,19:00-20:00,Voice,Technical,0,0,6.72,0.35,13.09
2026-06-30,Tuesday,19,19:00-20:00,Voice,Sales,0,0,6.62,0.25,12.99
2026-06-30,Tuesday,19,19:00-20:00,Voice,General,0,0,3.48,0.0,9.85
2026-06-30,Tuesday,19,19:00-20:00,Chat,Billing,0,0,3.2,0.0,9.57
2026-06-30,Tuesday,19,19:00-20:00,Chat,Technical,0,0,5.31,0.0,11.68
2026-06-30,Tuesday,19,19:00-20:00,Chat,Sales,0,0,4.57,0.0,10.94
2026-06-30,Tuesday,19,19:00-20:00,Chat,General,0,0,2.41,0.0,8.78
2026-06-30,Tuesday,19,19:00-20:00,Email,Billing,0,0,2.0,0.0,8.37
2026-06-30,Tuesday,19,19:00-20:00,Email,Technical,0,0,3.16,0.0,9.53
2026-06-30,Tuesday,19,19:00-20:00,Email,Sales,0,0,2.74,0.0,9.11
2026-06-30,Tuesday,19,19:00-20:00,Email,General,0,0,1.54,0.0,7.91
2026-06-30,Tuesday,20,20:00-21:00,Voice,Billing,0,0,5.4,0.0,11.77
2026-06-30,Tuesday,20,20:00-21:00,Voice,Technical,0,0,8.03,1.66,14.4
2026-06-30,Tuesday,20,20:00-21:00,Voice,Sales,0,0,6.95,0.58,13.32
2026-06-30,Tuesday,20,20:00-21:00,Voice,General,0,0,4.02,0.0,10.39
2026-06-30,Tuesday,20,20:00-21:00,Chat,Billing,0,0,3.22,0.0,9.59
2026-06-30,Tuesday,20,20:00-21:00,Chat,Technical,0,0,5.4,0.0,11.77
2026-06-30,Tuesday,20,20:00-21:00,Chat,Sales,0,0,4.65,0.0,11.02
2026-06-30,Tuesday,20,20:00-21:00,Chat,General,0,0,2.68,0.0,9.05
2026-06-30,Tuesday,20,20:00-21:00,Email,Billing,0,0,2.15,0.0,8.52
2026-06-30,Tuesday,20,20:00-21:00,Email,Technical,0,0,3.04,0.0,9.41
2026-06-30,Tuesday,20,20:00-21:00,Email,Sales,0,0,2.83,0.0,9.2
2026-06-30,Tuesday,20,20:00-21:00,Email,General,0,0,1.58,0.0,7.95
2026-06-30,Tuesday,21,21:00-22:00,Voice,Billing,0,0,5.49,0.0,11.86
2026-06-30,Tuesday,21,21:00-22:00,Voice,Technical,0,0,8.35,1.98,14.72
2026-06-30,Tuesday,21,21:00-22:00,Voice,Sales,0,0,6.78,0.41,13.15
2026-06-30,Tuesday,21,21:00-22:00,Voice,General,0,0,4.34,0.0,10.71
2026-06-30,Tuesday,21,21:00-22:00,Chat,Billing,0,0,3.36,0.0,9.73
2026-06-30,Tuesday,21,21:00-22:00,Chat,Technical,0,0,5.3,0.0,11.67
2026-06-30,Tuesday,21,21:00-22:00,Chat,Sales,0,0,4.66,0.0,11.03
2026-06-30,Tuesday,21,21:00-22:00,Chat,General,0,0,2.73,0.0,9.1
2026-06-30,Tuesday,21,21:00-22:00,Email,Billing,0,0,2.1,0.0,8.47
2026-06-30,Tuesday,21,21:00-22:00,Email,Technical,0,0,3.16,0.0,9.53
2026-06-30,Tuesday,21,21:00-22:00,Email,Sales,0,0,2.75,0.0,9.12
2026-06-30,Tuesday,21,21:00-22:00,Email,General,0,0,1.83,0.0,8.2
2026-06-30,Tuesday,22,22:00-23:00,Voice,Billing,0,0,5.69,0.0,12.06
2026-06-30,Tuesday,22,22:00-23:00,Voice,Technical,0,0,8.3,1.93,14.67
2026-06-30,Tuesday,22,22:00-23:00,Voice,Sales,0,0,6.89,0.52,13.26
2026-06-30,Tuesday,22,22:00-23:00,Voice,General,0,0,3.31,0.0,9.68
2026-06-30,Tuesday,22,22:00-23:00,Chat,Billing,0,0,3.31,0.0,9.68
2026-06-30,Tuesday,22,22:00-23:00,Chat,Technical,0,0,5.27,0.0,11.64
2026-06-30,Tuesday,22,22:00-23:00,Chat,Sales,0,0,4.69,0.0,11.06
2026-06-30,Tuesday,22,22:00-23:00,Chat,General,0,0,2.6,0.0,8.97
2026-06-30,Tuesday,22,22:00-23:00,Email,Billing,0,0,2.12,0.0,8.49
2026-06-30,Tuesday,22,22:00-23:00,Email,Technical,0,0,3.21,0.0,9.58
2026-06-30,Tuesday,22,22:00-23:00,Email,Sales,0,0,3.06,0.0,9.43
2026-06-30,Tuesday,22,22:00-23:00,Email,General,0,0,1.77,0.0,8.14
2026-06-30,Tuesday,23,23:00-00:00,Voice,Billing,0,0,6.06,0.0,12.43
2026-06-30,Tuesday,23,23:00-00:00,Voice,Technical,0,0,8.82,2.45,15.19
2026-06-30,Tuesday,23,23:00-00:00,Voice,Sales,0,0,7.0,0.63,13.37
2026-06-30,Tuesday,23,23:00-00:00,Voice,General,0,0,3.3,0.0,9.67
2026-06-30,Tuesday,23,23:00-00:00,Chat,Billing,0,0,3.4,0.0,9.77
2026-06-30,Tuesday,23,23:00-00:00,Chat,Technical,0,0,5.34,0.0,11.71
2026-06-30,Tuesday,23,23:00-00:00,Chat,Sales,0,0,4.49,0.0,10.86
2026-06-30,Tuesday,23,23:00-00:00,Chat,General,0,0,2.78,0.0,9.15
2026-06-30,Tuesday,23,23:00-00:00,Email,Billing,0,0,1.97,0.0,8.34
2026-06-30,Tuesday,23,23:00-00:00,Email,Technical,0,0,3.21,0.0,9.58
2026-06-30,Tuesday,23,23:00-00:00,Email,Sales,0,0,2.81,0.0,9.18
2026-06-30,Tuesday,23,23:00-00:00,Email,General,0,0,1.94,0.0,8.31
2026-07-01,Wednesday,0,00:00-01:00,Voice,Billing,0,0,4.17,0.0,10.54
2026-07-01,Wednesday,0,00:00-01:00,Voice,Technical,0,0,8.75,2.38,15.12
2026-07-01,Wednesday,0,00:00-01:00,Voice,Sales,0,0,7.46,1.09,13.83
2026-07-01,Wednesday,0,00:00-01:00,Voice,General,0,0,5.04,0.0,11.41
2026-07-01,Wednesday,0,00:00-01:00,Chat,Billing,0,0,3.31,0.0,9.68
2026-07-01,Wednesday,0,00:00-01:00,Chat,Technical,0,0,4.96,0.0,11.33
2026-07-01,Wednesday,0,00:00-01:00,Chat,Sales,0,0,4.73,0.0,11.1
2026-07-01,Wednesday,0,00:00-01:00,Chat,General,0,0,2.76,0.0,9.13
2026-07-01,Wednesday,0,00:00-01:00,Email,Billing,0,0,1.78,0.0,8.15
2026-07-01,Wednesday,0,00:00-01:00,Email,Technical,0,0,3.94,0.0,10.31
2026-07-01,Wednesday,0,00:00-01:00,Email,Sales,0,0,3.01,0.0,9.38
2026-07-01,Wednesday,0,00:00-01:00,Email,General,0,0,1.49,0.0,7.86
2026-07-01,Wednesday,1,01:00-02:00,Voice,Billing,0,0,4.03,0.0,10.4
2026-07-01,Wednesday,1,01:00-02:00,Voice,Technical,0,0,7.02,0.65,13.39
2026-07-01,Wednesday,1,01:00-02:00,Voice,Sales,0,0,7.41,1.04,13.78
2026-07-01,Wednesday,1,01:00-02:00,Voice,General,0,0,3.54,0.0,9.91
2026-07-01,Wednesday,1,01:00-02:00,Chat,Billing,0,0,3.06,0.0,9.43
2026-07-01,Wednesday,1,01:00-02:00,Chat,Technical,0,0,5.22,0.0,11.59
2026-07-01,Wednesday,1,01:00-02:00,Chat,Sales,0,0,4.22,0.0,10.59
2026-07-01,Wednesday,1,01:00-02:00,Chat,General,0,0,2.31,0.0,8.68
2026-07-01,Wednesday,1,01:00-02:00,Email,Billing,0,0,1.85,0.0,8.22
2026-07-01,Wednesday,1,01:00-02:00,Email,Technical,0,0,2.64,0.0,9.01
2026-07-01,Wednesday,1,01:00-02:00,Email,Sales,0,0,2.47,0.0,8.84
2026-07-01,Wednesday,1,01:00-02:00,Email,General,0,0,1.29,0.0,7.66
2026-07-01,Wednesday,2,02:00-03:00,Voice,Billing,0,0,3.67,0.0,10.04
2026-07-01,Wednesday,2,02:00-03:00,Voice,Technical,0,0,6.68,0.31,13.05
2026-07-01,Wednesday,2,02:00-03:00,Voice,Sales,0,0,6.69,0.32,13.06
2026-07-01,Wednesday,2,02:00-03:00,Voice,General,0,0,3.18,0.0,9.55
2026-07-01,Wednesday,2,02:00-03:00,Chat,Billing,0,0,3.04,0.0,9.41
2026-07-01,Wednesday,2,02:00-03:00,Chat,Technical,0,0,4.54,0.0,10.91
2026-07-01,Wednesday,2,02:00-03:00,Chat,Sales,0,0,4.33,0.0,10.7
2026-07-01,Wednesday,2,02:00-03:00,Chat,General,0,0,2.38,0.0,8.75
2026-07-01,Wednesday,2,02:00-03:00,Email,Billing,0,0,1.35,0.0,7.72
2026-07-01,Wednesday,2,02:00-03:00,Email,Technical,0,0,2.91,0.0,9.28
2026-07-01,Wednesday,2,02:00-03:00,Email,Sales,0,0,2.65,0.0,9.02
2026-07-01,Wednesday,2,02:00-03:00,Email,General,0,0,1.68,0.0,8.05
2026-07-01,Wednesday,3,03:00-04:00,Voice,Billing,0,0,4.17,0.0,10.54
2026-07-01,Wednesday,3,03:00-04:00,Voice,Technical,0,0,6.57,0.2,12.94
2026-07-01,Wednesday,3,03:00-04:00,Voice,Sales,0,0,6.67,0.3,13.04
2026-07-01,Wednesday,3,03:00-04:00,Voice,General,0,0,3.58,0.0,9.95
2026-07-01,Wednesday,3,03:00-04:00,Chat,Billing,0,0,3.07,0.0,9.44
2026-07-01,Wednesday,3,03:00-04:00,Chat,Technical,0,0,5.05,0.0,11.42
2026-07-01,Wednesday,3,03:00-04:00,Chat,Sales,0,0,4.3,0.0,10.67
2026-07-01,Wednesday,3,03:00-04:00,Chat,General,0,0,2.45,0.0,8.82
2026-07-01,Wednesday,3,03:00-04:00,Email,Billing,0,0,1.96,0.0,8.33
2026-07-01,Wednesday,3,03:00-04:00,Email,Technical,0,0,2.73,0.0,9.1
2026-07-01,Wednesday,3,03:00-04:00,Email,Sales,0,0,2.61,0.0,8.98
2026-07-01,Wednesday,3,03:00-04:00,Email,General,0,0,1.35,0.0,7.72
2026-07-01,Wednesday,4,04:00-05:00,Voice,Billing,0,0,4.27,0.0,10.64
2026-07-01,Wednesday,4,04:00-05:00,Voice,Technical,0,0,7.91,1.54,14.28
2026-07-01,Wednesday,4,04:00-05:00,Voice,Sales,0,0,7.66,1.29,14.03
2026-07-01,Wednesday,4,04:00-05:00,Voice,General,0,0,4.0,0.0,10.37
2026-07-01,Wednesday,4,04:00-05:00,Chat,Billing,0,0,3.35,0.0,9.72
2026-07-01,Wednesday,4,04:00-05:00,Chat,Technical,0,0,6.08,0.0,12.45
2026-07-01,Wednesday,4,04:00-05:00,Chat,Sales,0,0,4.42,0.0,10.79
2026-07-01,Wednesday,4,04:00-05:00,Chat,General,0,0,2.36,0.0,8.73
2026-07-01,Wednesday,4,04:00-05:00,Email,Billing,0,0,2.51,0.0,8.88
2026-07-01,Wednesday,4,04:00-05:00,Email,Technical,0,0,2.75,0.0,9.12
2026-07-01,Wednesday,4,04:00-05:00,Email,Sales,0,0,2.92,0.0,9.29
2026-07-01,Wednesday,4,04:00-05:00,Email,General,0,0,1.54,0.0,7.91
2026-07-01,Wednesday,5,05:00-06:00,Voice,Billing,0,0,4.36,0.0,10.73
2026-07-01,Wednesday,5,05:00-06:00,Voice,Technical,0,0,7.67,1.3,14.04
2026-07-01,Wednesday,5,05:00-06:00,Voice,Sales,0,0,6.78,0.41,13.15
2026-07-01,Wednesday,5,05:00-06:00,Voice,General,0,0,4.1,0.0,10.47
2026-07-01,Wednesday,5,05:00-06:00,Chat,Billing,0,0,3.39,0.0,9.76
2026-07-01,Wednesday,5,05:00-06:00,Chat,Technical,0,0,5.21,0.0,11.58
2026-07-01,Wednesday,5,05:00-06:00,Chat,Sales,0,0,4.59,0.0,10.96
2026-07-01,Wednesday,5,05:00-06:00,Chat,General,0,0,2.3,0.0,8.67
2026-07-01,Wednesday,5,05:00-06:00,Email,Billing,0,0,2.08,0.0,8.45
2026-07-01,Wednesday,5,05:00-06:00,Email,Technical,0,0,3.17,0.0,9.54
2026-07-01,Wednesday,5,05:00-06:00,Email,Sales,0,0,2.54,0.0,8.91
2026-07-01,Wednesday,5,05:00-06:00,Email,General,0,0,1.41,0.0,7.78
2026-07-01,Wednesday,6,06:00-07:00,Voice,Billing,0,0,4.65,0.0,11.02
2026-07-01,Wednesday,6,06:00-07:00,Voice,Technical,0,0,7.92,1.55,14.29
2026-07-01,Wednesday,6,06:00-07:00,Voice,Sales,0,0,6.57,0.2,12.94
2026-07-01,Wednesday,6,06:00-07:00,Voice,General,0,0,4.07,0.0,10.44
2026-07-01,Wednesday,6,06:00-07:00,Chat,Billing,0,0,3.21,0.0,9.58
2026-07-01,Wednesday,6,06:00-07:00,Chat,Technical,0,0,5.04,0.0,11.41
2026-07-01,Wednesday,6,06:00-07:00,Chat,Sales,0,0,4.18,0.0,10.55
2026-07-01,Wednesday,6,06:00-07:00,Chat,General,0,0,2.47,0.0,8.84
2026-07-01,Wednesday,6,06:00-07:00,Email,Billing,0,0,2.14,0.0,8.51
2026-07-01,Wednesday,6,06:00-07:00,Email,Technical,0,0,3.02,0.0,9.39
2026-07-01,Wednesday,6,06:00-07:00,Email,Sales,0,0,2.89,0.0,9.26
2026-07-01,Wednesday,6,06:00-07:00,Email,General,0,0,1.13,0.0,7.5
2026-07-01,Wednesday,7,07:00-08:00,Voice,Billing,0,0,4.08,0.0,10.45
2026-07-01,Wednesday,7,07:00-08:00,Voice,Technical,0,0,7.34,0.97,13.71
2026-07-01,Wednesday,7,07:00-08:00,Voice,Sales,0,0,7.4,1.03,13.77
2026-07-01,Wednesday,7,07:00-08:00,Voice,General,0,0,3.58,0.0,9.95
2026-07-01,Wednesday,7,07:00-08:00,Chat,Billing,0,0,2.92,0.0,9.29
2026-07-01,Wednesday,7,07:00-08:00,Chat,Technical,0,0,5.61,0.0,11.98
2026-07-01,Wednesday,7,07:00-08:00,Chat,Sales,0,0,4.68,0.0,11.05
2026-07-01,Wednesday,7,07:00-08:00,Chat,General,0,0,2.2,0.0,8.57
2026-07-01,Wednesday,7,07:00-08:00,Email,Billing,0,0,1.98,0.0,8.35
2026-07-01,Wednesday,7,07:00-08:00,Email,Technical,0,0,2.93,0.0,9.3
2026-07-01,Wednesday,7,07:00-08:00,Email,Sales,0,0,2.74,0.0,9.11
2026-07-01,Wednesday,7,07:00-08:00,Email,General,0,0,1.41,0.0,7.78
2026-07-01,Wednesday,8,08:00-09:00,Voice,Billing,0,0,14.49,8.12,20.86
2026-07-01,Wednesday,8,08:00-09:00,Voice,Technical,0,0,24.57,18.2,30.94
2026-07-01,Wednesday,8,08:00-09:00,Voice,Sales,0,0,20.94,14.57,27.31
2026-07-01,Wednesday,8,08:00-09:00,Voice,General,0,0,10.44,4.07,16.81
2026-07-01,Wednesday,8,08:00-09:00,Chat,Billing,0,0,9.76,3.39,16.13
2026-07-01,Wednesday,8,08:00-09:00,Chat,Technical,0,0,16.13,9.76,22.5
2026-07-01,Wednesday,8,08:00-09:00,Chat,Sales,0,0,13.22,6.85,19.59
2026-07-01,Wednesday,8,08:00-09:00,Chat,General,0,0,7.43,1.06,13.8
2026-07-01,Wednesday,8,08:00-09:00,Email,Billing,0,0,6.14,0.0,12.51
2026-07-01,Wednesday,8,08:00-09:00,Email,Technical,0,0,9.59,3.22,15.96
2026-07-01,Wednesday,8,08:00-09:00,Email,Sales,0,0,7.91,1.54,14.28
2026-07-01,Wednesday,8,08:00-09:00,Email,General,0,0,5.05,0.0,11.42
2026-07-01,Wednesday,9,09:00-10:00,Voice,Billing,0,0,21.38,15.01,27.75
2026-07-01,Wednesday,9,09:00-10:00,Voice,Technical,0,0,34.96,28.59,41.33
2026-07-01,Wednesday,9,09:00-10:00,Voice,Sales,0,0,28.01,21.64,34.38
2026-07-01,Wednesday,9,09:00-10:00,Voice,General,0,0,16.5,10.13,22.87
2026-07-01,Wednesday,9,09:00-10:00,Chat,Billing,0,0,14.51,8.14,20.88
2026-07-01,Wednesday,9,09:00-10:00,Chat,Technical,0,0,23.39,17.02,29.76
2026-07-01,Wednesday,9,09:00-10:00,Chat,Sales,0,0,20.43,14.06,26.8
2026-07-01,Wednesday,9,09:00-10:00,Chat,General,0,0,11.55,5.18,17.92
2026-07-01,Wednesday,9,09:00-10:00,Email,Billing,0,0,8.75,2.38,15.12
2026-07-01,Wednesday,9,09:00-10:00,Email,Technical,0,0,14.15,7.78,20.52
2026-07-01,Wednesday,9,09:00-10:00,Email,Sales,0,0,12.15,5.78,18.52
2026-07-01,Wednesday,9,09:00-10:00,Email,General,0,0,7.65,1.28,14.02
2026-07-01,Wednesday,10,10:00-11:00,Voice,Billing,0,0,25.76,19.39,32.13
2026-07-01,Wednesday,10,10:00-11:00,Voice,Technical,0,0,42.39,36.02,48.76
2026-07-01,Wednesday,10,10:00-11:00,Voice,Sales,0,0,37.94,31.57,44.31
2026-07-01,Wednesday,10,10:00-11:00,Voice,General,0,0,20.48,14.11,26.85
2026-07-01,Wednesday,10,10:00-11:00,Chat,Billing,0,0,17.71,11.34,24.08
2026-07-01,Wednesday,10,10:00-11:00,Chat,Technical,0,0,30.42,24.05,36.79
2026-07-01,Wednesday,10,10:00-11:00,Chat,Sales,0,0,24.45,18.08,30.82
2026-07-01,Wednesday,10,10:00-11:00,Chat,General,0,0,12.89,6.52,19.26
2026-07-01,Wednesday,10,10:00-11:00,Email,Billing,0,0,11.69,5.32,18.06
2026-07-01,Wednesday,10,10:00-11:00,Email,Technical,0,0,17.93,11.56,24.3
2026-07-01,Wednesday,10,10:00-11:00,Email,Sales,0,0,15.14,8.77,21.51
2026-07-01,Wednesday,10,10:00-11:00,Email,General,0,0,9.09,2.72,15.46
2026-07-01,Wednesday,11,11:00-12:00,Voice,Billing,0,0,31.66,25.29,38.03
2026-07-01,Wednesday,11,11:00-12:00,Voice,Technical,0,0,49.96,43.59,56.33
2026-07-01,Wednesday,11,11:00-12:00,Voice,Sales,0,0,43.15,36.78,49.52
2026-07-01,Wednesday,11,11:00-12:00,Voice,General,0,0,24.2,17.83,30.57
2026-07-01,Wednesday,11,11:00-12:00,Chat,Billing,0,0,21.16,14.79,27.53
2026-07-01,Wednesday,11,11:00-12:00,Chat,Technical,0,0,33.28,26.91,39.65
2026-07-01,Wednesday,11,11:00-12:00,Chat,Sales,0,0,28.93,22.56,35.3
2026-07-01,Wednesday,11,11:00-12:00,Chat,General,0,0,15.69,9.32,22.06
2026-07-01,Wednesday,11,11:00-12:00,Email,Billing,0,0,12.93,6.56,19.3
2026-07-01,Wednesday,11,11:00-12:00,Email,Technical,0,0,20.78,14.41,27.15
2026-07-01,Wednesday,11,11:00-12:00,Email,Sales,0,0,18.23,11.86,24.6
2026-07-01,Wednesday,11,11:00-12:00,Email,General,0,0,9.87,3.5,16.24
2026-07-01,Wednesday,12,12:00-13:00,Voice,Billing,0,0,32.08,25.71,38.45
2026-07-01,Wednesday,12,12:00-13:00,Voice,Technical,0,0,54.49,48.12,60.86
2026-07-01,Wednesday,12,12:00-13:00,Voice,Sales,0,0,45.26,38.89,51.63
2026-07-01,Wednesday,12,12:00-13:00,Voice,General,0,0,25.15,18.78,31.52
2026-07-01,Wednesday,12,12:00-13:00,Chat,Billing,0,0,21.16,14.79,27.53
2026-07-01,Wednesday,12,12:00-13:00,Chat,Technical,0,0,33.72,27.35,40.09
2026-07-01,Wednesday,12,12:00-13:00,Chat,Sales,0,0,29.17,22.8,35.54
2026-07-01,Wednesday,12,12:00-13:00,Chat,General,0,0,16.45,10.08,22.82
2026-07-01,Wednesday,12,12:00-13:00,Email,Billing,0,0,13.48,7.11,19.85
2026-07-01,Wednesday,12,12:00-13:00,Email,Technical,0,0,21.45,15.08,27.82
2026-07-01,Wednesday,12,12:00-13:00,Email,Sales,0,0,18.43,12.06,24.8
2026-07-01,Wednesday,12,12:00-13:00,Email,General,0,0,10.34,3.97,16.71
2026-07-01,Wednesday,13,13:00-14:00,Voice,Billing,0,0,32.19,25.82,38.56
2026-07-01,Wednesday,13,13:00-14:00,Voice,Technical,0,0,52.41,46.04,58.78
2026-07-01,Wednesday,13,13:00-14:00,Voice,Sales,0,0,45.03,38.66,51.4
2026-07-01,Wednesday,13,13:00-14:00,Voice,General,0,0,25.17,18.8,31.54
2026-07-01,Wednesday,13,13:00-14:00,Chat,Billing,0,0,21.16,14.79,27.53
2026-07-01,Wednesday,13,13:00-14:00,Chat,Technical,0,0,34.14,27.77,40.51
2026-07-01,Wednesday,13,13:00-14:00,Chat,Sales,0,0,29.17,22.8,35.54
2026-07-01,Wednesday,13,13:00-14:00,Chat,General,0,0,16.57,10.2,22.94
2026-07-01,Wednesday,13,13:00-14:00,Email,Billing,0,0,13.51,7.14,19.88
2026-07-01,Wednesday,13,13:00-14:00,Email,Technical,0,0,21.45,15.08,27.82
2026-07-01,Wednesday,13,13:00-14:00,Email,Sales,0,0,18.43,12.06,24.8
2026-07-01,Wednesday,13,13:00-14:00,Email,General,0,0,10.41,4.04,16.78
2026-07-01,Wednesday,14,14:00-15:00,Voice,Billing,0,0,31.98,25.61,38.35
2026-07-01,Wednesday,14,14:00-15:00,Voice,Technical,0,0,52.38,46.01,58.75
2026-07-01,Wednesday,14,14:00-15:00,Voice,Sales,0,0,44.38,38.01,50.75
2026-07-01,Wednesday,14,14:00-15:00,Voice,General,0,0,22.32,15.95,28.69
2026-07-01,Wednesday,14,14:00-15:00,Chat,Billing,0,0,20.43,14.06,26.8
2026-07-01,Wednesday,14,14:00-15:00,Chat,Technical,0,0,33.54,27.17,39.91
2026-07-01,Wednesday,14,14:00-15:00,Chat,Sales,0,0,28.76,22.39,35.13
2026-07-01,Wednesday,14,14:00-15:00,Chat,General,0,0,15.55,9.18,21.92
2026-07-01,Wednesday,14,14:00-15:00,Email,Billing,0,0,13.45,7.08,19.82
2026-07-01,Wednesday,14,14:00-15:00,Email,Technical,0,0,20.57,14.2,26.94
2026-07-01,Wednesday,14,14:00-15:00,Email,Sales,0,0,18.3,11.93,24.67
2026-07-01,Wednesday,14,14:00-15:00,Email,General,0,0,9.91,3.54,16.28
2026-07-01,Wednesday,15,15:00-16:00,Voice,Billing,0,0,26.68,20.31,33.05
2026-07-01,Wednesday,15,15:00-16:00,Voice,Technical,0,0,43.04,36.67,49.41
2026-07-01,Wednesday,15,15:00-16:00,Voice,Sales,0,0,37.34,30.97,43.71
2026-07-01,Wednesday,15,15:00-16:00,Voice,General,0,0,21.78,15.41,28.15
2026-07-01,Wednesday,15,15:00-16:00,Chat,Billing,0,0,17.96,11.59,24.33
2026-07-01,Wednesday,15,15:00-16:00,Chat,Technical,0,0,29.81,23.44,36.18
2026-07-01,Wednesday,15,15:00-16:00,Chat,Sales,0,0,25.91,19.54,32.28
2026-07-01,Wednesday,15,15:00-16:00,Chat,General,0,0,12.74,6.37,19.11
2026-07-01,Wednesday,15,15:00-16:00,Email,Billing,0,0,10.0,3.63,16.37
2026-07-01,Wednesday,15,15:00-16:00,Email,Technical,0,0,18.72,12.35,25.09
2026-07-01,Wednesday,15,15:00-16:00,Email,Sales,0,0,16.56,10.19,22.93
2026-07-01,Wednesday,15,15:00-16:00,Email,General,0,0,8.23,1.86,14.6
2026-07-01,Wednesday,16,16:00-17:00,Voice,Billing,0,0,20.82,14.45,27.19
2026-07-01,Wednesday,16,16:00-17:00,Voice,Technical,0,0,33.75,27.38,40.12
2026-07-01,Wednesday,16,16:00-17:00,Voice,Sales,0,0,31.65,25.28,38.02
2026-07-01,Wednesday,16,16:00-17:00,Voice,General,0,0,14.16,7.79,20.53
2026-07-01,Wednesday,16,16:00-17:00,Chat,Billing,0,0,13.43,7.06,19.8
2026-07-01,Wednesday,16,16:00-17:00,Chat,Technical,0,0,23.34,16.97,29.71
2026-07-01,Wednesday,16,16:00-17:00,Chat,Sales,0,0,19.21,12.84,25.58
2026-07-01,Wednesday,16,16:00-17:00,Chat,General,0,0,10.99,4.62,17.36
2026-07-01,Wednesday,16,16:00-17:00,Email,Billing,0,0,9.09,2.72,15.46
2026-07-01,Wednesday,16,16:00-17:00,Email,Technical,0,0,13.67,7.3,20.04
2026-07-01,Wednesday,16,16:00-17:00,Email,Sales,0,0,12.05,5.68,18.42
2026-07-01,Wednesday,16,16:00-17:00,Email,General,0,0,6.71,0.34,13.08
2026-07-01,Wednesday,17,17:00-18:00,Voice,Billing,0,0,15.18,8.81,21.55
2026-07-01,Wednesday,17,17:00-18:00,Voice,Technical,0,0,25.54,19.17,31.91
2026-07-01,Wednesday,17,17:00-18:00,Voice,Sales,0,0,19.91,13.54,26.28
2026-07-01,Wednesday,17,17:00-18:00,Voice,General,0,0,11.29,4.92,17.66
2026-07-01,Wednesday,17,17:00-18:00,Chat,Billing,0,0,10.16,3.79,16.53
2026-07-01,Wednesday,17,17:00-18:00,Chat,Technical,0,0,15.3,8.93,21.67
2026-07-01,Wednesday,17,17:00-18:00,Chat,Sales,0,0,12.53,6.16,18.9
2026-07-01,Wednesday,17,17:00-18:00,Chat,General,0,0,6.88,0.51,13.25
2026-07-01,Wednesday,17,17:00-18:00,Email,Billing,0,0,5.76,0.0,12.13
2026-07-01,Wednesday,17,17:00-18:00,Email,Technical,0,0,9.25,2.88,15.62
2026-07-01,Wednesday,17,17:00-18:00,Email,Sales,0,0,10.1,3.73,16.47
2026-07-01,Wednesday,17,17:00-18:00,Email,General,0,0,3.85,0.0,10.22
2026-07-01,Wednesday,18,18:00-19:00,Voice,Billing,0,0,4.72,0.0,11.09
2026-07-01,Wednesday,18,18:00-19:00,Voice,Technical,0,0,7.11,0.74,13.48
2026-07-01,Wednesday,18,18:00-19:00,Voice,Sales,0,0,6.73,0.36,13.1
2026-07-01,Wednesday,18,18:00-19:00,Voice,General,0,0,3.47,0.0,9.84
2026-07-01,Wednesday,18,18:00-19:00,Chat,Billing,0,0,3.34,0.0,9.71
2026-07-01,Wednesday,18,18:00-19:00,Chat,Technical,0,0,5.21,0.0,11.58
2026-07-01,Wednesday,18,18:00-19:00,Chat,Sales,0,0,4.28,0.0,10.65
2026-07-01,Wednesday,18,18:00-19:00,Chat,General,0,0,2.19,0.0,8.56
2026-07-01,Wednesday,18,18:00-19:00,Email,Billing,0,0,1.34,0.0,7.71
2026-07-01,Wednesday,18,18:00-19:00,Email,Technical,0,0,3.11,0.0,9.48
2026-07-01,Wednesday,18,18:00-19:00,Email,Sales,0,0,2.89,0.0,9.26
2026-07-01,Wednesday,18,18:00-19:00,Email,General,0,0,1.57,0.0,7.94
2026-07-01,Wednesday,19,19:00-20:00,Voice,Billing,0,0,4.37,0.0,10.74
2026-07-01,Wednesday,19,19:00-20:00,Voice,Technical,0,0,6.92,0.55,13.29
2026-07-01,Wednesday,19,19:00-20:00,Voice,Sales,0,0,6.71,0.34,13.08
2026-07-01,Wednesday,19,19:00-20:00,Voice,General,0,0,3.44,0.0,9.81
2026-07-01,Wednesday,19,19:00-20:00,Chat,Billing,0,0,3.16,0.0,9.53
2026-07-01,Wednesday,19,19:00-20:00,Chat,Technical,0,0,5.23,0.0,11.6
2026-07-01,Wednesday,19,19:00-20:00,Chat,Sales,0,0,4.39,0.0,10.76
2026-07-01,Wednesday,19,19:00-20:00,Chat,General,0,0,2.26,0.0,8.63
2026-07-01,Wednesday,19,19:00-20:00,Email,Billing,0,0,1.93,0.0,8.3
2026-07-01,Wednesday,19,19:00-20:00,Email,Technical,0,0,2.95,0.0,9.32
2026-07-01,Wednesday,19,19:00-20:00,Email,Sales,0,0,2.9,0.0,9.27
2026-07-01,Wednesday,19,19:00-20:00,Email,General,0,0,1.59,0.0,7.96
2026-07-01,Wednesday,20,20:00-21:00,Voice,Billing,0,0,4.79,0.0,11.16
2026-07-01,Wednesday,20,20:00-21:00,Voice,Technical,0,0,7.8,1.43,14.17
2026-07-01,Wednesday,20,20:00-21:00,Voice,Sales,0,0,6.94,0.57,13.31
2026-07-01,Wednesday,20,20:00-21:00,Voice,General,0,0,3.75,0.0,10.12
2026-07-01,Wednesday,20,20:00-21:00,Chat,Billing,0,0,3.23,0.0,9.6
2026-07-01,Wednesday,20,20:00-21:00,Chat,Technical,0,0,5.24,0.0,11.61
2026-07-01,Wednesday,20,20:00-21:00,Chat,Sales,0,0,4.49,0.0,10.86
2026-07-01,Wednesday,20,20:00-21:00,Chat,General,0,0,2.47,0.0,8.84
2026-07-01,Wednesday,20,20:00-21:00,Email,Billing,0,0,1.71,0.0,8.08
2026-07-01,Wednesday,20,20:00-21:00,Email,Technical,0,0,2.99,0.0,9.36
2026-07-01,Wednesday,20,20:00-21:00,Email,Sales,0,0,2.74,0.0,9.11
2026-07-01,Wednesday,20,20:00-21:00,Email,General,0,0,1.58,0.0,7.95
2026-07-01,Wednesday,21,21:00-22:00,Voice,Billing,0,0,4.63,0.0,11.0
2026-07-01,Wednesday,21,21:00-22:00,Voice,Technical,0,0,7.87,1.5,14.24
2026-07-01,Wednesday,21,21:00-22:00,Voice,Sales,0,0,6.84,0.47,13.21
2026-07-01,Wednesday,21,21:00-22:00,Voice,General,0,0,3.37,0.0,9.74
2026-07-01,Wednesday,21,21:00-22:00,Chat,Billing,0,0,3.23,0.0,9.6
2026-07-01,Wednesday,21,21:00-22:00,Chat,Technical,0,0,5.12,0.0,11.49
2026-07-01,Wednesday,21,21:00-22:00,Chat,Sales,0,0,4.42,0.0,10.79
2026-07-01,Wednesday,21,21:00-22:00,Chat,General,0,0,2.26,0.0,8.63
2026-07-01,Wednesday,21,21:00-22:00,Email,Billing,0,0,1.56,0.0,7.93
2026-07-01,Wednesday,21,21:00-22:00,Email,Technical,0,0,3.01,0.0,9.38
2026-07-01,Wednesday,21,21:00-22:00,Email,Sales,0,0,2.62,0.0,8.99
2026-07-01,Wednesday,21,21:00-22:00,Email,General,0,0,1.52,0.0,7.89
2026-07-01,Wednesday,22,22:00-23:00,Voice,Billing,0,0,4.75,0.0,11.12
2026-07-01,Wednesday,22,22:00-23:00,Voice,Technical,0,0,7.79,1.42,14.16
2026-07-01,Wednesday,22,22:00-23:00,Voice,Sales,0,0,6.81,0.44,13.18
2026-07-01,Wednesday,22,22:00-23:00,Voice,General,0,0,3.59,0.0,9.96
2026-07-01,Wednesday,22,22:00-23:00,Chat,Billing,0,0,3.17,0.0,9.54
2026-07-01,Wednesday,22,22:00-23:00,Chat,Technical,0,0,4.83,0.0,11.2
2026-07-01,Wednesday,22,22:00-23:00,Chat,Sales,0,0,4.51,0.0,10.88
2026-07-01,Wednesday,22,22:00-23:00,Chat,General,0,0,2.2,0.0,8.57
2026-07-01,Wednesday,22,22:00-23:00,Email,Billing,0,0,2.01,0.0,8.38
2026-07-01,Wednesday,22,22:00-23:00,Email,Technical,0,0,2.95,0.0,9.32
2026-07-01,Wednesday,22,22:00-23:00,Email,Sales,0,0,2.82,0.0,9.19
2026-07-01,Wednesday,22,22:00-23:00,Email,General,0,0,1.48,0.0,7.85
2026-07-01,Wednesday,23,23:00-00:00,Voice,Billing,0,0,4.77,0.0,11.14
2026-07-01,Wednesday,23,23:00-00:00,Voice,Technical,0,0,6.21,0.0,12.58
2026-07-01,Wednesday,23,23:00-00:00,Voice,Sales,0,0,6.83,0.46,13.2
2026-07-01,Wednesday,23,23:00-00:00,Voice,General,0,0,2.94,0.0,9.31
2026-07-01,Wednesday,23,23:00-00:00,Chat,Billing,0,0,2.26,0.0,8.63
2026-07-01,Wednesday,23,23:00-00:00,Chat,Technical,0,0,4.76,0.0,11.13
2026-07-01,Wednesday,23,23:00-00:00,Chat,Sales,0,0,4.39,0.0,10.76
2026-07-01,Wednesday,23,23:00-00:00,Chat,General,0,0,2.18,0.0,8.55
2026-07-01,Wednesday,23,23:00-00:00,Email,Billing,0,0,1.76,0.0,8.13
2026-07-01,Wednesday,23,23:00-00:00,Email,Technical,0,0,2.89,0.0,9.26
2026-07-01,Wednesday,23,23:00-00:00,Email,Sales,0,0,2.75,0.0,9.12
2026-07-01,Wednesday,23,23:00-00:00,Email,General,0,0,1.67,0.0,8.04
2026-07-02,Thursday,0,00:00-01:00,Voice,Billing,0,0,4.69,0.0,11.06
2026-07-02,Thursday,0,00:00-01:00,Voice,Technical,0,0,7.61,1.24,13.98
2026-07-02,Thursday,0,00:00-01:00,Voice,Sales,0,0,6.52,0.15,12.89
2026-07-02,Thursday,0,00:00-01:00,Voice,General,0,0,3.75,0.0,10.12
2026-07-02,Thursday,0,00:00-01:00,Chat,Billing,0,0,3.41,0.0,9.78
2026-07-02,Thursday,0,00:00-01:00,Chat,Technical,0,0,5.28,0.0,11.65
2026-07-02,Thursday,0,00:00-01:00,Chat,Sales,0,0,3.99,0.0,10.36
2026-07-02,Thursday,0,00:00-01:00,Chat,General,0,0,2.28,0.0,8.65
2026-07-02,Thursday,0,00:00-01:00,Email,Billing,0,0,1.92,0.0,8.29
2026-07-02,Thursday,0,00:00-01:00,Email,Technical,0,0,3.99,0.0,10.36
2026-07-02,Thursday,0,00:00-01:00,Email,Sales,0,0,3.03,0.0,9.4
2026-07-02,Thursday,0,00:00-01:00,Email,General,0,0,1.16,0.0,7.53
2026-07-02,Thursday,1,01:00-02:00,Voice,Billing,0,0,5.01,0.0,11.38
2026-07-02,Thursday,1,01:00-02:00,Voice,Technical,0,0,7.54,1.17,13.91
2026-07-02,Thursday,1,01:00-02:00,Voice,Sales,0,0,5.37,0.0,11.74
2026-07-02,Thursday,1,01:00-02:00,Voice,General,0,0,3.95,0.0,10.32
2026-07-02,Thursday,1,01:00-02:00,Chat,Billing,0,0,4.04,0.0,10.41
2026-07-02,Thursday,1,01:00-02:00,Chat,Technical,0,0,5.3,0.0,11.67
2026-07-02,Thursday,1,01:00-02:00,Chat,Sales,0,0,4.25,0.0,10.62
2026-07-02,Thursday,1,01:00-02:00,Chat,General,0,0,2.56,0.0,8.93
2026-07-02,Thursday,1,01:00-02:00,Email,Billing,0,0,2.19,0.0,8.56
2026-07-02,Thursday,1,01:00-02:00,Email,Technical,0,0,3.06,0.0,9.43
2026-07-02,Thursday,1,01:00-02:00,Email,Sales,0,0,2.88,0.0,9.25
2026-07-02,Thursday,1,01:00-02:00,Email,General,0,0,1.33,0.0,7.7
2026-07-02,Thursday,2,02:00-03:00,Voice,Billing,0,0,5.23,0.0,11.6
2026-07-02,Thursday,2,02:00-03:00,Voice,Technical,0,0,9.56,3.19,15.93
2026-07-02,Thursday,2,02:00-03:00,Voice,Sales,0,0,6.83,0.46,13.2
2026-07-02,Thursday,2,02:00-03:00,Voice,General,0,0,3.98,0.0,10.35
2026-07-02,Thursday,2,02:00-03:00,Chat,Billing,0,0,4.3,0.0,10.67
2026-07-02,Thursday,2,02:00-03:00,Chat,Technical,0,0,5.64,0.0,12.01
2026-07-02,Thursday,2,02:00-03:00,Chat,Sales,0,0,4.67,0.0,11.04
2026-07-02,Thursday,2,02:00-03:00,Chat,General,0,0,2.44,0.0,8.81
2026-07-02,Thursday,2,02:00-03:00,Email,Billing,0,0,2.25,0.0,8.62
2026-07-02,Thursday,2,02:00-03:00,Email,Technical,0,0,3.25,0.0,9.62
2026-07-02,Thursday,2,02:00-03:00,Email,Sales,0,0,2.89,0.0,9.26
2026-07-02,Thursday,2,02:00-03:00,Email,General,0,0,1.65,0.0,8.02
2026-07-02,Thursday,3,03:00-04:00,Voice,Billing,0,0,5.39,0.0,11.76
2026-07-02,Thursday,3,03:00-04:00,Voice,Technical,0,0,7.65,1.28,14.02
2026-07-02,Thursday,3,03:00-04:00,Voice,Sales,0,0,6.26,0.0,12.63
2026-07-02,Thursday,3,03:00-04:00,Voice,General,0,0,3.55,0.0,9.92
2026-07-02,Thursday,3,03:00-04:00,Chat,Billing,0,0,3.07,0.0,9.44
2026-07-02,Thursday,3,03:00-04:00,Chat,Technical,0,0,5.46,0.0,11.83
2026-07-02,Thursday,3,03:00-04:00,Chat,Sales,0,0,4.45,0.0,10.82
2026-07-02,Thursday,3,03:00-04:00,Chat,General,0,0,2.18,0.0,8.55
2026-07-02,Thursday,3,03:00-04:00,Email,Billing,0,0,2.01,0.0,8.38
2026-07-02,Thursday,3,03:00-04:00,Email,Technical,0,0,2.98,0.0,9.35
2026-07-02,Thursday,3,03:00-04:00,Email,Sales,0,0,2.79,0.0,9.16
2026-07-02,Thursday,3,03:00-04:00,Email,General,0,0,1.33,0.0,7.7
2026-07-02,Thursday,4,04:00-05:00,Voice,Billing,0,0,4.8,0.0,11.17
2026-07-02,Thursday,4,04:00-05:00,Voice,Technical,0,0,7.32,0.95,13.69
2026-07-02,Thursday,4,04:00-05:00,Voice,Sales,0,0,5.61,0.0,11.98
2026-07-02,Thursday,4,04:00-05:00,Voice,General,0,0,3.48,0.0,9.85
2026-07-02,Thursday,4,04:00-05:00,Chat,Billing,0,0,3.29,0.0,9.66
2026-07-02,Thursday,4,04:00-05:00,Chat,Technical,0,0,5.15,0.0,11.52
2026-07-02,Thursday,4,04:00-05:00,Chat,Sales,0,0,4.01,0.0,10.38
2026-07-02,Thursday,4,04:00-05:00,Chat,General,0,0,2.04,0.0,8.41
2026-07-02,Thursday,4,04:00-05:00,Email,Billing,0,0,2.13,0.0,8.5
2026-07-02,Thursday,4,04:00-05:00,Email,Technical,0,0,3.5,0.0,9.87
2026-07-02,Thursday,4,04:00-05:00,Email,Sales,0,0,2.58,0.0,8.95
2026-07-02,Thursday,4,04:00-05:00,Email,General,0,0,1.58,0.0,7.95
2026-07-02,Thursday,5,05:00-06:00,Voice,Billing,0,0,4.85,0.0,11.22
2026-07-02,Thursday,5,05:00-06:00,Voice,Technical,0,0,6.88,0.51,13.25
2026-07-02,Thursday,5,05:00-06:00,Voice,Sales,0,0,7.3,0.93,13.67
2026-07-02,Thursday,5,05:00-06:00,Voice,General,0,0,3.94,0.0,10.31
2026-07-02,Thursday,5,05:00-06:00,Chat,Billing,0,0,3.25,0.0,9.62
2026-07-02,Thursday,5,05:00-06:00,Chat,Technical,0,0,5.38,0.0,11.75
2026-07-02,Thursday,5,05:00-06:00,Chat,Sales,0,0,4.24,0.0,10.61
2026-07-02,Thursday,5,05:00-06:00,Chat,General,0,0,2.41,0.0,8.78
2026-07-02,Thursday,5,05:00-06:00,Email,Billing,0,0,2.0,0.0,8.37
2026-07-02,Thursday,5,05:00-06:00,Email,Technical,0,0,3.66,0.0,10.03
2026-07-02,Thursday,5,05:00-06:00,Email,Sales,0,0,2.36,0.0,8.73
2026-07-02,Thursday,5,05:00-06:00,Email,General,0,0,1.54,0.0,7.91
2026-07-02,Thursday,6,06:00-07:00,Voice,Billing,0,0,4.39,0.0,10.76
2026-07-02,Thursday,6,06:00-07:00,Voice,Technical,0,0,7.61,1.24,13.98
2026-07-02,Thursday,6,06:00-07:00,Voice,Sales,0,0,6.38,0.01,12.75
2026-07-02,Thursday,6,06:00-07:00,Voice,General,0,0,3.51,0.0,9.88
2026-07-02,Thursday,6,06:00-07:00,Chat,Billing,0,0,3.29,0.0,9.66
2026-07-02,Thursday,6,06:00-07:00,Chat,Technical,0,0,5.47,0.0,11.84
2026-07-02,Thursday,6,06:00-07:00,Chat,Sales,0,0,4.0,0.0,10.37
2026-07-02,Thursday,6,06:00-07:00,Chat,General,0,0,2.8,0.0,9.17
2026-07-02,Thursday,6,06:00-07:00,Email,Billing,0,0,2.14,0.0,8.51
2026-07-02,Thursday,6,06:00-07:00,Email,Technical,0,0,3.51,0.0,9.88
2026-07-02,Thursday,6,06:00-07:00,Email,Sales,0,0,2.34,0.0,8.71
2026-07-02,Thursday,6,06:00-07:00,Email,General,0,0,1.8,0.0,8.17
2026-07-02,Thursday,7,07:00-08:00,Voice,Billing,0,0,4.41,0.0,10.78
2026-07-02,Thursday,7,07:00-08:00,Voice,Technical,0,0,7.83,1.46,14.2
2026-07-02,Thursday,7,07:00-08:00,Voice,Sales,0,0,6.57,0.2,12.94
2026-07-02,Thursday,7,07:00-08:00,Voice,General,0,0,3.52,0.0,9.89
2026-07-02,Thursday,7,07:00-08:00,Chat,Billing,0,0,2.62,0.0,8.99
2026-07-02,Thursday,7,07:00-08:00,Chat,Technical,0,0,5.38,0.0,11.75
2026-07-02,Thursday,7,07:00-08:00,Chat,Sales,0,0,4.61,0.0,10.98
2026-07-02,Thursday,7,07:00-08:00,Chat,General,0,0,2.45,0.0,8.82
2026-07-02,Thursday,7,07:00-08:00,Email,Billing,0,0,1.83,0.0,8.2
2026-07-02,Thursday,7,07:00-08:00,Email,Technical,0,0,2.79,0.0,9.16
2026-07-02,Thursday,7,07:00-08:00,Email,Sales,0,0,2.18,0.0,8.55
2026-07-02,Thursday,7,07:00-08:00,Email,General,0,0,1.45,0.0,7.82
2026-07-02,Thursday,8,08:00-09:00,Voice,Billing,0,0,13.41,7.04,19.78
2026-07-02,Thursday,8,08:00-09:00,Voice,Technical,0,0,24.75,18.38,31.12
2026-07-02,Thursday,8,08:00-09:00,Voice,Sales,0,0,19.62,13.25,25.99
2026-07-02,Thursday,8,08:00-09:00,Voice,General,0,0,11.7,5.33,18.07
2026-07-02,Thursday,8,08:00-09:00,Chat,Billing,0,0,9.75,3.38,16.12
2026-07-02,Thursday,8,08:00-09:00,Chat,Technical,0,0,17.12,10.75,23.49
2026-07-02,Thursday,8,08:00-09:00,Chat,Sales,0,0,12.49,6.12,18.86
2026-07-02,Thursday,8,08:00-09:00,Chat,General,0,0,7.11,0.74,13.48
2026-07-02,Thursday,8,08:00-09:00,Email,Billing,0,0,5.62,0.0,11.99
2026-07-02,Thursday,8,08:00-09:00,Email,Technical,0,0,10.57,4.2,16.94
2026-07-02,Thursday,8,08:00-09:00,Email,Sales,0,0,7.78,1.41,14.15
2026-07-02,Thursday,8,08:00-09:00,Email,General,0,0,4.47,0.0,10.84
2026-07-02,Thursday,9,09:00-10:00,Voice,Billing,0,0,21.37,15.0,27.74
2026-07-02,Thursday,9,09:00-10:00,Voice,Technical,0,0,32.46,26.09,38.83
2026-07-02,Thursday,9,09:00-10:00,Voice,Sales,0,0,29.8,23.43,36.17
2026-07-02,Thursday,9,09:00-10:00,Voice,General,0,0,16.39,10.02,22.76
2026-07-02,Thursday,9,09:00-10:00,Chat,Billing,0,0,15.1,8.73,21.47
2026-07-02,Thursday,9,09:00-10:00,Chat,Technical,0,0,22.68,16.31,29.05
2026-07-02,Thursday,9,09:00-10:00,Chat,Sales,0,0,19.79,13.42,26.16
2026-07-02,Thursday,9,09:00-10:00,Chat,General,0,0,12.13,5.76,18.5
2026-07-02,Thursday,9,09:00-10:00,Email,Billing,0,0,8.49,2.12,14.86
2026-07-02,Thursday,9,09:00-10:00,Email,Technical,0,0,13.97,7.6,20.34
2026-07-02,Thursday,9,09:00-10:00,Email,Sales,0,0,10.93,4.56,17.3
2026-07-02,Thursday,9,09:00-10:00,Email,General,0,0,6.64,0.27,13.01
2026-07-02,Thursday,10,10:00-11:00,Voice,Billing,0,0,26.09,19.72,32.46
2026-07-02,Thursday,10,10:00-11:00,Voice,Technical,0,0,43.11,36.74,49.48
2026-07-02,Thursday,10,10:00-11:00,Voice,Sales,0,0,36.65,30.28,43.02
2026-07-02,Thursday,10,10:00-11:00,Voice,General,0,0,20.43,14.06,26.8
2026-07-02,Thursday,10,10:00-11:00,Chat,Billing,0,0,17.95,11.58,24.32
2026-07-02,Thursday,10,10:00-11:00,Chat,Technical,0,0,30.06,23.69,36.43
2026-07-02,Thursday,10,10:00-11:00,Chat,Sales,0,0,25.23,18.86,31.6
2026-07-02,Thursday,10,10:00-11:00,Chat,General,0,0,13.53,7.16,19.9
2026-07-02,Thursday,10,10:00-11:00,Email,Billing,0,0,11.8,5.43,18.17
2026-07-02,Thursday,10,10:00-11:00,Email,Technical,0,0,18.53,12.16,24.9
2026-07-02,Thursday,10,10:00-11:00,Email,Sales,0,0,15.61,9.24,21.98
2026-07-02,Thursday,10,10:00-11:00,Email,General,0,0,8.81,2.44,15.18
2026-07-02,Thursday,11,11:00-12:00,Voice,Billing,0,0,31.71,25.34,38.08
2026-07-02,Thursday,11,11:00-12:00,Voice,Technical,0,0,49.29,42.92,55.66
2026-07-02,Thursday,11,11:00-12:00,Voice,Sales,0,0,43.49,37.12,49.86
2026-07-02,Thursday,11,11:00-12:00,Voice,General,0,0,24.97,18.6,31.34
2026-07-02,Thursday,11,11:00-12:00,Chat,Billing,0,0,21.2,14.83,27.57
2026-07-02,Thursday,11,11:00-12:00,Chat,Technical,0,0,33.47,27.1,39.84
2026-07-02,Thursday,11,11:00-12:00,Chat,Sales,0,0,28.99,22.62,35.36
2026-07-02,Thursday,11,11:00-12:00,Chat,General,0,0,15.56,9.19,21.93
2026-07-02,Thursday,11,11:00-12:00,Email,Billing,0,0,12.99,6.62,19.36
2026-07-02,Thursday,11,11:00-12:00,Email,Technical,0,0,20.73,14.36,27.1
2026-07-02,Thursday,11,11:00-12:00,Email,Sales,0,0,18.29,11.92,24.66
2026-07-02,Thursday,11,11:00-12:00,Email,General,0,0,9.7,3.33,16.07
2026-07-02,Thursday,12,12:00-13:00,Voice,Billing,0,0,32.09,25.72,38.46
2026-07-02,Thursday,12,12:00-13:00,Voice,Technical,0,0,54.07,47.7,60.44
2026-07-02,Thursday,12,12:00-13:00,Voice,Sales,0,0,45.39,39.02,51.76
2026-07-02,Thursday,12,12:00-13:00,Voice,General,0,0,25.52,19.15,31.89
2026-07-02,Thursday,12,12:00-13:00,Chat,Billing,0,0,21.2,14.83,27.57
2026-07-02,Thursday,12,12:00-13:00,Chat,Technical,0,0,34.11,27.74,40.48
2026-07-02,Thursday,12,12:00-13:00,Chat,Sales,0,0,29.23,22.86,35.6
2026-07-02,Thursday,12,12:00-13:00,Chat,General,0,0,16.48,10.11,22.85
2026-07-02,Thursday,12,12:00-13:00,Email,Billing,0,0,13.49,7.12,19.86
2026-07-02,Thursday,12,12:00-13:00,Email,Technical,0,0,21.37,15.0,27.74
2026-07-02,Thursday,12,12:00-13:00,Email,Sales,0,0,18.49,12.12,24.86
2026-07-02,Thursday,12,12:00-13:00,Email,General,0,0,10.15,3.78,16.52
2026-07-02,Thursday,13,13:00-14:00,Voice,Billing,0,0,32.21,25.84,38.58
2026-07-02,Thursday,13,13:00-14:00,Voice,Technical,0,0,52.24,45.87,58.61
2026-07-02,Thursday,13,13:00-14:00,Voice,Sales,0,0,45.22,38.85,51.59
2026-07-02,Thursday,13,13:00-14:00,Voice,General,0,0,25.38,19.01,31.75
2026-07-02,Thursday,13,13:00-14:00,Chat,Billing,0,0,21.2,14.83,27.57
2026-07-02,Thursday,13,13:00-14:00,Chat,Technical,0,0,34.37,28.0,40.74
2026-07-02,Thursday,13,13:00-14:00,Chat,Sales,0,0,29.23,22.86,35.6
2026-07-02,Thursday,13,13:00-14:00,Chat,General,0,0,16.57,10.2,22.94
2026-07-02,Thursday,13,13:00-14:00,Email,Billing,0,0,13.52,7.15,19.89
2026-07-02,Thursday,13,13:00-14:00,Email,Technical,0,0,21.4,15.03,27.77
2026-07-02,Thursday,13,13:00-14:00,Email,Sales,0,0,18.49,12.12,24.86
2026-07-02,Thursday,13,13:00-14:00,Email,General,0,0,10.13,3.76,16.5
2026-07-02,Thursday,14,14:00-15:00,Voice,Billing,0,0,31.99,25.62,38.36
2026-07-02,Thursday,14,14:00-15:00,Voice,Technical,0,0,51.9,45.53,58.27
2026-07-02,Thursday,14,14:00-15:00,Voice,Sales,0,0,44.7,38.33,51.07
2026-07-02,Thursday,14,14:00-15:00,Voice,General,0,0,21.99,15.62,28.36
2026-07-02,Thursday,14,14:00-15:00,Chat,Billing,0,0,20.46,14.09,26.83
2026-07-02,Thursday,14,14:00-15:00,Chat,Technical,0,0,33.91,27.54,40.28
2026-07-02,Thursday,14,14:00-15:00,Chat,Sales,0,0,28.82,22.45,35.19
2026-07-02,Thursday,14,14:00-15:00,Chat,General,0,0,15.32,8.95,21.69
2026-07-02,Thursday,14,14:00-15:00,Email,Billing,0,0,13.46,7.09,19.83
2026-07-02,Thursday,14,14:00-15:00,Email,Technical,0,0,20.65,14.28,27.02
2026-07-02,Thursday,14,14:00-15:00,Email,Sales,0,0,18.37,12.0,24.74
2026-07-02,Thursday,14,14:00-15:00,Email,General,0,0,9.73,3.36,16.1
2026-07-02,Thursday,15,15:00-16:00,Voice,Billing,0,0,25.75,19.38,32.12
2026-07-02,Thursday,15,15:00-16:00,Voice,Technical,0,0,42.19,35.82,48.56
2026-07-02,Thursday,15,15:00-16:00,Voice,Sales,0,0,36.97,30.6,43.34
2026-07-02,Thursday,15,15:00-16:00,Voice,General,0,0,20.96,14.59,27.33
2026-07-02,Thursday,15,15:00-16:00,Chat,Billing,0,0,17.96,11.59,24.33
2026-07-02,Thursday,15,15:00-16:00,Chat,Technical,0,0,29.32,22.95,35.69
2026-07-02,Thursday,15,15:00-16:00,Chat,Sales,0,0,25.96,19.59,32.33
2026-07-02,Thursday,15,15:00-16:00,Chat,General,0,0,12.39,6.02,18.76
2026-07-02,Thursday,15,15:00-16:00,Email,Billing,0,0,9.81,3.44,16.18
2026-07-02,Thursday,15,15:00-16:00,Email,Technical,0,0,19.1,12.73,25.47
2026-07-02,Thursday,15,15:00-16:00,Email,Sales,0,0,16.42,10.05,22.79
2026-07-02,Thursday,15,15:00-16:00,Email,General,0,0,8.92,2.55,15.29
2026-07-02,Thursday,16,16:00-17:00,Voice,Billing,0,0,21.42,15.05,27.79
2026-07-02,Thursday,16,16:00-17:00,Voice,Technical,0,0,32.67,26.3,39.04
2026-07-02,Thursday,16,16:00-17:00,Voice,Sales,0,0,30.13,23.76,36.5
2026-07-02,Thursday,16,16:00-17:00,Voice,General,0,0,15.39,9.02,21.76
2026-07-02,Thursday,16,16:00-17:00,Chat,Billing,0,0,13.48,7.11,19.85
2026-07-02,Thursday,16,16:00-17:00,Chat,Technical,0,0,23.31,16.94,29.68
2026-07-02,Thursday,16,16:00-17:00,Chat,Sales,0,0,18.97,12.6,25.34
2026-07-02,Thursday,16,16:00-17:00,Chat,General,0,0,10.62,4.25,16.99
2026-07-02,Thursday,16,16:00-17:00,Email,Billing,0,0,8.9,2.53,15.27
2026-07-02,Thursday,16,16:00-17:00,Email,Technical,0,0,14.08,7.71,20.45
2026-07-02,Thursday,16,16:00-17:00,Email,Sales,0,0,11.62,5.25,17.99
2026-07-02,Thursday,16,16:00-17:00,Email,General,0,0,7.17,0.8,13.54
2026-07-02,Thursday,17,17:00-18:00,Voice,Billing,0,0,13.73,7.36,20.1
2026-07-02,Thursday,17,17:00-18:00,Voice,Technical,0,0,24.41,18.04,30.78
2026-07-02,Thursday,17,17:00-18:00,Voice,Sales,0,0,21.37,15.0,27.74
2026-07-02,Thursday,17,17:00-18:00,Voice,General,0,0,10.83,4.46,17.2
2026-07-02,Thursday,17,17:00-18:00,Chat,Billing,0,0,9.79,3.42,16.16
2026-07-02,Thursday,17,17:00-18:00,Chat,Technical,0,0,15.52,9.15,21.89
2026-07-02,Thursday,17,17:00-18:00,Chat,Sales,0,0,14.43,8.06,20.8
2026-07-02,Thursday,17,17:00-18:00,Chat,General,0,0,6.74,0.37,13.11
2026-07-02,Thursday,17,17:00-18:00,Email,Billing,0,0,5.47,0.0,11.84
2026-07-02,Thursday,17,17:00-18:00,Email,Technical,0,0,9.83,3.46,16.2
2026-07-02,Thursday,17,17:00-18:00,Email,Sales,0,0,8.27,1.9,14.64
2026-07-02,Thursday,17,17:00-18:00,Email,General,0,0,3.99,0.0,10.36
2026-07-02,Thursday,18,18:00-19:00,Voice,Billing,0,0,4.83,0.0,11.2
2026-07-02,Thursday,18,18:00-19:00,Voice,Technical,0,0,6.62,0.25,12.99
2026-07-02,Thursday,18,18:00-19:00,Voice,Sales,0,0,6.29,0.0,12.66
2026-07-02,Thursday,18,18:00-19:00,Voice,General,0,0,3.59,0.0,9.96
2026-07-02,Thursday,18,18:00-19:00,Chat,Billing,0,0,3.31,0.0,9.68
2026-07-02,Thursday,18,18:00-19:00,Chat,Technical,0,0,4.87,0.0,11.24
2026-07-02,Thursday,18,18:00-19:00,Chat,Sales,0,0,4.26,0.0,10.63
2026-07-02,Thursday,18,18:00-19:00,Chat,General,0,0,1.79,0.0,8.16
2026-07-02,Thursday,18,18:00-19:00,Email,Billing,0,0,2.14,0.0,8.51
2026-07-02,Thursday,18,18:00-19:00,Email,Technical,0,0,3.37,0.0,9.74
2026-07-02,Thursday,18,18:00-19:00,Email,Sales,0,0,2.75,0.0,9.12
2026-07-02,Thursday,18,18:00-19:00,Email,General,0,0,1.55,0.0,7.92
2026-07-02,Thursday,19,19:00-20:00,Voice,Billing,0,0,4.62,0.0,10.99
2026-07-02,Thursday,19,19:00-20:00,Voice,Technical,0,0,6.19,0.0,12.56
2026-07-02,Thursday,19,19:00-20:00,Voice,Sales,0,0,6.69,0.32,13.06
2026-07-02,Thursday,19,19:00-20:00,Voice,General,0,0,3.51,0.0,9.88
2026-07-02,Thursday,19,19:00-20:00,Chat,Billing,0,0,3.24,0.0,9.61
2026-07-02,Thursday,19,19:00-20:00,Chat,Technical,0,0,5.07,0.0,11.44
2026-07-02,Thursday,19,19:00-20:00,Chat,Sales,0,0,4.39,0.0,10.76
2026-07-02,Thursday,19,19:00-20:00,Chat,General,0,0,2.68,0.0,9.05
2026-07-02,Thursday,19,19:00-20:00,Email,Billing,0,0,2.29,0.0,8.66
2026-07-02,Thursday,19,19:00-20:00,Email,Technical,0,0,3.46,0.0,9.83
2026-07-02,Thursday,19,19:00-20:00,Email,Sales,0,0,2.7,0.0,9.07
2026-07-02,Thursday,19,19:00-20:00,Email,General,0,0,1.57,0.0,7.94
2026-07-02,Thursday,20,20:00-21:00,Voice,Billing,0,0,5.06,0.0,11.43
2026-07-02,Thursday,20,20:00-21:00,Voice,Technical,0,0,8.24,1.87,14.61
2026-07-02,Thursday,20,20:00-21:00,Voice,Sales,0,0,7.22,0.85,13.59
2026-07-02,Thursday,20,20:00-21:00,Voice,General,0,0,3.85,0.0,10.22
2026-07-02,Thursday,20,20:00-21:00,Chat,Billing,0,0,3.19,0.0,9.56
2026-07-02,Thursday,20,20:00-21:00,Chat,Technical,0,0,5.17,0.0,11.54
2026-07-02,Thursday,20,20:00-21:00,Chat,Sales,0,0,4.44,0.0,10.81
2026-07-02,Thursday,20,20:00-21:00,Chat,General,0,0,2.38,0.0,8.75
2026-07-02,Thursday,20,20:00-21:00,Email,Billing,0,0,2.44,0.0,8.81
2026-07-02,Thursday,20,20:00-21:00,Email,Technical,0,0,3.3,0.0,9.67
2026-07-02,Thursday,20,20:00-21:00,Email,Sales,0,0,2.61,0.0,8.98
2026-07-02,Thursday,20,20:00-21:00,Email,General,0,0,1.58,0.0,7.95
2026-07-02,Thursday,21,21:00-22:00,Voice,Billing,0,0,4.33,0.0,10.7
2026-07-02,Thursday,21,21:00-22:00,Voice,Technical,0,0,7.98,1.61,14.35
2026-07-02,Thursday,21,21:00-22:00,Voice,Sales,0,0,6.24,0.0,12.61
2026-07-02,Thursday,21,21:00-22:00,Voice,General,0,0,3.55,0.0,9.92
2026-07-02,Thursday,21,21:00-22:00,Chat,Billing,0,0,3.23,0.0,9.6
2026-07-02,Thursday,21,21:00-22:00,Chat,Technical,0,0,4.66,0.0,11.03
2026-07-02,Thursday,21,21:00-22:00,Chat,Sales,0,0,4.33,0.0,10.7
2026-07-02,Thursday,21,21:00-22:00,Chat,General,0,0,2.24,0.0,8.61
2026-07-02,Thursday,21,21:00-22:00,Email,Billing,0,0,2.33,0.0,8.7
2026-07-02,Thursday,21,21:00-22:00,Email,Technical,0,0,3.36,0.0,9.73
2026-07-02,Thursday,21,21:00-22:00,Email,Sales,0,0,2.54,0.0,8.91
2026-07-02,Thursday,21,21:00-22:00,Email,General,0,0,1.53,0.0,7.9
2026-07-02,Thursday,22,22:00-23:00,Voice,Billing,0,0,4.49,0.0,10.86
2026-07-02,Thursday,22,22:00-23:00,Voice,Technical,0,0,7.94,1.57,14.31
2026-07-02,Thursday,22,22:00-23:00,Voice,Sales,0,0,6.5,0.13,12.87
2026-07-02,Thursday,22,22:00-23:00,Voice,General,0,0,3.62,0.0,9.99
2026-07-02,Thursday,22,22:00-23:00,Chat,Billing,0,0,3.25,0.0,9.62
2026-07-02,Thursday,22,22:00-23:00,Chat,Technical,0,0,4.88,0.0,11.25
2026-07-02,Thursday,22,22:00-23:00,Chat,Sales,0,0,4.44,0.0,10.81
2026-07-02,Thursday,22,22:00-23:00,Chat,General,0,0,2.45,0.0,8.82
2026-07-02,Thursday,22,22:00-23:00,Email,Billing,0,0,2.35,0.0,8.72
2026-07-02,Thursday,22,22:00-23:00,Email,Technical,0,0,3.45,0.0,9.82
2026-07-02,Thursday,22,22:00-23:00,Email,Sales,0,0,2.77,0.0,9.14
2026-07-02,Thursday,22,22:00-23:00,Email,General,0,0,1.32,0.0,7.69
2026-07-02,Thursday,23,23:00-00:00,Voice,Billing,0,0,4.32,0.0,10.69
2026-07-02,Thursday,23,23:00-00:00,Voice,Technical,0,0,6.62,0.25,12.99
2026-07-02,Thursday,23,23:00-00:00,Voice,Sales,0,0,6.45,0.08,12.82
2026-07-02,Thursday,23,23:00-00:00,Voice,General,0,0,2.96,0.0,9.33
2026-07-02,Thursday,23,23:00-00:00,Chat,Billing,0,0,2.92,0.0,9.29
2026-07-02,Thursday,23,23:00-00:00,Chat,Technical,0,0,4.6,0.0,10.97
2026-07-02,Thursday,23,23:00-00:00,Chat,Sales,0,0,4.31,0.0,10.68
2026-07-02,Thursday,23,23:00-00:00,Chat,General,0,0,2.26,0.0,8.63
2026-07-02,Thursday,23,23:00-00:00,Email,Billing,0,0,2.02,0.0,8.39
2026-07-02,Thursday,23,23:00-00:00,Email,Technical,0,0,3.49,0.0,9.86
2026-07-02,Thursday,23,23:00-00:00,Email,Sales,0,0,2.63,0.0,9.0
2026-07-02,Thursday,23,23:00-00:00,Email,General,0,0,1.56,0.0,7.93
2026-07-03,Friday,0,00:00-01:00,Voice,Billing,0,0,4.69,0.0,11.06
2026-07-03,Friday,0,00:00-01:00,Voice,Technical,0,0,7.73,1.36,14.1
2026-07-03,Friday,0,00:00-01:00,Voice,Sales,0,0,5.98,0.0,12.35
2026-07-03,Friday,0,00:00-01:00,Voice,General,0,0,3.71,0.0,10.08
2026-07-03,Friday,0,00:00-01:00,Chat,Billing,0,0,3.21,0.0,9.58
2026-07-03,Friday,0,00:00-01:00,Chat,Technical,0,0,4.37,0.0,10.74
2026-07-03,Friday,0,00:00-01:00,Chat,Sales,0,0,4.64,0.0,11.01
2026-07-03,Friday,0,00:00-01:00,Chat,General,0,0,2.13,0.0,8.5
2026-07-03,Friday,0,00:00-01:00,Email,Billing,0,0,2.04,0.0,8.41
2026-07-03,Friday,0,00:00-01:00,Email,Technical,0,0,3.73,0.0,10.1
2026-07-03,Friday,0,00:00-01:00,Email,Sales,0,0,2.64,0.0,9.01
2026-07-03,Friday,0,00:00-01:00,Email,General,0,0,1.3,0.0,7.67
2026-07-03,Friday,1,01:00-02:00,Voice,Billing,0,0,4.19,0.0,10.56
2026-07-03,Friday,1,01:00-02:00,Voice,Technical,0,0,7.34,0.97,13.71
2026-07-03,Friday,1,01:00-02:00,Voice,Sales,0,0,5.87,0.0,12.24
2026-07-03,Friday,1,01:00-02:00,Voice,General,0,0,4.17,0.0,10.54
2026-07-03,Friday,1,01:00-02:00,Chat,Billing,0,0,3.41,0.0,9.78
2026-07-03,Friday,1,01:00-02:00,Chat,Technical,0,0,4.72,0.0,11.09
2026-07-03,Friday,1,01:00-02:00,Chat,Sales,0,0,3.56,0.0,9.93
2026-07-03,Friday,1,01:00-02:00,Chat,General,0,0,2.19,0.0,8.56
2026-07-03,Friday,1,01:00-02:00,Email,Billing,0,0,1.9,0.0,8.27
2026-07-03,Friday,1,01:00-02:00,Email,Technical,0,0,2.96,0.0,9.33
2026-07-03,Friday,1,01:00-02:00,Email,Sales,0,0,2.29,0.0,8.66
2026-07-03,Friday,1,01:00-02:00,Email,General,0,0,1.43,0.0,7.8
2026-07-03,Friday,2,02:00-03:00,Voice,Billing,0,0,4.95,0.0,11.32
2026-07-03,Friday,2,02:00-03:00,Voice,Technical,0,0,8.96,2.59,15.33
2026-07-03,Friday,2,02:00-03:00,Voice,Sales,0,0,6.67,0.3,13.04
2026-07-03,Friday,2,02:00-03:00,Voice,General,0,0,4.12,0.0,10.49
2026-07-03,Friday,2,02:00-03:00,Chat,Billing,0,0,3.22,0.0,9.59
2026-07-03,Friday,2,02:00-03:00,Chat,Technical,0,0,4.83,0.0,11.2
2026-07-03,Friday,2,02:00-03:00,Chat,Sales,0,0,4.1,0.0,10.47
2026-07-03,Friday,2,02:00-03:00,Chat,General,0,0,2.66,0.0,9.03
2026-07-03,Friday,2,02:00-03:00,Email,Billing,0,0,2.0,0.0,8.37
2026-07-03,Friday,2,02:00-03:00,Email,Technical,0,0,2.98,0.0,9.35
2026-07-03,Friday,2,02:00-03:00,Email,Sales,0,0,2.87,0.0,9.24
2026-07-03,Friday,2,02:00-03:00,Email,General,0,0,1.4,0.0,7.77
2026-07-03,Friday,3,03:00-04:00,Voice,Billing,0,0,5.94,0.0,12.31
2026-07-03,Friday,3,03:00-04:00,Voice,Technical,0,0,7.89,1.52,14.26
2026-07-03,Friday,3,03:00-04:00,Voice,Sales,0,0,7.25,0.88,13.62
2026-07-03,Friday,3,03:00-04:00,Voice,General,0,0,3.23,0.0,9.6
2026-07-03,Friday,3,03:00-04:00,Chat,Billing,0,0,3.01,0.0,9.38
2026-07-03,Friday,3,03:00-04:00,Chat,Technical,0,0,4.57,0.0,10.94
2026-07-03,Friday,3,03:00-04:00,Chat,Sales,0,0,4.09,0.0,10.46
2026-07-03,Friday,3,03:00-04:00,Chat,General,0,0,2.33,0.0,8.7
2026-07-03,Friday,3,03:00-04:00,Email,Billing,0,0,2.11,0.0,8.48
2026-07-03,Friday,3,03:00-04:00,Email,Technical,0,0,3.06,0.0,9.43
2026-07-03,Friday,3,03:00-04:00,Email,Sales,0,0,2.82,0.0,9.19
2026-07-03,Friday,3,03:00-04:00,Email,General,0,0,1.2,0.0,7.57
2026-07-03,Friday,4,04:00-05:00,Voice,Billing,0,0,4.75,0.0,11.12
2026-07-03,Friday,4,04:00-05:00,Voice,Technical,0,0,9.01,2.64,15.38
2026-07-03,Friday,4,04:00-05:00,Voice,Sales,0,0,7.34,0.97,13.71
2026-07-03,Friday,4,04:00-05:00,Voice,General,0,0,3.96,0.0,10.33
2026-07-03,Friday,4,04:00-05:00,Chat,Billing,0,0,3.24,0.0,9.61
2026-07-03,Friday,4,04:00-05:00,Chat,Technical,0,0,5.64,0.0,12.01
2026-07-03,Friday,4,04:00-05:00,Chat,Sales,0,0,4.42,0.0,10.79
2026-07-03,Friday,4,04:00-05:00,Chat,General,0,0,2.54,0.0,8.91
2026-07-03,Friday,4,04:00-05:00,Email,Billing,0,0,2.46,0.0,8.83
2026-07-03,Friday,4,04:00-05:00,Email,Technical,0,0,3.22,0.0,9.59
2026-07-03,Friday,4,04:00-05:00,Email,Sales,0,0,3.15,0.0,9.52
2026-07-03,Friday,4,04:00-05:00,Email,General,0,0,1.82,0.0,8.19
2026-07-03,Friday,5,05:00-06:00,Voice,Billing,0,0,4.89,0.0,11.26
2026-07-03,Friday,5,05:00-06:00,Voice,Technical,0,0,7.67,1.3,14.04
2026-07-03,Friday,5,05:00-06:00,Voice,Sales,0,0,7.33,0.96,13.7
2026-07-03,Friday,5,05:00-06:00,Voice,General,0,0,3.81,0.0,10.18
2026-07-03,Friday,5,05:00-06:00,Chat,Billing,0,0,3.31,0.0,9.68
2026-07-03,Friday,5,05:00-06:00,Chat,Technical,0,0,5.18,0.0,11.55
2026-07-03,Friday,5,05:00-06:00,Chat,Sales,0,0,3.9,0.0,10.27
2026-07-03,Friday,5,05:00-06:00,Chat,General,0,0,2.42,0.0,8.79
2026-07-03,Friday,5,05:00-06:00,Email,Billing,0,0,1.84,0.0,8.21
2026-07-03,Friday,5,05:00-06:00,Email,Technical,0,0,3.13,0.0,9.5
2026-07-03,Friday,5,05:00-06:00,Email,Sales,0,0,2.63,0.0,9.0
2026-07-03,Friday,5,05:00-06:00,Email,General,0,0,1.68,0.0,8.05
2026-07-03,Friday,6,06:00-07:00,Voice,Billing,0,0,4.74,0.0,11.11
2026-07-03,Friday,6,06:00-07:00,Voice,Technical,0,0,8.66,2.29,15.03
2026-07-03,Friday,6,06:00-07:00,Voice,Sales,0,0,7.27,0.9,13.64
2026-07-03,Friday,6,06:00-07:00,Voice,General,0,0,3.84,0.0,10.21
2026-07-03,Friday,6,06:00-07:00,Chat,Billing,0,0,3.23,0.0,9.6
2026-07-03,Friday,6,06:00-07:00,Chat,Technical,0,0,5.8,0.0,12.17
2026-07-03,Friday,6,06:00-07:00,Chat,Sales,0,0,4.22,0.0,10.59
2026-07-03,Friday,6,06:00-07:00,Chat,General,0,0,2.44,0.0,8.81
2026-07-03,Friday,6,06:00-07:00,Email,Billing,0,0,1.99,0.0,8.36
2026-07-03,Friday,6,06:00-07:00,Email,Technical,0,0,3.25,0.0,9.62
2026-07-03,Friday,6,06:00-07:00,Email,Sales,0,0,2.53,0.0,8.9
2026-07-03,Friday,6,06:00-07:00,Email,General,0,0,1.43,0.0,7.8
2026-07-03,Friday,7,07:00-08:00,Voice,Billing,0,0,5.7,0.0,12.07
2026-07-03,Friday,7,07:00-08:00,Voice,Technical,0,0,7.77,1.4,14.14
2026-07-03,Friday,7,07:00-08:00,Voice,Sales,0,0,7.13,0.76,13.5
2026-07-03,Friday,7,07:00-08:00,Voice,General,0,0,4.11,0.0,10.48
2026-07-03,Friday,7,07:00-08:00,Chat,Billing,0,0,3.43,0.0,9.8
2026-07-03,Friday,7,07:00-08:00,Chat,Technical,0,0,5.79,0.0,12.16
2026-07-03,Friday,7,07:00-08:00,Chat,Sales,0,0,4.06,0.0,10.43
2026-07-03,Friday,7,07:00-08:00,Chat,General,0,0,2.88,0.0,9.25
2026-07-03,Friday,7,07:00-08:00,Email,Billing,0,0,2.72,0.0,9.09
2026-07-03,Friday,7,07:00-08:00,Email,Technical,0,0,3.01,0.0,9.38
2026-07-03,Friday,7,07:00-08:00,Email,Sales,0,0,2.29,0.0,8.66
2026-07-03,Friday,7,07:00-08:00,Email,General,0,0,1.47,0.0,7.84
2026-07-03,Friday,8,08:00-09:00,Voice,Billing,0,0,15.94,9.57,22.31
2026-07-03,Friday,8,08:00-09:00,Voice,Technical,0,0,23.73,17.36,30.1
2026-07-03,Friday,8,08:00-09:00,Voice,Sales,0,0,20.55,14.18,26.92
2026-07-03,Friday,8,08:00-09:00,Voice,General,0,0,11.49,5.12,17.86
2026-07-03,Friday,8,08:00-09:00,Chat,Billing,0,0,10.28,3.91,16.65
2026-07-03,Friday,8,08:00-09:00,Chat,Technical,0,0,15.7,9.33,22.07
2026-07-03,Friday,8,08:00-09:00,Chat,Sales,0,0,13.39,7.02,19.76
2026-07-03,Friday,8,08:00-09:00,Chat,General,0,0,7.3,0.93,13.67
2026-07-03,Friday,8,08:00-09:00,Email,Billing,0,0,6.06,0.0,12.43
2026-07-03,Friday,8,08:00-09:00,Email,Technical,0,0,8.84,2.47,15.21
2026-07-03,Friday,8,08:00-09:00,Email,Sales,0,0,8.44,2.07,14.81
2026-07-03,Friday,8,08:00-09:00,Email,General,0,0,4.94,0.0,11.31
2026-07-03,Friday,9,09:00-10:00,Voice,Billing,0,0,20.17,13.8,26.54
2026-07-03,Friday,9,09:00-10:00,Voice,Technical,0,0,32.72,26.35,39.09
2026-07-03,Friday,9,09:00-10:00,Voice,Sales,0,0,27.29,20.92,33.66
2026-07-03,Friday,9,09:00-10:00,Voice,General,0,0,16.96,10.59,23.33
2026-07-03,Friday,9,09:00-10:00,Chat,Billing,0,0,14.23,7.86,20.6
2026-07-03,Friday,9,09:00-10:00,Chat,Technical,0,0,22.33,15.96,28.7
2026-07-03,Friday,9,09:00-10:00,Chat,Sales,0,0,19.14,12.77,25.51
2026-07-03,Friday,9,09:00-10:00,Chat,General,0,0,11.07,4.7,17.44
2026-07-03,Friday,9,09:00-10:00,Email,Billing,0,0,9.37,3.0,15.74
2026-07-03,Friday,9,09:00-10:00,Email,Technical,0,0,14.46,8.09,20.83
2026-07-03,Friday,9,09:00-10:00,Email,Sales,0,0,12.12,5.75,18.49
2026-07-03,Friday,9,09:00-10:00,Email,General,0,0,6.62,0.25,12.99
2026-07-03,Friday,10,10:00-11:00,Voice,Billing,0,0,26.04,19.67,32.41
2026-07-03,Friday,10,10:00-11:00,Voice,Technical,0,0,42.71,36.34,49.08
2026-07-03,Friday,10,10:00-11:00,Voice,Sales,0,0,37.23,30.86,43.6
2026-07-03,Friday,10,10:00-11:00,Voice,General,0,0,20.46,14.09,26.83
2026-07-03,Friday,10,10:00-11:00,Chat,Billing,0,0,17.71,11.34,24.08
2026-07-03,Friday,10,10:00-11:00,Chat,Technical,0,0,30.1,23.73,36.47
2026-07-03,Friday,10,10:00-11:00,Chat,Sales,0,0,24.59,18.22,30.96
2026-07-03,Friday,10,10:00-11:00,Chat,General,0,0,13.41,7.04,19.78
2026-07-03,Friday,10,10:00-11:00,Email,Billing,0,0,11.94,5.57,18.31
2026-07-03,Friday,10,10:00-11:00,Email,Technical,0,0,19.13,12.76,25.5
2026-07-03,Friday,10,10:00-11:00,Email,Sales,0,0,15.28,8.91,21.65
2026-07-03,Friday,10,10:00-11:00,Email,General,0,0,8.34,1.97,14.71
2026-07-03,Friday,11,11:00-12:00,Voice,Billing,0,0,31.69,25.32,38.06
2026-07-03,Friday,11,11:00-12:00,Voice,Technical,0,0,49.38,43.01,55.75
2026-07-03,Friday,11,11:00-12:00,Voice,Sales,0,0,43.46,37.09,49.83
2026-07-03,Friday,11,11:00-12:00,Voice,General,0,0,24.7,18.33,31.07
2026-07-03,Friday,11,11:00-12:00,Chat,Billing,0,0,21.16,14.79,27.53
2026-07-03,Friday,11,11:00-12:00,Chat,Technical,0,0,33.65,27.28,40.02
2026-07-03,Friday,11,11:00-12:00,Chat,Sales,0,0,28.88,22.51,35.25
2026-07-03,Friday,11,11:00-12:00,Chat,General,0,0,15.69,9.32,22.06
2026-07-03,Friday,11,11:00-12:00,Email,Billing,0,0,12.87,6.5,19.24
2026-07-03,Friday,11,11:00-12:00,Email,Technical,0,0,20.94,14.57,27.31
2026-07-03,Friday,11,11:00-12:00,Email,Sales,0,0,18.25,11.88,24.62
2026-07-03,Friday,11,11:00-12:00,Email,General,0,0,9.64,3.27,16.01
2026-07-03,Friday,12,12:00-13:00,Voice,Billing,0,0,32.11,25.74,38.48
2026-07-03,Friday,12,12:00-13:00,Voice,Technical,0,0,54.02,47.65,60.39
2026-07-03,Friday,12,12:00-13:00,Voice,Sales,0,0,45.4,39.03,51.77
2026-07-03,Friday,12,12:00-13:00,Voice,General,0,0,25.74,19.37,32.11
2026-07-03,Friday,12,12:00-13:00,Chat,Billing,0,0,21.16,14.79,27.53
2026-07-03,Friday,12,12:00-13:00,Chat,Technical,0,0,34.22,27.85,40.59
2026-07-03,Friday,12,12:00-13:00,Chat,Sales,0,0,29.12,22.75,35.49
2026-07-03,Friday,12,12:00-13:00,Chat,General,0,0,16.53,10.16,22.9
2026-07-03,Friday,12,12:00-13:00,Email,Billing,0,0,13.38,7.01,19.75
2026-07-03,Friday,12,12:00-13:00,Email,Technical,0,0,21.57,15.2,27.94
2026-07-03,Friday,12,12:00-13:00,Email,Sales,0,0,18.46,12.09,24.83
2026-07-03,Friday,12,12:00-13:00,Email,General,0,0,10.13,3.76,16.5
2026-07-03,Friday,13,13:00-14:00,Voice,Billing,0,0,32.22,25.85,38.59
2026-07-03,Friday,13,13:00-14:00,Voice,Technical,0,0,52.82,46.45,59.19
2026-07-03,Friday,13,13:00-14:00,Voice,Sales,0,0,45.18,38.81,51.55
2026-07-03,Friday,13,13:00-14:00,Voice,General,0,0,25.64,19.27,32.01
2026-07-03,Friday,13,13:00-14:00,Chat,Billing,0,0,21.16,14.79,27.53
2026-07-03,Friday,13,13:00-14:00,Chat,Technical,0,0,34.48,28.11,40.85
2026-07-03,Friday,13,13:00-14:00,Chat,Sales,0,0,29.12,22.75,35.49
2026-07-03,Friday,13,13:00-14:00,Chat,General,0,0,16.62,10.25,22.99
2026-07-03,Friday,13,13:00-14:00,Email,Billing,0,0,13.41,7.04,19.78
2026-07-03,Friday,13,13:00-14:00,Email,Technical,0,0,21.57,15.2,27.94
2026-07-03,Friday,13,13:00-14:00,Email,Sales,0,0,18.46,12.09,24.83
2026-07-03,Friday,13,13:00-14:00,Email,General,0,0,10.1,3.73,16.47
2026-07-03,Friday,14,14:00-15:00,Voice,Billing,0,0,32.0,25.63,38.37
2026-07-03,Friday,14,14:00-15:00,Voice,Technical,0,0,52.67,46.3,59.04
2026-07-03,Friday,14,14:00-15:00,Voice,Sales,0,0,44.53,38.16,50.9
2026-07-03,Friday,14,14:00-15:00,Voice,General,0,0,22.99,16.62,29.36
2026-07-03,Friday,14,14:00-15:00,Chat,Billing,0,0,20.43,14.06,26.8
2026-07-03,Friday,14,14:00-15:00,Chat,Technical,0,0,34.23,27.86,40.6
2026-07-03,Friday,14,14:00-15:00,Chat,Sales,0,0,28.71,22.34,35.08
2026-07-03,Friday,14,14:00-15:00,Chat,General,0,0,15.49,9.12,21.86
2026-07-03,Friday,14,14:00-15:00,Email,Billing,0,0,13.35,6.98,19.72
2026-07-03,Friday,14,14:00-15:00,Email,Technical,0,0,20.71,14.34,27.08
2026-07-03,Friday,14,14:00-15:00,Email,Sales,0,0,18.33,11.96,24.7
2026-07-03,Friday,14,14:00-15:00,Email,General,0,0,9.82,3.45,16.19
2026-07-03,Friday,15,15:00-16:00,Voice,Billing,0,0,26.82,20.45,33.19
2026-07-03,Friday,15,15:00-16:00,Voice,Technical,0,0,43.88,37.51,50.25
2026-07-03,Friday,15,15:00-16:00,Voice,Sales,0,0,35.01,28.64,41.38
2026-07-03,Friday,15,15:00-16:00,Voice,General,0,0,21.11,14.74,27.48
2026-07-03,Friday,15,15:00-16:00,Chat,Billing,0,0,17.62,11.25,23.99
2026-07-03,Friday,15,15:00-16:00,Chat,Technical,0,0,30.29,23.92,36.66
2026-07-03,Friday,15,15:00-16:00,Chat,Sales,0,0,26.1,19.73,32.47
2026-07-03,Friday,15,15:00-16:00,Chat,General,0,0,12.28,5.91,18.65
2026-07-03,Friday,15,15:00-16:00,Email,Billing,0,0,10.09,3.72,16.46
2026-07-03,Friday,15,15:00-16:00,Email,Technical,0,0,19.11,12.74,25.48
2026-07-03,Friday,15,15:00-16:00,Email,Sales,0,0,16.69,10.32,23.06
2026-07-03,Friday,15,15:00-16:00,Email,General,0,0,8.58,2.21,14.95
2026-07-03,Friday,16,16:00-17:00,Voice,Billing,0,0,20.69,14.32,27.06
2026-07-03,Friday,16,16:00-17:00,Voice,Technical,0,0,34.55,28.18,40.92
2026-07-03,Friday,16,16:00-17:00,Voice,Sales,0,0,29.49,23.12,35.86
2026-07-03,Friday,16,16:00-17:00,Voice,General,0,0,16.66,10.29,23.03
2026-07-03,Friday,16,16:00-17:00,Chat,Billing,0,0,13.63,7.26,20.0
2026-07-03,Friday,16,16:00-17:00,Chat,Technical,0,0,23.54,17.17,29.91
2026-07-03,Friday,16,16:00-17:00,Chat,Sales,0,0,18.89,12.52,25.26
2026-07-03,Friday,16,16:00-17:00,Chat,General,0,0,10.4,4.03,16.77
2026-07-03,Friday,16,16:00-17:00,Email,Billing,0,0,9.49,3.12,15.86
2026-07-03,Friday,16,16:00-17:00,Email,Technical,0,0,13.82,7.45,20.19
2026-07-03,Friday,16,16:00-17:00,Email,Sales,0,0,11.85,5.48,18.22
2026-07-03,Friday,16,16:00-17:00,Email,General,0,0,7.39,1.02,13.76
2026-07-03,Friday,17,17:00-18:00,Voice,Billing,0,0,14.76,8.39,21.13
2026-07-03,Friday,17,17:00-18:00,Voice,Technical,0,0,24.08,17.71,30.45
2026-07-03,Friday,17,17:00-18:00,Voice,Sales,0,0,19.91,13.54,26.28
2026-07-03,Friday,17,17:00-18:00,Voice,General,0,0,12.62,6.25,18.99
2026-07-03,Friday,17,17:00-18:00,Chat,Billing,0,0,9.18,2.81,15.55
2026-07-03,Friday,17,17:00-18:00,Chat,Technical,0,0,17.57,11.2,23.94
2026-07-03,Friday,17,17:00-18:00,Chat,Sales,0,0,13.25,6.88,19.62
2026-07-03,Friday,17,17:00-18:00,Chat,General,0,0,8.48,2.11,14.85
2026-07-03,Friday,17,17:00-18:00,Email,Billing,0,0,5.64,0.0,12.01
2026-07-03,Friday,17,17:00-18:00,Email,Technical,0,0,10.11,3.74,16.48
2026-07-03,Friday,17,17:00-18:00,Email,Sales,0,0,7.84,1.47,14.21
2026-07-03,Friday,17,17:00-18:00,Email,General,0,0,3.66,0.0,10.03
2026-07-03,Friday,18,18:00-19:00,Voice,Billing,0,0,5.11,0.0,11.48
2026-07-03,Friday,18,18:00-19:00,Voice,Technical,0,0,7.02,0.65,13.39
2026-07-03,Friday,18,18:00-19:00,Voice,Sales,0,0,6.98,0.61,13.35
2026-07-03,Friday,18,18:00-19:00,Voice,General,0,0,3.75,0.0,10.12
2026-07-03,Friday,18,18:00-19:00,Chat,Billing,0,0,3.4,0.0,9.77
2026-07-03,Friday,18,18:00-19:00,Chat,Technical,0,0,5.18,0.0,11.55
2026-07-03,Friday,18,18:00-19:00,Chat,Sales,0,0,4.28,0.0,10.65
2026-07-03,Friday,18,18:00-19:00,Chat,General,0,0,2.07,0.0,8.44
2026-07-03,Friday,18,18:00-19:00,Email,Billing,0,0,2.17,0.0,8.54
2026-07-03,Friday,18,18:00-19:00,Email,Technical,0,0,3.42,0.0,9.79
2026-07-03,Friday,18,18:00-19:00,Email,Sales,0,0,3.04,0.0,9.41
2026-07-03,Friday,18,18:00-19:00,Email,General,0,0,1.49,0.0,7.86
2026-07-03,Friday,19,19:00-20:00,Voice,Billing,0,0,5.31,0.0,11.68
2026-07-03,Friday,19,19:00-20:00,Voice,Technical,0,0,7.62,1.25,13.99
2026-07-03,Friday,19,19:00-20:00,Voice,Sales,0,0,6.99,0.62,13.36
2026-07-03,Friday,19,19:00-20:00,Voice,General,0,0,3.99,0.0,10.36
2026-07-03,Friday,19,19:00-20:00,Chat,Billing,0,0,3.5,0.0,9.87
2026-07-03,Friday,19,19:00-20:00,Chat,Technical,0,0,5.08,0.0,11.45
2026-07-03,Friday,19,19:00-20:00,Chat,Sales,0,0,4.43,0.0,10.8
2026-07-03,Friday,19,19:00-20:00,Chat,General,0,0,2.43,0.0,8.8
2026-07-03,Friday,19,19:00-20:00,Email,Billing,0,0,2.23,0.0,8.6
2026-07-03,Friday,19,19:00-20:00,Email,Technical,0,0,3.35,0.0,9.72
2026-07-03,Friday,19,19:00-20:00,Email,Sales,0,0,2.97,0.0,9.34
2026-07-03,Friday,19,19:00-20:00,Email,General,0,0,1.6,0.0,7.97
2026-07-03,Friday,20,20:00-21:00,Voice,Billing,0,0,4.7,0.0,11.07
2026-07-03,Friday,20,20:00-21:00,Voice,Technical,0,0,8.46,2.09,14.83
2026-07-03,Friday,20,20:00-21:00,Voice,Sales,0,0,7.0,0.63,13.37
2026-07-03,Friday,20,20:00-21:00,Voice,General,0,0,3.95,0.0,10.32
2026-07-03,Friday,20,20:00-21:00,Chat,Billing,0,0,3.61,0.0,9.98
2026-07-03,Friday,20,20:00-21:00,Chat,Technical,0,0,5.34,0.0,11.71
2026-07-03,Friday,20,20:00-21:00,Chat,Sales,0,0,4.48,0.0,10.85
2026-07-03,Friday,20,20:00-21:00,Chat,General,0,0,2.6,0.0,8.97
2026-07-03,Friday,20,20:00-21:00,Email,Billing,0,0,2.35,0.0,8.72
2026-07-03,Friday,20,20:00-21:00,Email,Technical,0,0,3.18,0.0,9.55
2026-07-03,Friday,20,20:00-21:00,Email,Sales,0,0,2.75,0.0,9.12
2026-07-03,Friday,20,20:00-21:00,Email,General,0,0,1.5,0.0,7.87
2026-07-03,Friday,21,21:00-22:00,Voice,Billing,0,0,4.48,0.0,10.85
2026-07-03,Friday,21,21:00-22:00,Voice,Technical,0,0,8.38,2.01,14.75
2026-07-03,Friday,21,21:00-22:00,Voice,Sales,0,0,6.17,0.0,12.54
2026-07-03,Friday,21,21:00-22:00,Voice,General,0,0,3.77,0.0,10.14
2026-07-03,Friday,21,21:00-22:00,Chat,Billing,0,0,3.5,0.0,9.87
2026-07-03,Friday,21,21:00-22:00,Chat,Technical,0,0,5.36,0.0,11.73
2026-07-03,Friday,21,21:00-22:00,Chat,Sales,0,0,4.38,0.0,10.75
2026-07-03,Friday,21,21:00-22:00,Chat,General,0,0,2.32,0.0,8.69
2026-07-03,Friday,21,21:00-22:00,Email,Billing,0,0,2.27,0.0,8.64
2026-07-03,Friday,21,21:00-22:00,Email,Technical,0,0,3.24,0.0,9.61
2026-07-03,Friday,21,21:00-22:00,Email,Sales,0,0,2.61,0.0,8.98
2026-07-03,Friday,21,21:00-22:00,Email,General,0,0,1.51,0.0,7.88
2026-07-03,Friday,22,22:00-23:00,Voice,Billing,0,0,4.93,0.0,11.3
2026-07-03,Friday,22,22:00-23:00,Voice,Technical,0,0,8.03,1.66,14.4
2026-07-03,Friday,22,22:00-23:00,Voice,Sales,0,0,6.31,0.0,12.68
2026-07-03,Friday,22,22:00-23:00,Voice,General,0,0,3.28,0.0,9.65
2026-07-03,Friday,22,22:00-23:00,Chat,Billing,0,0,3.32,0.0,9.69
2026-07-03,Friday,22,22:00-23:00,Chat,Technical,0,0,5.34,0.0,11.71
2026-07-03,Friday,22,22:00-23:00,Chat,Sales,0,0,4.38,0.0,10.75
2026-07-03,Friday,22,22:00-23:00,Chat,General,0,0,2.49,0.0,8.86
2026-07-03,Friday,22,22:00-23:00,Email,Billing,0,0,2.29,0.0,8.66
2026-07-03,Friday,22,22:00-23:00,Email,Technical,0,0,3.21,0.0,9.58
2026-07-03,Friday,22,22:00-23:00,Email,Sales,0,0,2.81,0.0,9.18
2026-07-03,Friday,22,22:00-23:00,Email,General,0,0,1.51,0.0,7.88
2026-07-03,Friday,23,23:00-00:00,Voice,Billing,0,0,4.71,0.0,11.08
2026-07-03,Friday,23,23:00-00:00,Voice,Technical,0,0,6.8,0.43,13.17
2026-07-03,Friday,23,23:00-00:00,Voice,Sales,0,0,6.2,0.0,12.57
2026-07-03,Friday,23,23:00-00:00,Voice,General,0,0,3.54,0.0,9.91
2026-07-03,Friday,23,23:00-00:00,Chat,Billing,0,0,3.26,0.0,9.63
2026-07-03,Friday,23,23:00-00:00,Chat,Technical,0,0,5.11,0.0,11.48
2026-07-03,Friday,23,23:00-00:00,Chat,Sales,0,0,4.25,0.0,10.62
2026-07-03,Friday,23,23:00-00:00,Chat,General,0,0,2.41,0.0,8.78
2026-07-03,Friday,23,23:00-00:00,Email,Billing,0,0,2.04,0.0,8.41
2026-07-03,Friday,23,23:00-00:00,Email,Technical,0,0,2.99,0.0,9.36
2026-07-03,Friday,23,23:00-00:00,Email,Sales,0,0,2.68,0.0,9.05
2026-07-03,Friday,23,23:00-00:00,Email,General,0,0,1.64,0.0,8.01
2026-07-04,Saturday,0,00:00-01:00,Voice,Billing,0,1,2.7,0.0,9.07
2026-07-04,Saturday,0,00:00-01:00,Voice,Technical,0,1,3.69,0.0,10.06
2026-07-04,Saturday,0,00:00-01:00,Voice,Sales,0,1,3.36,0.0,9.73
2026-07-04,Saturday,0,00:00-01:00,Voice,General,0,1,1.67,0.0,8.04
2026-07-04,Saturday,0,00:00-01:00,Chat,Billing,0,1,1.89,0.0,8.26
2026-07-04,Saturday,0,00:00-01:00,Chat,Technical,0,1,2.37,0.0,8.74
2026-07-04,Saturday,0,00:00-01:00,Chat,Sales,0,1,2.39,0.0,8.76
2026-07-04,Saturday,0,00:00-01:00,Chat,General,0,1,1.25,0.0,7.62
2026-07-04,Saturday,0,00:00-01:00,Email,Billing,0,1,1.07,0.0,7.44
2026-07-04,Saturday,0,00:00-01:00,Email,Technical,0,1,1.37,0.0,7.74
2026-07-04,Saturday,0,00:00-01:00,Email,Sales,0,1,1.29,0.0,7.66
2026-07-04,Saturday,0,00:00-01:00,Email,General,0,1,0.63,0.0,7.0
2026-07-04,Saturday,1,01:00-02:00,Voice,Billing,0,1,2.17,0.0,8.54
2026-07-04,Saturday,1,01:00-02:00,Voice,Technical,0,1,3.67,0.0,10.04
2026-07-04,Saturday,1,01:00-02:00,Voice,Sales,0,1,3.06,0.0,9.43
2026-07-04,Saturday,1,01:00-02:00,Voice,General,0,1,1.57,0.0,7.94
2026-07-04,Saturday,1,01:00-02:00,Chat,Billing,0,1,1.48,0.0,7.85
2026-07-04,Saturday,1,01:00-02:00,Chat,Technical,0,1,2.31,0.0,8.68
2026-07-04,Saturday,1,01:00-02:00,Chat,Sales,0,1,1.96,0.0,8.33
2026-07-04,Saturday,1,01:00-02:00,Chat,General,0,1,0.93,0.0,7.3
2026-07-04,Saturday,1,01:00-02:00,Email,Billing,0,1,0.8,0.0,7.17
2026-07-04,Saturday,1,01:00-02:00,Email,Technical,0,1,1.48,0.0,7.85
2026-07-04,Saturday,1,01:00-02:00,Email,Sales,0,1,1.53,0.0,7.9
2026-07-04,Saturday,1,01:00-02:00,Email,General,0,1,0.6,0.0,6.97
2026-07-04,Saturday,2,02:00-03:00,Voice,Billing,0,1,2.87,0.0,9.24
2026-07-04,Saturday,2,02:00-03:00,Voice,Technical,0,1,4.11,0.0,10.48
2026-07-04,Saturday,2,02:00-03:00,Voice,Sales,0,1,2.97,0.0,9.34
2026-07-04,Saturday,2,02:00-03:00,Voice,General,0,1,1.68,0.0,8.05
2026-07-04,Saturday,2,02:00-03:00,Chat,Billing,0,1,1.8,0.0,8.17
2026-07-04,Saturday,2,02:00-03:00,Chat,Technical,0,1,2.43,0.0,8.8
2026-07-04,Saturday,2,02:00-03:00,Chat,Sales,0,1,2.46,0.0,8.83
2026-07-04,Saturday,2,02:00-03:00,Chat,General,0,1,0.88,0.0,7.25
2026-07-04,Saturday,2,02:00-03:00,Email,Billing,0,1,0.82,0.0,7.19
2026-07-04,Saturday,2,02:00-03:00,Email,Technical,0,1,1.58,0.0,7.95
2026-07-04,Saturday,2,02:00-03:00,Email,Sales,0,1,1.7,0.0,8.07
2026-07-04,Saturday,2,02:00-03:00,Email,General,0,1,0.99,0.0,7.36
2026-07-04,Saturday,3,03:00-04:00,Voice,Billing,0,1,2.71,0.0,9.08
2026-07-04,Saturday,3,03:00-04:00,Voice,Technical,0,1,4.16,0.0,10.53
2026-07-04,Saturday,3,03:00-04:00,Voice,Sales,0,1,2.91,0.0,9.28
2026-07-04,Saturday,3,03:00-04:00,Voice,General,0,1,1.42,0.0,7.79
2026-07-04,Saturday,3,03:00-04:00,Chat,Billing,0,1,1.88,0.0,8.25
2026-07-04,Saturday,3,03:00-04:00,Chat,Technical,0,1,2.08,0.0,8.45
2026-07-04,Saturday,3,03:00-04:00,Chat,Sales,0,1,3.24,0.0,9.61
2026-07-04,Saturday,3,03:00-04:00,Chat,General,0,1,1.32,0.0,7.69
2026-07-04,Saturday,3,03:00-04:00,Email,Billing,0,1,1.24,0.0,7.61
2026-07-04,Saturday,3,03:00-04:00,Email,Technical,0,1,1.78,0.0,8.15
2026-07-04,Saturday,3,03:00-04:00,Email,Sales,0,1,0.85,0.0,7.22
2026-07-04,Saturday,3,03:00-04:00,Email,General,0,1,0.49,0.0,6.86
2026-07-04,Saturday,4,04:00-05:00,Voice,Billing,0,1,3.25,0.0,9.62
2026-07-04,Saturday,4,04:00-05:00,Voice,Technical,0,1,4.21,0.0,10.58
2026-07-04,Saturday,4,04:00-05:00,Voice,Sales,0,1,4.11,0.0,10.48
2026-07-04,Saturday,4,04:00-05:00,Voice,General,0,1,1.99,0.0,8.36
2026-07-04,Saturday,4,04:00-05:00,Chat,Billing,0,1,1.59,0.0,7.96
2026-07-04,Saturday,4,04:00-05:00,Chat,Technical,0,1,3.07,0.0,9.44
2026-07-04,Saturday,4,04:00-05:00,Chat,Sales,0,1,2.28,0.0,8.65
2026-07-04,Saturday,4,04:00-05:00,Chat,General,0,1,0.99,0.0,7.36
2026-07-04,Saturday,4,04:00-05:00,Email,Billing,0,1,1.28,0.0,7.65
2026-07-04,Saturday,4,04:00-05:00,Email,Technical,0,1,1.76,0.0,8.13
2026-07-04,Saturday,4,04:00-05:00,Email,Sales,0,1,1.48,0.0,7.85
2026-07-04,Saturday,4,04:00-05:00,Email,General,0,1,0.69,0.0,7.06
2026-07-04,Saturday,5,05:00-06:00,Voice,Billing,0,1,2.03,0.0,8.4
2026-07-04,Saturday,5,05:00-06:00,Voice,Technical,0,1,3.61,0.0,9.98
2026-07-04,Saturday,5,05:00-06:00,Voice,Sales,0,1,3.35,0.0,9.72
2026-07-04,Saturday,5,05:00-06:00,Voice,General,0,1,1.37,0.0,7.74
2026-07-04,Saturday,5,05:00-06:00,Chat,Billing,0,1,1.6,0.0,7.97
2026-07-04,Saturday,5,05:00-06:00,Chat,Technical,0,1,2.18,0.0,8.55
2026-07-04,Saturday,5,05:00-06:00,Chat,Sales,0,1,1.48,0.0,7.85
2026-07-04,Saturday,5,05:00-06:00,Chat,General,0,1,1.7,0.0,8.07
2026-07-04,Saturday,5,05:00-06:00,Email,Billing,0,1,1.25,0.0,7.62
2026-07-04,Saturday,5,05:00-06:00,Email,Technical,0,1,1.81,0.0,8.18
2026-07-04,Saturday,5,05:00-06:00,Email,Sales,0,1,0.94,0.0,7.31
2026-07-04,Saturday,5,05:00-06:00,Email,General,0,1,0.83,0.0,7.2
2026-07-04,Saturday,6,06:00-07:00,Voice,Billing,0,1,2.56,0.0,8.93
2026-07-04,Saturday,6,06:00-07:00,Voice,Technical,0,1,4.28,0.0,10.65
2026-07-04,Saturday,6,06:00-07:00,Voice,Sales,0,1,3.41,0.0,9.78
2026-07-04,Saturday,6,06:00-07:00,Voice,General,0,1,1.84,0.0,8.21
2026-07-04,Saturday,6,06:00-07:00,Chat,Billing,0,1,1.38,0.0,7.75
2026-07-04,Saturday,6,06:00-07:00,Chat,Technical,0,1,2.36,0.0,8.73
2026-07-04,Saturday,6,06:00-07:00,Chat,Sales,0,1,1.6,0.0,7.97
2026-07-04,Saturday,6,06:00-07:00,Chat,General,0,1,1.41,0.0,7.78
2026-07-04,Saturday,6,06:00-07:00,Email,Billing,0,1,0.94,0.0,7.31
2026-07-04,Saturday,6,06:00-07:00,Email,Technical,0,1,1.38,0.0,7.75
2026-07-04,Saturday,6,06:00-07:00,Email,Sales,0,1,1.27,0.0,7.64
2026-07-04,Saturday,6,06:00-07:00,Email,General,0,1,0.78,0.0,7.15
2026-07-04,Saturday,7,07:00-08:00,Voice,Billing,0,1,1.89,0.0,8.26
2026-07-04,Saturday,7,07:00-08:00,Voice,Technical,0,1,3.1,0.0,9.47
2026-07-04,Saturday,7,07:00-08:00,Voice,Sales,0,1,2.78,0.0,9.15
2026-07-04,Saturday,7,07:00-08:00,Voice,General,0,1,1.23,0.0,7.6
2026-07-04,Saturday,7,07:00-08:00,Chat,Billing,0,1,1.95,0.0,8.32
2026-07-04,Saturday,7,07:00-08:00,Chat,Technical,0,1,2.3,0.0,8.67
2026-07-04,Saturday,7,07:00-08:00,Chat,Sales,0,1,2.31,0.0,8.68
2026-07-04,Saturday,7,07:00-08:00,Chat,General,0,1,0.95,0.0,7.32
2026-07-04,Saturday,7,07:00-08:00,Email,Billing,0,1,0.78,0.0,7.15
2026-07-04,Saturday,7,07:00-08:00,Email,Technical,0,1,1.52,0.0,7.89
2026-07-04,Saturday,7,07:00-08:00,Email,Sales,0,1,1.2,0.0,7.57
2026-07-04,Saturday,7,07:00-08:00,Email,General,0,1,0.6,0.0,6.97
2026-07-04,Saturday,8,08:00-09:00,Voice,Billing,0,1,7.02,0.65,13.39
2026-07-04,Saturday,8,08:00-09:00,Voice,Technical,0,1,11.64,5.27,18.01
2026-07-04,Saturday,8,08:00-09:00,Voice,Sales,0,1,9.31,2.94,15.68
2026-07-04,Saturday,8,08:00-09:00,Voice,General,0,1,5.92,0.0,12.29
2026-07-04,Saturday,8,08:00-09:00,Chat,Billing,0,1,5.1,0.0,11.47
2026-07-04,Saturday,8,08:00-09:00,Chat,Technical,0,1,8.76,2.39,15.13
2026-07-04,Saturday,8,08:00-09:00,Chat,Sales,0,1,6.61,0.24,12.98
2026-07-04,Saturday,8,08:00-09:00,Chat,General,0,1,3.4,0.0,9.77
2026-07-04,Saturday,8,08:00-09:00,Email,Billing,0,1,2.35,0.0,8.72
2026-07-04,Saturday,8,08:00-09:00,Email,Technical,0,1,6.02,0.0,12.39
2026-07-04,Saturday,8,08:00-09:00,Email,Sales,0,1,4.28,0.0,10.65
2026-07-04,Saturday,8,08:00-09:00,Email,General,0,1,1.81,0.0,8.18
2026-07-04,Saturday,9,09:00-10:00,Voice,Billing,0,1,10.57,4.2,16.94
2026-07-04,Saturday,9,09:00-10:00,Voice,Technical,0,1,17.63,11.26,24.0
2026-07-04,Saturday,9,09:00-10:00,Voice,Sales,0,1,14.2,7.83,20.57
2026-07-04,Saturday,9,09:00-10:00,Voice,General,0,1,8.03,1.66,14.4
2026-07-04,Saturday,9,09:00-10:00,Chat,Billing,0,1,6.12,0.0,12.49
2026-07-04,Saturday,9,09:00-10:00,Chat,Technical,0,1,11.69,5.32,18.06
2026-07-04,Saturday,9,09:00-10:00,Chat,Sales,0,1,10.42,4.05,16.79
2026-07-04,Saturday,9,09:00-10:00,Chat,General,0,1,4.79,0.0,11.16
2026-07-04,Saturday,9,09:00-10:00,Email,Billing,0,1,4.65,0.0,11.02
2026-07-04,Saturday,9,09:00-10:00,Email,Technical,0,1,6.94,0.57,13.31
2026-07-04,Saturday,9,09:00-10:00,Email,Sales,0,1,6.36,0.0,12.73
2026-07-04,Saturday,9,09:00-10:00,Email,General,0,1,3.28,0.0,9.65
2026-07-04,Saturday,10,10:00-11:00,Voice,Billing,0,1,12.59,6.22,18.96
2026-07-04,Saturday,10,10:00-11:00,Voice,Technical,0,1,21.37,15.0,27.74
2026-07-04,Saturday,10,10:00-11:00,Voice,Sales,0,1,18.49,12.12,24.86
2026-07-04,Saturday,10,10:00-11:00,Voice,General,0,1,9.59,3.22,15.96
2026-07-04,Saturday,10,10:00-11:00,Chat,Billing,0,1,8.11,1.74,14.48
2026-07-04,Saturday,10,10:00-11:00,Chat,Technical,0,1,14.11,7.74,20.48
2026-07-04,Saturday,10,10:00-11:00,Chat,Sales,0,1,12.0,5.63,18.37
2026-07-04,Saturday,10,10:00-11:00,Chat,General,0,1,6.31,0.0,12.68
2026-07-04,Saturday,10,10:00-11:00,Email,Billing,0,1,4.95,0.0,11.32
2026-07-04,Saturday,10,10:00-11:00,Email,Technical,0,1,9.3,2.93,15.67
2026-07-04,Saturday,10,10:00-11:00,Email,Sales,0,1,7.9,1.53,14.27
2026-07-04,Saturday,10,10:00-11:00,Email,General,0,1,4.31,0.0,10.68
2026-07-04,Saturday,11,11:00-12:00,Voice,Billing,0,1,15.05,8.68,21.42
2026-07-04,Saturday,11,11:00-12:00,Voice,Technical,0,1,24.57,18.2,30.94
2026-07-04,Saturday,11,11:00-12:00,Voice,Sales,0,1,21.42,15.05,27.79
2026-07-04,Saturday,11,11:00-12:00,Voice,General,0,1,12.02,5.65,18.39
2026-07-04,Saturday,11,11:00-12:00,Chat,Billing,0,1,8.92,2.55,15.29
2026-07-04,Saturday,11,11:00-12:00,Chat,Technical,0,1,17.15,10.78,23.52
2026-07-04,Saturday,11,11:00-12:00,Chat,Sales,0,1,14.62,8.25,20.99
2026-07-04,Saturday,11,11:00-12:00,Chat,General,0,1,8.05,1.68,14.42
2026-07-04,Saturday,11,11:00-12:00,Email,Billing,0,1,6.53,0.16,12.9
2026-07-04,Saturday,11,11:00-12:00,Email,Technical,0,1,10.46,4.09,16.83
2026-07-04,Saturday,11,11:00-12:00,Email,Sales,0,1,8.94,2.57,15.31
2026-07-04,Saturday,11,11:00-12:00,Email,General,0,1,4.48,0.0,10.85
2026-07-04,Saturday,12,12:00-13:00,Voice,Billing,0,1,16.41,10.04,22.78
2026-07-04,Saturday,12,12:00-13:00,Voice,Technical,0,1,27.35,20.98,33.72
2026-07-04,Saturday,12,12:00-13:00,Voice,Sales,0,1,21.56,15.19,27.93
2026-07-04,Saturday,12,12:00-13:00,Voice,General,0,1,12.24,5.87,18.61
2026-07-04,Saturday,12,12:00-13:00,Chat,Billing,0,1,10.75,4.38,17.12
2026-07-04,Saturday,12,12:00-13:00,Chat,Technical,0,1,18.28,11.91,24.65
2026-07-04,Saturday,12,12:00-13:00,Chat,Sales,0,1,15.49,9.12,21.86
2026-07-04,Saturday,12,12:00-13:00,Chat,General,0,1,8.49,2.12,14.86
2026-07-04,Saturday,12,12:00-13:00,Email,Billing,0,1,6.31,0.0,12.68
2026-07-04,Saturday,12,12:00-13:00,Email,Technical,0,1,10.88,4.51,17.25
2026-07-04,Saturday,12,12:00-13:00,Email,Sales,0,1,9.27,2.9,15.64
2026-07-04,Saturday,12,12:00-13:00,Email,General,0,1,5.14,0.0,11.51
2026-07-04,Saturday,13,13:00-14:00,Voice,Billing,0,1,17.14,10.77,23.51
2026-07-04,Saturday,13,13:00-14:00,Voice,Technical,0,1,27.14,20.77,33.51
2026-07-04,Saturday,13,13:00-14:00,Voice,Sales,0,1,22.73,16.36,29.1
2026-07-04,Saturday,13,13:00-14:00,Voice,General,0,1,13.51,7.14,19.88
2026-07-04,Saturday,13,13:00-14:00,Chat,Billing,0,1,10.68,4.31,17.05
2026-07-04,Saturday,13,13:00-14:00,Chat,Technical,0,1,18.35,11.98,24.72
2026-07-04,Saturday,13,13:00-14:00,Chat,Sales,0,1,15.37,9.0,21.74
2026-07-04,Saturday,13,13:00-14:00,Chat,General,0,1,8.4,2.03,14.77
2026-07-04,Saturday,13,13:00-14:00,Email,Billing,0,1,6.22,0.0,12.59
2026-07-04,Saturday,13,13:00-14:00,Email,Technical,0,1,11.25,4.88,17.62
2026-07-04,Saturday,13,13:00-14:00,Email,Sales,0,1,9.52,3.15,15.89
2026-07-04,Saturday,13,13:00-14:00,Email,General,0,1,4.97,0.0,11.34
2026-07-04,Saturday,14,14:00-15:00,Voice,Billing,0,1,15.85,9.48,22.22
2026-07-04,Saturday,14,14:00-15:00,Voice,Technical,0,1,26.36,19.99,32.73
2026-07-04,Saturday,14,14:00-15:00,Voice,Sales,0,1,21.48,15.11,27.85
2026-07-04,Saturday,14,14:00-15:00,Voice,General,0,1,11.69,5.32,18.06
2026-07-04,Saturday,14,14:00-15:00,Chat,Billing,0,1,9.94,3.57,16.31
2026-07-04,Saturday,14,14:00-15:00,Chat,Technical,0,1,15.96,9.59,22.33
2026-07-04,Saturday,14,14:00-15:00,Chat,Sales,0,1,15.06,8.69,21.43
2026-07-04,Saturday,14,14:00-15:00,Chat,General,0,1,7.53,1.16,13.9
2026-07-04,Saturday,14,14:00-15:00,Email,Billing,0,1,6.79,0.42,13.16
2026-07-04,Saturday,14,14:00-15:00,Email,Technical,0,1,9.63,3.26,16.0
2026-07-04,Saturday,14,14:00-15:00,Email,Sales,0,1,8.84,2.47,15.21
2026-07-04,Saturday,14,14:00-15:00,Email,General,0,1,4.53,0.0,10.9
2026-07-04,Saturday,15,15:00-16:00,Voice,Billing,0,1,12.88,6.51,19.25
2026-07-04,Saturday,15,15:00-16:00,Voice,Technical,0,1,22.05,15.68,28.42
2026-07-04,Saturday,15,15:00-16:00,Voice,Sales,0,1,19.29,12.92,25.66
2026-07-04,Saturday,15,15:00-16:00,Voice,General,0,1,10.13,3.76,16.5
2026-07-04,Saturday,15,15:00-16:00,Chat,Billing,0,1,9.07,2.7,15.44
2026-07-04,Saturday,15,15:00-16:00,Chat,Technical,0,1,15.52,9.15,21.89
2026-07-04,Saturday,15,15:00-16:00,Chat,Sales,0,1,12.41,6.04,18.78
2026-07-04,Saturday,15,15:00-16:00,Chat,General,0,1,6.97,0.6,13.34
2026-07-04,Saturday,15,15:00-16:00,Email,Billing,0,1,5.95,0.0,12.32
2026-07-04,Saturday,15,15:00-16:00,Email,Technical,0,1,8.34,1.97,14.71
2026-07-04,Saturday,15,15:00-16:00,Email,Sales,0,1,7.71,1.34,14.08
2026-07-04,Saturday,15,15:00-16:00,Email,General,0,1,3.79,0.0,10.16
2026-07-04,Saturday,16,16:00-17:00,Voice,Billing,0,1,9.91,3.54,16.28
2026-07-04,Saturday,16,16:00-17:00,Voice,Technical,0,1,18.04,11.67,24.41
2026-07-04,Saturday,16,16:00-17:00,Voice,Sales,0,1,14.08,7.71,20.45
2026-07-04,Saturday,16,16:00-17:00,Voice,General,0,1,7.43,1.06,13.8
2026-07-04,Saturday,16,16:00-17:00,Chat,Billing,0,1,6.11,0.0,12.48
2026-07-04,Saturday,16,16:00-17:00,Chat,Technical,0,1,9.89,3.52,16.26
2026-07-04,Saturday,16,16:00-17:00,Chat,Sales,0,1,9.69,3.32,16.06
2026-07-04,Saturday,16,16:00-17:00,Chat,General,0,1,5.2,0.0,11.57
2026-07-04,Saturday,16,16:00-17:00,Email,Billing,0,1,4.89,0.0,11.26
2026-07-04,Saturday,16,16:00-17:00,Email,Technical,0,1,7.39,1.02,13.76
2026-07-04,Saturday,16,16:00-17:00,Email,Sales,0,1,6.3,0.0,12.67
2026-07-04,Saturday,16,16:00-17:00,Email,General,0,1,2.3,0.0,8.67
2026-07-04,Saturday,17,17:00-18:00,Voice,Billing,0,1,7.19,0.82,13.56
2026-07-04,Saturday,17,17:00-18:00,Voice,Technical,0,1,10.88,4.51,17.25
2026-07-04,Saturday,17,17:00-18:00,Voice,Sales,0,1,9.38,3.01,15.75
2026-07-04,Saturday,17,17:00-18:00,Voice,General,0,1,5.39,0.0,11.76
2026-07-04,Saturday,17,17:00-18:00,Chat,Billing,0,1,5.16,0.0,11.53
2026-07-04,Saturday,17,17:00-18:00,Chat,Technical,0,1,7.58,1.21,13.95
2026-07-04,Saturday,17,17:00-18:00,Chat,Sales,0,1,7.24,0.87,13.61
2026-07-04,Saturday,17,17:00-18:00,Chat,General,0,1,3.99,0.0,10.36
2026-07-04,Saturday,17,17:00-18:00,Email,Billing,0,1,2.81,0.0,9.18
2026-07-04,Saturday,17,17:00-18:00,Email,Technical,0,1,5.06,0.0,11.43
2026-07-04,Saturday,17,17:00-18:00,Email,Sales,0,1,3.6,0.0,9.97
2026-07-04,Saturday,17,17:00-18:00,Email,General,0,1,1.91,0.0,8.28
2026-07-04,Saturday,18,18:00-19:00,Voice,Billing,0,1,2.3,0.0,8.67
2026-07-04,Saturday,18,18:00-19:00,Voice,Technical,0,1,3.21,0.0,9.58
2026-07-04,Saturday,18,18:00-19:00,Voice,Sales,0,1,3.1,0.0,9.47
2026-07-04,Saturday,18,18:00-19:00,Voice,General,0,1,1.78,0.0,8.15
2026-07-04,Saturday,18,18:00-19:00,Chat,Billing,0,1,1.77,0.0,8.14
2026-07-04,Saturday,18,18:00-19:00,Chat,Technical,0,1,2.42,0.0,8.79
2026-07-04,Saturday,18,18:00-19:00,Chat,Sales,0,1,2.26,0.0,8.63
2026-07-04,Saturday,18,18:00-19:00,Chat,General,0,1,1.15,0.0,7.52
2026-07-04,Saturday,18,18:00-19:00,Email,Billing,0,1,0.84,0.0,7.21
2026-07-04,Saturday,18,18:00-19:00,Email,Technical,0,1,1.69,0.0,8.06
2026-07-04,Saturday,18,18:00-19:00,Email,Sales,0,1,1.21,0.0,7.58
2026-07-04,Saturday,18,18:00-19:00,Email,General,0,1,0.72,0.0,7.09
2026-07-04,Saturday,19,19:00-20:00,Voice,Billing,0,1,2.22,0.0,8.59
2026-07-04,Saturday,19,19:00-20:00,Voice,Technical,0,1,3.96,0.0,10.33
2026-07-04,Saturday,19,19:00-20:00,Voice,Sales,0,1,3.3,0.0,9.67
2026-07-04,Saturday,19,19:00-20:00,Voice,General,0,1,1.5,0.0,7.87
2026-07-04,Saturday,19,19:00-20:00,Chat,Billing,0,1,1.77,0.0,8.14
2026-07-04,Saturday,19,19:00-20:00,Chat,Technical,0,1,2.59,0.0,8.96
2026-07-04,Saturday,19,19:00-20:00,Chat,Sales,0,1,2.64,0.0,9.01
2026-07-04,Saturday,19,19:00-20:00,Chat,General,0,1,0.99,0.0,7.36
2026-07-04,Saturday,19,19:00-20:00,Email,Billing,0,1,1.17,0.0,7.54
2026-07-04,Saturday,19,19:00-20:00,Email,Technical,0,1,1.79,0.0,8.16
2026-07-04,Saturday,19,19:00-20:00,Email,Sales,0,1,1.64,0.0,8.01
2026-07-04,Saturday,19,19:00-20:00,Email,General,0,1,0.92,0.0,7.29
2026-07-04,Saturday,20,20:00-21:00,Voice,Billing,0,1,2.67,0.0,9.04
2026-07-04,Saturday,20,20:00-21:00,Voice,Technical,0,1,4.21,0.0,10.58
2026-07-04,Saturday,20,20:00-21:00,Voice,Sales,0,1,3.73,0.0,10.1
2026-07-04,Saturday,20,20:00-21:00,Voice,General,0,1,1.33,0.0,7.7
2026-07-04,Saturday,20,20:00-21:00,Chat,Billing,0,1,1.67,0.0,8.04
2026-07-04,Saturday,20,20:00-21:00,Chat,Technical,0,1,2.76,0.0,9.13
2026-07-04,Saturday,20,20:00-21:00,Chat,Sales,0,1,2.09,0.0,8.46
2026-07-04,Saturday,20,20:00-21:00,Chat,General,0,1,1.19,0.0,7.56
2026-07-04,Saturday,20,20:00-21:00,Email,Billing,0,1,1.06,0.0,7.43
2026-07-04,Saturday,20,20:00-21:00,Email,Technical,0,1,2.24,0.0,8.61
2026-07-04,Saturday,20,20:00-21:00,Email,Sales,0,1,1.57,0.0,7.94
2026-07-04,Saturday,20,20:00-21:00,Email,General,0,1,0.98,0.0,7.35
2026-07-04,Saturday,21,21:00-22:00,Voice,Billing,0,1,3.06,0.0,9.43
2026-07-04,Saturday,21,21:00-22:00,Voice,Technical,0,1,3.6,0.0,9.97
2026-07-04,Saturday,21,21:00-22:00,Voice,Sales,0,1,3.96,0.0,10.33
2026-07-04,Saturday,21,21:00-22:00,Voice,General,0,1,2.6,0.0,8.97
2026-07-04,Saturday,21,21:00-22:00,Chat,Billing,0,1,2.17,0.0,8.54
2026-07-04,Saturday,21,21:00-22:00,Chat,Technical,0,1,3.06,0.0,9.43
2026-07-04,Saturday,21,21:00-22:00,Chat,Sales,0,1,2.09,0.0,8.46
2026-07-04,Saturday,21,21:00-22:00,Chat,General,0,1,1.1,0.0,7.47
2026-07-04,Saturday,21,21:00-22:00,Email,Billing,0,1,0.96,0.0,7.33
2026-07-04,Saturday,21,21:00-22:00,Email,Technical,0,1,1.41,0.0,7.78
2026-07-04,Saturday,21,21:00-22:00,Email,Sales,0,1,1.4,0.0,7.77
2026-07-04,Saturday,21,21:00-22:00,Email,General,0,1,0.69,0.0,7.06
2026-07-04,Saturday,22,22:00-23:00,Voice,Billing,0,1,2.57,0.0,8.94
2026-07-04,Saturday,22,22:00-23:00,Voice,Technical,0,1,3.95,0.0,10.32
2026-07-04,Saturday,22,22:00-23:00,Voice,Sales,0,1,3.07,0.0,9.44
2026-07-04,Saturday,22,22:00-23:00,Voice,General,0,1,2.22,0.0,8.59
2026-07-04,Saturday,22,22:00-23:00,Chat,Billing,0,1,1.39,0.0,7.76
2026-07-04,Saturday,22,22:00-23:00,Chat,Technical,0,1,3.01,0.0,9.38
2026-07-04,Saturday,22,22:00-23:00,Chat,Sales,0,1,2.21,0.0,8.58
2026-07-04,Saturday,22,22:00-23:00,Chat,General,0,1,0.89,0.0,7.26
2026-07-04,Saturday,22,22:00-23:00,Email,Billing,0,1,1.02,0.0,7.39
2026-07-04,Saturday,22,22:00-23:00,Email,Technical,0,1,2.09,0.0,8.46
2026-07-04,Saturday,22,22:00-23:00,Email,Sales,0,1,1.26,0.0,7.63
2026-07-04,Saturday,22,22:00-23:00,Email,General,0,1,0.56,0.0,6.93
2026-07-04,Saturday,23,23:00-00:00,Voice,Billing,0,1,2.39,0.0,8.76
2026-07-04,Saturday,23,23:00-00:00,Voice,Technical,0,1,4.68,0.0,11.05
2026-07-04,Saturday,23,23:00-00:00,Voice,Sales,0,1,3.09,0.0,9.46
2026-07-04,Saturday,23,23:00-00:00,Voice,General,0,1,2.05,0.0,8.42
2026-07-04,Saturday,23,23:00-00:00,Chat,Billing,0,1,1.39,0.0,7.76
2026-07-04,Saturday,23,23:00-00:00,Chat,Technical,0,1,2.71,0.0,9.08
2026-07-04,Saturday,23,23:00-00:00,Chat,Sales,0,1,2.12,0.0,8.49
2026-07-04,Saturday,23,23:00-00:00,Chat,General,0,1,1.29,0.0,7.66
2026-07-04,Saturday,23,23:00-00:00,Email,Billing,0,1,1.08,0.0,7.45
2026-07-04,Saturday,23,23:00-00:00,Email,Technical,0,1,1.7,0.0,8.07
2026-07-04,Saturday,23,23:00-00:00,Email,Sales,0,1,1.28,0.0,7.65
2026-07-04,Saturday,23,23:00-00:00,Email,General,0,1,0.83,0.0,7.2
2026-07-05,Sunday,0,00:00-01:00,Voice,Billing,0,1,2.21,0.0,8.58
2026-07-05,Sunday,0,00:00-01:00,Voice,Technical,0,1,3.6,0.0,9.97
2026-07-05,Sunday,0,00:00-01:00,Voice,Sales,0,1,2.53,0.0,8.9
2026-07-05,Sunday,0,00:00-01:00,Voice,General,0,1,1.77,0.0,8.14
2026-07-05,Sunday,0,00:00-01:00,Chat,Billing,0,1,1.72,0.0,8.09
2026-07-05,Sunday,0,00:00-01:00,Chat,Technical,0,1,2.35,0.0,8.72
2026-07-05,Sunday,0,00:00-01:00,Chat,Sales,0,1,2.7,0.0,9.07
2026-07-05,Sunday,0,00:00-01:00,Chat,General,0,1,1.39,0.0,7.76
2026-07-05,Sunday,0,00:00-01:00,Email,Billing,0,1,1.05,0.0,7.42
2026-07-05,Sunday,0,00:00-01:00,Email,Technical,0,1,1.65,0.0,8.02
2026-07-05,Sunday,0,00:00-01:00,Email,Sales,0,1,1.28,0.0,7.65
2026-07-05,Sunday,0,00:00-01:00,Email,General,0,1,0.93,0.0,7.3
2026-07-05,Sunday,1,01:00-02:00,Voice,Billing,0,1,1.75,0.0,8.12
2026-07-05,Sunday,1,01:00-02:00,Voice,Technical,0,1,2.93,0.0,9.3
2026-07-05,Sunday,1,01:00-02:00,Voice,Sales,0,1,2.69,0.0,9.06
2026-07-05,Sunday,1,01:00-02:00,Voice,General,0,1,1.49,0.0,7.86
2026-07-05,Sunday,1,01:00-02:00,Chat,Billing,0,1,1.19,0.0,7.56
2026-07-05,Sunday,1,01:00-02:00,Chat,Technical,0,1,2.73,0.0,9.1
2026-07-05,Sunday,1,01:00-02:00,Chat,Sales,0,1,2.03,0.0,8.4
2026-07-05,Sunday,1,01:00-02:00,Chat,General,0,1,0.98,0.0,7.35
2026-07-05,Sunday,1,01:00-02:00,Email,Billing,0,1,1.29,0.0,7.66
2026-07-05,Sunday,1,01:00-02:00,Email,Technical,0,1,1.42,0.0,7.79
2026-07-05,Sunday,1,01:00-02:00,Email,Sales,0,1,1.32,0.0,7.69
2026-07-05,Sunday,1,01:00-02:00,Email,General,0,1,0.49,0.0,6.86
2026-07-05,Sunday,2,02:00-03:00,Voice,Billing,0,1,2.18,0.0,8.55
2026-07-05,Sunday,2,02:00-03:00,Voice,Technical,0,1,3.54,0.0,9.91
2026-07-05,Sunday,2,02:00-03:00,Voice,Sales,0,1,2.28,0.0,8.65
2026-07-05,Sunday,2,02:00-03:00,Voice,General,0,1,1.6,0.0,7.97
2026-07-05,Sunday,2,02:00-03:00,Chat,Billing,0,1,1.99,0.0,8.36
2026-07-05,Sunday,2,02:00-03:00,Chat,Technical,0,1,2.43,0.0,8.8
2026-07-05,Sunday,2,02:00-03:00,Chat,Sales,0,1,1.83,0.0,8.2
2026-07-05,Sunday,2,02:00-03:00,Chat,General,0,1,1.27,0.0,7.64
2026-07-05,Sunday,2,02:00-03:00,Email,Billing,0,1,1.21,0.0,7.58
2026-07-05,Sunday,2,02:00-03:00,Email,Technical,0,1,1.59,0.0,7.96
2026-07-05,Sunday,2,02:00-03:00,Email,Sales,0,1,1.29,0.0,7.66
2026-07-05,Sunday,2,02:00-03:00,Email,General,0,1,0.63,0.0,7.0
2026-07-05,Sunday,3,03:00-04:00,Voice,Billing,0,1,2.2,0.0,8.57
2026-07-05,Sunday,3,03:00-04:00,Voice,Technical,0,1,4.96,0.0,11.33
2026-07-05,Sunday,3,03:00-04:00,Voice,Sales,0,1,3.59,0.0,9.96
2026-07-05,Sunday,3,03:00-04:00,Voice,General,0,1,2.51,0.0,8.88
2026-07-05,Sunday,3,03:00-04:00,Chat,Billing,0,1,1.88,0.0,8.25
2026-07-05,Sunday,3,03:00-04:00,Chat,Technical,0,1,3.23,0.0,9.6
2026-07-05,Sunday,3,03:00-04:00,Chat,Sales,0,1,2.65,0.0,9.02
2026-07-05,Sunday,3,03:00-04:00,Chat,General,0,1,1.56,0.0,7.93
2026-07-05,Sunday,3,03:00-04:00,Email,Billing,0,1,1.05,0.0,7.42
2026-07-05,Sunday,3,03:00-04:00,Email,Technical,0,1,1.41,0.0,7.78
2026-07-05,Sunday,3,03:00-04:00,Email,Sales,0,1,1.77,0.0,8.14
2026-07-05,Sunday,3,03:00-04:00,Email,General,0,1,0.81,0.0,7.18
2026-07-05,Sunday,4,04:00-05:00,Voice,Billing,0,1,2.8,0.0,9.17
2026-07-05,Sunday,4,04:00-05:00,Voice,Technical,0,1,3.47,0.0,9.84
2026-07-05,Sunday,4,04:00-05:00,Voice,Sales,0,1,3.54,0.0,9.91
2026-07-05,Sunday,4,04:00-05:00,Voice,General,0,1,1.78,0.0,8.15
2026-07-05,Sunday,4,04:00-05:00,Chat,Billing,0,1,1.39,0.0,7.76
2026-07-05,Sunday,4,04:00-05:00,Chat,Technical,0,1,2.69,0.0,9.06
2026-07-05,Sunday,4,04:00-05:00,Chat,Sales,0,1,2.42,0.0,8.79
2026-07-05,Sunday,4,04:00-05:00,Chat,General,0,1,0.88,0.0,7.25
2026-07-05,Sunday,4,04:00-05:00,Email,Billing,0,1,1.19,0.0,7.56
2026-07-05,Sunday,4,04:00-05:00,Email,Technical,0,1,1.41,0.0,7.78
2026-07-05,Sunday,4,04:00-05:00,Email,Sales,0,1,1.59,0.0,7.96
2026-07-05,Sunday,4,04:00-05:00,Email,General,0,1,1.14,0.0,7.51
2026-07-05,Sunday,5,05:00-06:00,Voice,Billing,0,1,2.36,0.0,8.73
2026-07-05,Sunday,5,05:00-06:00,Voice,Technical,0,1,4.32,0.0,10.69
2026-07-05,Sunday,5,05:00-06:00,Voice,Sales,0,1,2.55,0.0,8.92
2026-07-05,Sunday,5,05:00-06:00,Voice,General,0,1,1.73,0.0,8.1
2026-07-05,Sunday,5,05:00-06:00,Chat,Billing,0,1,1.56,0.0,7.93
2026-07-05,Sunday,5,05:00-06:00,Chat,Technical,0,1,2.28,0.0,8.65
2026-07-05,Sunday,5,05:00-06:00,Chat,Sales,0,1,1.64,0.0,8.01
2026-07-05,Sunday,5,05:00-06:00,Chat,General,0,1,0.92,0.0,7.29
2026-07-05,Sunday,5,05:00-06:00,Email,Billing,0,1,0.95,0.0,7.32
2026-07-05,Sunday,5,05:00-06:00,Email,Technical,0,1,1.74,0.0,8.11
2026-07-05,Sunday,5,05:00-06:00,Email,Sales,0,1,1.63,0.0,8.0
2026-07-05,Sunday,5,05:00-06:00,Email,General,0,1,0.93,0.0,7.3
2026-07-05,Sunday,6,06:00-07:00,Voice,Billing,0,1,2.98,0.0,9.35
2026-07-05,Sunday,6,06:00-07:00,Voice,Technical,0,1,3.8,0.0,10.17
2026-07-05,Sunday,6,06:00-07:00,Voice,Sales,0,1,3.89,0.0,10.26
2026-07-05,Sunday,6,06:00-07:00,Voice,General,0,1,1.51,0.0,7.88
2026-07-05,Sunday,6,06:00-07:00,Chat,Billing,0,1,1.18,0.0,7.55
2026-07-05,Sunday,6,06:00-07:00,Chat,Technical,0,1,2.5,0.0,8.87
2026-07-05,Sunday,6,06:00-07:00,Chat,Sales,0,1,2.38,0.0,8.75
2026-07-05,Sunday,6,06:00-07:00,Chat,General,0,1,1.24,0.0,7.61
2026-07-05,Sunday,6,06:00-07:00,Email,Billing,0,1,1.35,0.0,7.72
2026-07-05,Sunday,6,06:00-07:00,Email,Technical,0,1,1.75,0.0,8.12
2026-07-05,Sunday,6,06:00-07:00,Email,Sales,0,1,1.09,0.0,7.46
2026-07-05,Sunday,6,06:00-07:00,Email,General,0,1,0.87,0.0,7.24
2026-07-05,Sunday,7,07:00-08:00,Voice,Billing,0,1,2.89,0.0,9.26
2026-07-05,Sunday,7,07:00-08:00,Voice,Technical,0,1,3.58,0.0,9.95
2026-07-05,Sunday,7,07:00-08:00,Voice,Sales,0,1,3.34,0.0,9.71
2026-07-05,Sunday,7,07:00-08:00,Voice,General,0,1,1.7,0.0,8.07
2026-07-05,Sunday,7,07:00-08:00,Chat,Billing,0,1,1.63,0.0,8.0
2026-07-05,Sunday,7,07:00-08:00,Chat,Technical,0,1,2.62,0.0,8.99
2026-07-05,Sunday,7,07:00-08:00,Chat,Sales,0,1,2.03,0.0,8.4
2026-07-05,Sunday,7,07:00-08:00,Chat,General,0,1,0.99,0.0,7.36
2026-07-05,Sunday,7,07:00-08:00,Email,Billing,0,1,1.07,0.0,7.44
2026-07-05,Sunday,7,07:00-08:00,Email,Technical,0,1,1.9,0.0,8.27
2026-07-05,Sunday,7,07:00-08:00,Email,Sales,0,1,1.48,0.0,7.85
2026-07-05,Sunday,7,07:00-08:00,Email,General,0,1,1.04,0.0,7.41
2026-07-05,Sunday,8,08:00-09:00,Voice,Billing,0,1,6.57,0.2,12.94
2026-07-05,Sunday,8,08:00-09:00,Voice,Technical,0,1,12.65,6.28,19.02
2026-07-05,Sunday,8,08:00-09:00,Voice,Sales,0,1,9.04,2.67,15.41
2026-07-05,Sunday,8,08:00-09:00,Voice,General,0,1,6.73,0.36,13.1
2026-07-05,Sunday,8,08:00-09:00,Chat,Billing,0,1,4.42,0.0,10.79
2026-07-05,Sunday,8,08:00-09:00,Chat,Technical,0,1,9.07,2.7,15.44
2026-07-05,Sunday,8,08:00-09:00,Chat,Sales,0,1,5.8,0.0,12.17
2026-07-05,Sunday,8,08:00-09:00,Chat,General,0,1,3.93,0.0,10.3
2026-07-05,Sunday,8,08:00-09:00,Email,Billing,0,1,3.37,0.0,9.74
2026-07-05,Sunday,8,08:00-09:00,Email,Technical,0,1,4.76,0.0,11.13
2026-07-05,Sunday,8,08:00-09:00,Email,Sales,0,1,4.78,0.0,11.15
2026-07-05,Sunday,8,08:00-09:00,Email,General,0,1,1.73,0.0,8.1
2026-07-05,Sunday,9,09:00-10:00,Voice,Billing,0,1,9.81,3.44,16.18
2026-07-05,Sunday,9,09:00-10:00,Voice,Technical,0,1,16.36,9.99,22.73
2026-07-05,Sunday,9,09:00-10:00,Voice,Sales,0,1,14.01,7.64,20.38
2026-07-05,Sunday,9,09:00-10:00,Voice,General,0,1,7.97,1.6,14.34
2026-07-05,Sunday,9,09:00-10:00,Chat,Billing,0,1,6.52,0.15,12.89
2026-07-05,Sunday,9,09:00-10:00,Chat,Technical,0,1,11.79,5.42,18.16
2026-07-05,Sunday,9,09:00-10:00,Chat,Sales,0,1,8.52,2.15,14.89
2026-07-05,Sunday,9,09:00-10:00,Chat,General,0,1,4.94,0.0,11.31
2026-07-05,Sunday,9,09:00-10:00,Email,Billing,0,1,3.37,0.0,9.74
2026-07-05,Sunday,9,09:00-10:00,Email,Technical,0,1,6.48,0.11,12.85
2026-07-05,Sunday,9,09:00-10:00,Email,Sales,0,1,6.11,0.0,12.48
2026-07-05,Sunday,9,09:00-10:00,Email,General,0,1,3.76,0.0,10.13
2026-07-05,Sunday,10,10:00-11:00,Voice,Billing,0,1,13.16,6.79,19.53
2026-07-05,Sunday,10,10:00-11:00,Voice,Technical,0,1,21.96,15.59,28.33
2026-07-05,Sunday,10,10:00-11:00,Voice,Sales,0,1,18.68,12.31,25.05
2026-07-05,Sunday,10,10:00-11:00,Voice,General,0,1,10.43,4.06,16.8
2026-07-05,Sunday,10,10:00-11:00,Chat,Billing,0,1,8.9,2.53,15.27
2026-07-05,Sunday,10,10:00-11:00,Chat,Technical,0,1,15.33,8.96,21.7
2026-07-05,Sunday,10,10:00-11:00,Chat,Sales,0,1,12.92,6.55,19.29
2026-07-05,Sunday,10,10:00-11:00,Chat,General,0,1,6.57,0.2,12.94
2026-07-05,Sunday,10,10:00-11:00,Email,Billing,0,1,4.65,0.0,11.02
2026-07-05,Sunday,10,10:00-11:00,Email,Technical,0,1,8.11,1.74,14.48
2026-07-05,Sunday,10,10:00-11:00,Email,Sales,0,1,7.46,1.09,13.83
2026-07-05,Sunday,10,10:00-11:00,Email,General,0,1,4.31,0.0,10.68
2026-07-05,Sunday,11,11:00-12:00,Voice,Billing,0,1,15.07,8.7,21.44
2026-07-05,Sunday,11,11:00-12:00,Voice,Technical,0,1,25.89,19.52,32.26
2026-07-05,Sunday,11,11:00-12:00,Voice,Sales,0,1,22.54,16.17,28.91
2026-07-05,Sunday,11,11:00-12:00,Voice,General,0,1,11.76,5.39,18.13
2026-07-05,Sunday,11,11:00-12:00,Chat,Billing,0,1,9.79,3.42,16.16
2026-07-05,Sunday,11,11:00-12:00,Chat,Technical,0,1,16.08,9.71,22.45
2026-07-05,Sunday,11,11:00-12:00,Chat,Sales,0,1,14.73,8.36,21.1
2026-07-05,Sunday,11,11:00-12:00,Chat,General,0,1,7.31,0.94,13.68
2026-07-05,Sunday,11,11:00-12:00,Email,Billing,0,1,6.86,0.49,13.23
2026-07-05,Sunday,11,11:00-12:00,Email,Technical,0,1,10.79,4.42,17.16
2026-07-05,Sunday,11,11:00-12:00,Email,Sales,0,1,9.31,2.94,15.68
2026-07-05,Sunday,11,11:00-12:00,Email,General,0,1,4.39,0.0,10.76
2026-07-05,Sunday,12,12:00-13:00,Voice,Billing,0,1,16.55,10.18,22.92
2026-07-05,Sunday,12,12:00-13:00,Voice,Technical,0,1,26.17,19.8,32.54
2026-07-05,Sunday,12,12:00-13:00,Voice,Sales,0,1,23.02,16.65,29.39
2026-07-05,Sunday,12,12:00-13:00,Voice,General,0,1,12.33,5.96,18.7
2026-07-05,Sunday,12,12:00-13:00,Chat,Billing,0,1,10.93,4.56,17.3
2026-07-05,Sunday,12,12:00-13:00,Chat,Technical,0,1,17.84,11.47,24.21
2026-07-05,Sunday,12,12:00-13:00,Chat,Sales,0,1,15.42,9.05,21.79
2026-07-05,Sunday,12,12:00-13:00,Chat,General,0,1,8.36,1.99,14.73
2026-07-05,Sunday,12,12:00-13:00,Email,Billing,0,1,6.52,0.15,12.89
2026-07-05,Sunday,12,12:00-13:00,Email,Technical,0,1,11.02,4.65,17.39
2026-07-05,Sunday,12,12:00-13:00,Email,Sales,0,1,9.14,2.77,15.51
2026-07-05,Sunday,12,12:00-13:00,Email,General,0,1,4.62,0.0,10.99
2026-07-05,Sunday,13,13:00-14:00,Voice,Billing,0,1,17.48,11.11,23.85
2026-07-05,Sunday,13,13:00-14:00,Voice,Technical,0,1,26.85,20.48,33.22
2026-07-05,Sunday,13,13:00-14:00,Voice,Sales,0,1,23.03,16.66,29.4
2026-07-05,Sunday,13,13:00-14:00,Voice,General,0,1,13.21,6.84,19.58
2026-07-05,Sunday,13,13:00-14:00,Chat,Billing,0,1,10.84,4.47,17.21
2026-07-05,Sunday,13,13:00-14:00,Chat,Technical,0,1,17.02,10.65,23.39
2026-07-05,Sunday,13,13:00-14:00,Chat,Sales,0,1,15.43,9.06,21.8
2026-07-05,Sunday,13,13:00-14:00,Chat,General,0,1,8.38,2.01,14.75
2026-07-05,Sunday,13,13:00-14:00,Email,Billing,0,1,6.31,0.0,12.68
2026-07-05,Sunday,13,13:00-14:00,Email,Technical,0,1,11.0,4.63,17.37
2026-07-05,Sunday,13,13:00-14:00,Email,Sales,0,1,9.46,3.09,15.83
2026-07-05,Sunday,13,13:00-14:00,Email,General,0,1,4.38,0.0,10.75
2026-07-05,Sunday,14,14:00-15:00,Voice,Billing,0,1,16.14,9.77,22.51
2026-07-05,Sunday,14,14:00-15:00,Voice,Technical,0,1,23.97,17.6,30.34
2026-07-05,Sunday,14,14:00-15:00,Voice,Sales,0,1,22.46,16.09,28.83
2026-07-05,Sunday,14,14:00-15:00,Voice,General,0,1,10.55,4.18,16.92
2026-07-05,Sunday,14,14:00-15:00,Chat,Billing,0,1,10.11,3.74,16.48
2026-07-05,Sunday,14,14:00-15:00,Chat,Technical,0,1,15.96,9.59,22.33
2026-07-05,Sunday,14,14:00-15:00,Chat,Sales,0,1,15.12,8.75,21.49
2026-07-05,Sunday,14,14:00-15:00,Chat,General,0,1,7.69,1.32,14.06
2026-07-05,Sunday,14,14:00-15:00,Email,Billing,0,1,6.61,0.24,12.98
2026-07-05,Sunday,14,14:00-15:00,Email,Technical,0,1,9.99,3.62,16.36
2026-07-05,Sunday,14,14:00-15:00,Email,Sales,0,1,9.09,2.72,15.46
2026-07-05,Sunday,14,14:00-15:00,Email,General,0,1,5.5,0.0,11.87
2026-07-05,Sunday,15,15:00-16:00,Voice,Billing,0,1,13.83,7.46,20.2
2026-07-05,Sunday,15,15:00-16:00,Voice,Technical,0,1,21.0,14.63,27.37
2026-07-05,Sunday,15,15:00-16:00,Voice,Sales,0,1,17.53,11.16,23.9
2026-07-05,Sunday,15,15:00-16:00,Voice,General,0,1,9.0,2.63,15.37
2026-07-05,Sunday,15,15:00-16:00,Chat,Billing,0,1,9.08,2.71,15.45
2026-07-05,Sunday,15,15:00-16:00,Chat,Technical,0,1,14.63,8.26,21.0
2026-07-05,Sunday,15,15:00-16:00,Chat,Sales,0,1,11.33,4.96,17.7
2026-07-05,Sunday,15,15:00-16:00,Chat,General,0,1,6.22,0.0,12.59
2026-07-05,Sunday,15,15:00-16:00,Email,Billing,0,1,5.49,0.0,11.86
2026-07-05,Sunday,15,15:00-16:00,Email,Technical,0,1,8.97,2.6,15.34
2026-07-05,Sunday,15,15:00-16:00,Email,Sales,0,1,7.66,1.29,14.03
2026-07-05,Sunday,15,15:00-16:00,Email,General,0,1,4.64,0.0,11.01
2026-07-05,Sunday,16,16:00-17:00,Voice,Billing,0,1,9.63,3.26,16.0
2026-07-05,Sunday,16,16:00-17:00,Voice,Technical,0,1,18.2,11.83,24.57
2026-07-05,Sunday,16,16:00-17:00,Voice,Sales,0,1,13.7,7.33,20.07
2026-07-05,Sunday,16,16:00-17:00,Voice,General,0,1,8.57,2.2,14.94
2026-07-05,Sunday,16,16:00-17:00,Chat,Billing,0,1,6.93,0.56,13.3
2026-07-05,Sunday,16,16:00-17:00,Chat,Technical,0,1,10.9,4.53,17.27
2026-07-05,Sunday,16,16:00-17:00,Chat,Sales,0,1,9.27,2.9,15.64
2026-07-05,Sunday,16,16:00-17:00,Chat,General,0,1,4.67,0.0,11.04
2026-07-05,Sunday,16,16:00-17:00,Email,Billing,0,1,4.62,0.0,10.99
2026-07-05,Sunday,16,16:00-17:00,Email,Technical,0,1,7.3,0.93,13.67
2026-07-05,Sunday,16,16:00-17:00,Email,Sales,0,1,6.05,0.0,12.42
2026-07-05,Sunday,16,16:00-17:00,Email,General,0,1,2.91,0.0,9.28
2026-07-05,Sunday,17,17:00-18:00,Voice,Billing,0,1,7.74,1.37,14.11
2026-07-05,Sunday,17,17:00-18:00,Voice,Technical,0,1,11.54,5.17,17.91
2026-07-05,Sunday,17,17:00-18:00,Voice,Sales,0,1,10.05,3.68,16.42
2026-07-05,Sunday,17,17:00-18:00,Voice,General,0,1,5.68,0.0,12.05
2026-07-05,Sunday,17,17:00-18:00,Chat,Billing,0,1,3.75,0.0,10.12
2026-07-05,Sunday,17,17:00-18:00,Chat,Technical,0,1,8.28,1.91,14.65
2026-07-05,Sunday,17,17:00-18:00,Chat,Sales,0,1,6.08,0.0,12.45
2026-07-05,Sunday,17,17:00-18:00,Chat,General,0,1,3.89,0.0,10.26
2026-07-05,Sunday,17,17:00-18:00,Email,Billing,0,1,3.22,0.0,9.59
2026-07-05,Sunday,17,17:00-18:00,Email,Technical,0,1,4.98,0.0,11.35
2026-07-05,Sunday,17,17:00-18:00,Email,Sales,0,1,3.93,0.0,10.3
2026-07-05,Sunday,17,17:00-18:00,Email,General,0,1,2.35,0.0,8.72
2026-07-05,Sunday,18,18:00-19:00,Voice,Billing,0,1,2.68,0.0,9.05
2026-07-05,Sunday,18,18:00-19:00,Voice,Technical,0,1,3.96,0.0,10.33
2026-07-05,Sunday,18,18:00-19:00,Voice,Sales,0,1,3.3,0.0,9.67
2026-07-05,Sunday,18,18:00-19:00,Voice,General,0,1,2.4,0.0,8.77
2026-07-05,Sunday,18,18:00-19:00,Chat,Billing,0,1,1.27,0.0,7.64
2026-07-05,Sunday,18,18:00-19:00,Chat,Technical,0,1,2.94,0.0,9.31
2026-07-05,Sunday,18,18:00-19:00,Chat,Sales,0,1,2.42,0.0,8.79
2026-07-05,Sunday,18,18:00-19:00,Chat,General,0,1,1.54,0.0,7.91
2026-07-05,Sunday,18,18:00-19:00,Email,Billing,0,1,0.82,0.0,7.19
2026-07-05,Sunday,18,18:00-19:00,Email,Technical,0,1,1.25,0.0,7.62
2026-07-05,Sunday,18,18:00-19:00,Email,Sales,0,1,1.51,0.0,7.88
2026-07-05,Sunday,18,18:00-19:00,Email,General,0,1,0.76,0.0,7.13
2026-07-05,Sunday,19,19:00-20:00,Voice,Billing,0,1,2.44,0.0,8.81
2026-07-05,Sunday,19,19:00-20:00,Voice,Technical,0,1,3.46,0.0,9.83
2026-07-05,Sunday,19,19:00-20:00,Voice,Sales,0,1,3.01,0.0,9.38
2026-07-05,Sunday,19,19:00-20:00,Voice,General,0,1,1.68,0.0,8.05
2026-07-05,Sunday,19,19:00-20:00,Chat,Billing,0,1,1.38,0.0,7.75
2026-07-05,Sunday,19,19:00-20:00,Chat,Technical,0,1,2.56,0.0,8.93
2026-07-05,Sunday,19,19:00-20:00,Chat,Sales,0,1,2.59,0.0,8.96
2026-07-05,Sunday,19,19:00-20:00,Chat,General,0,1,1.0,0.0,7.37
2026-07-05,Sunday,19,19:00-20:00,Email,Billing,0,1,1.23,0.0,7.6
2026-07-05,Sunday,19,19:00-20:00,Email,Technical,0,1,1.7,0.0,8.07
2026-07-05,Sunday,19,19:00-20:00,Email,Sales,0,1,1.27,0.0,7.64
2026-07-05,Sunday,19,19:00-20:00,Email,General,0,1,1.04,0.0,7.41
2026-07-05,Sunday,20,20:00-21:00,Voice,Billing,0,1,2.5,0.0,8.87
2026-07-05,Sunday,20,20:00-21:00,Voice,Technical,0,1,3.26,0.0,9.63
2026-07-05,Sunday,20,20:00-21:00,Voice,Sales,0,1,3.01,0.0,9.38
2026-07-05,Sunday,20,20:00-21:00,Voice,General,0,1,1.39,0.0,7.76
2026-07-05,Sunday,20,20:00-21:00,Chat,Billing,0,1,1.44,0.0,7.81
2026-07-05,Sunday,20,20:00-21:00,Chat,Technical,0,1,2.38,0.0,8.75
2026-07-05,Sunday,20,20:00-21:00,Chat,Sales,0,1,1.96,0.0,8.33
2026-07-05,Sunday,20,20:00-21:00,Chat,General,0,1,1.11,0.0,7.48
2026-07-05,Sunday,20,20:00-21:00,Email,Billing,0,1,0.87,0.0,7.24
2026-07-05,Sunday,20,20:00-21:00,Email,Technical,0,1,2.11,0.0,8.48
2026-07-05,Sunday,20,20:00-21:00,Email,Sales,0,1,1.05,0.0,7.42
2026-07-05,Sunday,20,20:00-21:00,Email,General,0,1,0.62,0.0,6.99
2026-07-05,Sunday,21,21:00-22:00,Voice,Billing,0,1,2.21,0.0,8.58
2026-07-05,Sunday,21,21:00-22:00,Voice,Technical,0,1,2.61,0.0,8.98
2026-07-05,Sunday,21,21:00-22:00,Voice,Sales,0,1,2.63,0.0,9.0
2026-07-05,Sunday,21,21:00-22:00,Voice,General,0,1,1.54,0.0,7.91
2026-07-05,Sunday,21,21:00-22:00,Chat,Billing,0,1,1.43,0.0,7.8
2026-07-05,Sunday,21,21:00-22:00,Chat,Technical,0,1,2.1,0.0,8.47
2026-07-05,Sunday,21,21:00-22:00,Chat,Sales,0,1,2.01,0.0,8.38
2026-07-05,Sunday,21,21:00-22:00,Chat,General,0,1,0.84,0.0,7.21
2026-07-05,Sunday,21,21:00-22:00,Email,Billing,0,1,1.02,0.0,7.39
2026-07-05,Sunday,21,21:00-22:00,Email,Technical,0,1,1.93,0.0,8.3
2026-07-05,Sunday,21,21:00-22:00,Email,Sales,0,1,1.43,0.0,7.8
2026-07-05,Sunday,21,21:00-22:00,Email,General,0,1,0.79,0.0,7.16
2026-07-05,Sunday,22,22:00-23:00,Voice,Billing,0,1,2.82,0.0,9.19
2026-07-05,Sunday,22,22:00-23:00,Voice,Technical,0,1,4.93,0.0,11.3
2026-07-05,Sunday,22,22:00-23:00,Voice,Sales,0,1,3.48,0.0,9.85
2026-07-05,Sunday,22,22:00-23:00,Voice,General,0,1,1.55,0.0,7.92
2026-07-05,Sunday,22,22:00-23:00,Chat,Billing,0,1,1.42,0.0,7.79
2026-07-05,Sunday,22,22:00-23:00,Chat,Technical,0,1,3.15,0.0,9.52
2026-07-05,Sunday,22,22:00-23:00,Chat,Sales,0,1,2.38,0.0,8.75
2026-07-05,Sunday,22,22:00-23:00,Chat,General,0,1,0.89,0.0,7.26
2026-07-05,Sunday,22,22:00-23:00,Email,Billing,0,1,0.88,0.0,7.25
2026-07-05,Sunday,22,22:00-23:00,Email,Technical,0,1,1.31,0.0,7.68
2026-07-05,Sunday,22,22:00-23:00,Email,Sales,0,1,1.29,0.0,7.66
2026-07-05,Sunday,22,22:00-23:00,Email,General,0,1,0.77,0.0,7.14
2026-07-05,Sunday,23,23:00-00:00,Voice,Billing,0,1,2.53,0.0,8.9
2026-07-05,Sunday,23,23:00-00:00,Voice,Technical,0,1,3.62,0.0,9.99
2026-07-05,Sunday,23,23:00-00:00,Voice,Sales,0,1,3.38,0.0,9.75
2026-07-05,Sunday,23,23:00-00:00,Voice,General,0,1,1.48,0.0,7.85
2026-07-05,Sunday,23,23:00-00:00,Chat,Billing,0,1,1.69,0.0,8.06
2026-07-05,Sunday,23,23:00-00:00,Chat,Technical,0,1,2.93,0.0,9.3
2026-07-05,Sunday,23,23:00-00:00,Chat,Sales,0,1,1.76,0.0,8.13
2026-07-05,Sunday,23,23:00-00:00,Chat,General,0,1,0.88,0.0,7.25
2026-07-05,Sunday,23,23:00-00:00,Email,Billing,0,1,0.74,0.0,7.11
2026-07-05,Sunday,23,23:00-00:00,Email,Technical,0,1,1.67,0.0,8.04
2026-07-05,Sunday,23,23:00-00:00,Email,Sales,0,1,1.13,0.0,7.5
2026-07-05,Sunday,23,23:00-00:00,Email,General,0,1,0.68,0.0,7.05
2026-07-06,Monday,0,00:00-01:00,Voice,Billing,0,0,5.99,0.0,12.36
2026-07-06,Monday,0,00:00-01:00,Voice,Technical,0,0,7.28,0.91,13.65
2026-07-06,Monday,0,00:00-01:00,Voice,Sales,0,0,7.61,1.24,13.98
2026-07-06,Monday,0,00:00-01:00,Voice,General,0,0,3.18,0.0,9.55
2026-07-06,Monday,0,00:00-01:00,Chat,Billing,0,0,3.64,0.0,10.01
2026-07-06,Monday,0,00:00-01:00,Chat,Technical,0,0,4.45,0.0,10.82
2026-07-06,Monday,0,00:00-01:00,Chat,Sales,0,0,4.77,0.0,11.14
2026-07-06,Monday,0,00:00-01:00,Chat,General,0,0,2.95,0.0,9.32
2026-07-06,Monday,0,00:00-01:00,Email,Billing,0,0,2.41,0.0,8.78
2026-07-06,Monday,0,00:00-01:00,Email,Technical,0,0,3.72,0.0,10.09
2026-07-06,Monday,0,00:00-01:00,Email,Sales,0,0,2.31,0.0,8.68
2026-07-06,Monday,0,00:00-01:00,Email,General,0,0,1.33,0.0,7.7
2026-07-06,Monday,1,01:00-02:00,Voice,Billing,0,0,5.65,0.0,12.02
2026-07-06,Monday,1,01:00-02:00,Voice,Technical,0,0,8.46,2.09,14.83
2026-07-06,Monday,1,01:00-02:00,Voice,Sales,0,0,6.93,0.56,13.3
2026-07-06,Monday,1,01:00-02:00,Voice,General,0,0,3.04,0.0,9.41
2026-07-06,Monday,1,01:00-02:00,Chat,Billing,0,0,3.98,0.0,10.35
2026-07-06,Monday,1,01:00-02:00,Chat,Technical,0,0,5.07,0.0,11.44
2026-07-06,Monday,1,01:00-02:00,Chat,Sales,0,0,4.53,0.0,10.9
2026-07-06,Monday,1,01:00-02:00,Chat,General,0,0,2.49,0.0,8.86
2026-07-06,Monday,1,01:00-02:00,Email,Billing,0,0,2.28,0.0,8.65
2026-07-06,Monday,1,01:00-02:00,Email,Technical,0,0,3.12,0.0,9.49
2026-07-06,Monday,1,01:00-02:00,Email,Sales,0,0,2.63,0.0,9.0
2026-07-06,Monday,1,01:00-02:00,Email,General,0,0,1.9,0.0,8.27
2026-07-06,Monday,2,02:00-03:00,Voice,Billing,0,0,5.76,0.0,12.13
2026-07-06,Monday,2,02:00-03:00,Voice,Technical,0,0,8.79,2.42,15.16
2026-07-06,Monday,2,02:00-03:00,Voice,Sales,0,0,6.32,0.0,12.69
2026-07-06,Monday,2,02:00-03:00,Voice,General,0,0,3.86,0.0,10.23
2026-07-06,Monday,2,02:00-03:00,Chat,Billing,0,0,3.42,0.0,9.79
2026-07-06,Monday,2,02:00-03:00,Chat,Technical,0,0,5.05,0.0,11.42
2026-07-06,Monday,2,02:00-03:00,Chat,Sales,0,0,3.96,0.0,10.33
2026-07-06,Monday,2,02:00-03:00,Chat,General,0,0,2.34,0.0,8.71
2026-07-06,Monday,2,02:00-03:00,Email,Billing,0,0,2.1,0.0,8.47
2026-07-06,Monday,2,02:00-03:00,Email,Technical,0,0,3.17,0.0,9.54
2026-07-06,Monday,2,02:00-03:00,Email,Sales,0,0,2.96,0.0,9.33
2026-07-06,Monday,2,02:00-03:00,Email,General,0,0,1.33,0.0,7.7
2026-07-06,Monday,3,03:00-04:00,Voice,Billing,0,0,5.1,0.0,11.47
2026-07-06,Monday,3,03:00-04:00,Voice,Technical,0,0,6.49,0.12,12.86
2026-07-06,Monday,3,03:00-04:00,Voice,Sales,0,0,5.76,0.0,12.13
2026-07-06,Monday,3,03:00-04:00,Voice,General,0,0,2.68,0.0,9.05
2026-07-06,Monday,3,03:00-04:00,Chat,Billing,0,0,3.17,0.0,9.54
2026-07-06,Monday,3,03:00-04:00,Chat,Technical,0,0,4.89,0.0,11.26
2026-07-06,Monday,3,03:00-04:00,Chat,Sales,0,0,4.19,0.0,10.56
2026-07-06,Monday,3,03:00-04:00,Chat,General,0,0,2.14,0.0,8.51
2026-07-06,Monday,3,03:00-04:00,Email,Billing,0,0,2.13,0.0,8.5
2026-07-06,Monday,3,03:00-04:00,Email,Technical,0,0,3.03,0.0,9.4
2026-07-06,Monday,3,03:00-04:00,Email,Sales,0,0,2.99,0.0,9.36
2026-07-06,Monday,3,03:00-04:00,Email,General,0,0,1.37,0.0,7.74
2026-07-06,Monday,4,04:00-05:00,Voice,Billing,0,0,4.88,0.0,11.25
2026-07-06,Monday,4,04:00-05:00,Voice,Technical,0,0,6.63,0.26,13.0
2026-07-06,Monday,4,04:00-05:00,Voice,Sales,0,0,5.68,0.0,12.05
2026-07-06,Monday,4,04:00-05:00,Voice,General,0,0,2.87,0.0,9.24
2026-07-06,Monday,4,04:00-05:00,Chat,Billing,0,0,2.98,0.0,9.35
2026-07-06,Monday,4,04:00-05:00,Chat,Technical,0,0,5.63,0.0,12.0
2026-07-06,Monday,4,04:00-05:00,Chat,Sales,0,0,3.82,0.0,10.19
2026-07-06,Monday,4,04:00-05:00,Chat,General,0,0,2.29,0.0,8.66
2026-07-06,Monday,4,04:00-05:00,Email,Billing,0,0,2.23,0.0,8.6
2026-07-06,Monday,4,04:00-05:00,Email,Technical,0,0,3.15,0.0,9.52
2026-07-06,Monday,4,04:00-05:00,Email,Sales,0,0,3.02,0.0,9.39
2026-07-06,Monday,4,04:00-05:00,Email,General,0,0,1.29,0.0,7.66
2026-07-06,Monday,5,05:00-06:00,Voice,Billing,0,0,4.53,0.0,10.9
2026-07-06,Monday,5,05:00-06:00,Voice,Technical,0,0,8.22,1.85,14.59
2026-07-06,Monday,5,05:00-06:00,Voice,Sales,0,0,5.92,0.0,12.29
2026-07-06,Monday,5,05:00-06:00,Voice,General,0,0,3.59,0.0,9.96
2026-07-06,Monday,5,05:00-06:00,Chat,Billing,0,0,2.58,0.0,8.95
2026-07-06,Monday,5,05:00-06:00,Chat,Technical,0,0,4.85,0.0,11.22
2026-07-06,Monday,5,05:00-06:00,Chat,Sales,0,0,4.2,0.0,10.57
2026-07-06,Monday,5,05:00-06:00,Chat,General,0,0,2.52,0.0,8.89
2026-07-06,Monday,5,05:00-06:00,Email,Billing,0,0,1.83,0.0,8.2
2026-07-06,Monday,5,05:00-06:00,Email,Technical,0,0,3.18,0.0,9.55
2026-07-06,Monday,5,05:00-06:00,Email,Sales,0,0,2.95,0.0,9.32
2026-07-06,Monday,5,05:00-06:00,Email,General,0,0,1.16,0.0,7.53
2026-07-06,Monday,6,06:00-07:00,Voice,Billing,0,0,4.8,0.0,11.17
2026-07-06,Monday,6,06:00-07:00,Voice,Technical,0,0,7.97,1.6,14.34
2026-07-06,Monday,6,06:00-07:00,Voice,Sales,0,0,5.09,0.0,11.46
2026-07-06,Monday,6,06:00-07:00,Voice,General,0,0,4.38,0.0,10.75
2026-07-06,Monday,6,06:00-07:00,Chat,Billing,0,0,3.14,0.0,9.51
2026-07-06,Monday,6,06:00-07:00,Chat,Technical,0,0,5.48,0.0,11.85
2026-07-06,Monday,6,06:00-07:00,Chat,Sales,0,0,4.38,0.0,10.75
2026-07-06,Monday,6,06:00-07:00,Chat,General,0,0,2.4,0.0,8.77
2026-07-06,Monday,6,06:00-07:00,Email,Billing,0,0,2.17,0.0,8.54
2026-07-06,Monday,6,06:00-07:00,Email,Technical,0,0,3.29,0.0,9.66
2026-07-06,Monday,6,06:00-07:00,Email,Sales,0,0,2.66,0.0,9.03
2026-07-06,Monday,6,06:00-07:00,Email,General,0,0,1.61,0.0,7.98
2026-07-06,Monday,7,07:00-08:00,Voice,Billing,0,0,4.44,0.0,10.81
2026-07-06,Monday,7,07:00-08:00,Voice,Technical,0,0,7.29,0.92,13.66
2026-07-06,Monday,7,07:00-08:00,Voice,Sales,0,0,6.01,0.0,12.38
2026-07-06,Monday,7,07:00-08:00,Voice,General,0,0,3.39,0.0,9.76
2026-07-06,Monday,7,07:00-08:00,Chat,Billing,0,0,2.36,0.0,8.73
2026-07-06,Monday,7,07:00-08:00,Chat,Technical,0,0,4.6,0.0,10.97
2026-07-06,Monday,7,07:00-08:00,Chat,Sales,0,0,3.46,0.0,9.83
2026-07-06,Monday,7,07:00-08:00,Chat,General,0,0,2.5,0.0,8.87
2026-07-06,Monday,7,07:00-08:00,Email,Billing,0,0,2.0,0.0,8.37
2026-07-06,Monday,7,07:00-08:00,Email,Technical,0,0,2.53,0.0,8.9
2026-07-06,Monday,7,07:00-08:00,Email,Sales,0,0,2.01,0.0,8.38
2026-07-06,Monday,7,07:00-08:00,Email,General,0,0,1.4,0.0,7.77
2026-07-06,Monday,8,08:00-09:00,Voice,Billing,0,0,12.09,5.72,18.46
2026-07-06,Monday,8,08:00-09:00,Voice,Technical,0,0,24.06,17.69,30.43
2026-07-06,Monday,8,08:00-09:00,Voice,Sales,0,0,21.13,14.76,27.5
2026-07-06,Monday,8,08:00-09:00,Voice,General,0,0,10.24,3.87,16.61
2026-07-06,Monday,8,08:00-09:00,Chat,Billing,0,0,7.97,1.6,14.34
2026-07-06,Monday,8,08:00-09:00,Chat,Technical,0,0,16.72,10.35,23.09
2026-07-06,Monday,8,08:00-09:00,Chat,Sales,0,0,13.6,7.23,19.97
2026-07-06,Monday,8,08:00-09:00,Chat,General,0,0,7.1,0.73,13.47
2026-07-06,Monday,8,08:00-09:00,Email,Billing,0,0,6.48,0.11,12.85
2026-07-06,Monday,8,08:00-09:00,Email,Technical,0,0,10.21,3.84,16.58
2026-07-06,Monday,8,08:00-09:00,Email,Sales,0,0,7.01,0.64,13.38
2026-07-06,Monday,8,08:00-09:00,Email,General,0,0,4.38,0.0,10.75
2026-07-06,Monday,9,09:00-10:00,Voice,Billing,0,0,21.23,14.86,27.6
2026-07-06,Monday,9,09:00-10:00,Voice,Technical,0,0,32.74,26.37,39.11
2026-07-06,Monday,9,09:00-10:00,Voice,Sales,0,0,27.98,21.61,34.35
2026-07-06,Monday,9,09:00-10:00,Voice,General,0,0,15.82,9.45,22.19
2026-07-06,Monday,9,09:00-10:00,Chat,Billing,0,0,14.49,8.12,20.86
2026-07-06,Monday,9,09:00-10:00,Chat,Technical,0,0,22.74,16.37,29.11
2026-07-06,Monday,9,09:00-10:00,Chat,Sales,0,0,18.6,12.23,24.97
2026-07-06,Monday,9,09:00-10:00,Chat,General,0,0,11.1,4.73,17.47
2026-07-06,Monday,9,09:00-10:00,Email,Billing,0,0,8.71,2.34,15.08
2026-07-06,Monday,9,09:00-10:00,Email,Technical,0,0,12.7,6.33,19.07
2026-07-06,Monday,9,09:00-10:00,Email,Sales,0,0,11.82,5.45,18.19
2026-07-06,Monday,9,09:00-10:00,Email,General,0,0,6.2,0.0,12.57
2026-07-06,Monday,10,10:00-11:00,Voice,Billing,0,0,26.58,20.21,32.95
2026-07-06,Monday,10,10:00-11:00,Voice,Technical,0,0,43.42,37.05,49.79
2026-07-06,Monday,10,10:00-11:00,Voice,Sales,0,0,37.43,31.06,43.8
2026-07-06,Monday,10,10:00-11:00,Voice,General,0,0,19.8,13.43,26.17
2026-07-06,Monday,10,10:00-11:00,Chat,Billing,0,0,17.66,11.29,24.03
2026-07-06,Monday,10,10:00-11:00,Chat,Technical,0,0,29.4,23.03,35.77
2026-07-06,Monday,10,10:00-11:00,Chat,Sales,0,0,24.54,18.17,30.91
2026-07-06,Monday,10,10:00-11:00,Chat,General,0,0,13.05,6.68,19.42
2026-07-06,Monday,10,10:00-11:00,Email,Billing,0,0,11.26,4.89,17.63
2026-07-06,Monday,10,10:00-11:00,Email,Technical,0,0,19.2,12.83,25.57
2026-07-06,Monday,10,10:00-11:00,Email,Sales,0,0,15.36,8.99,21.73
2026-07-06,Monday,10,10:00-11:00,Email,General,0,0,8.82,2.45,15.19
2026-07-06,Monday,11,11:00-12:00,Voice,Billing,0,0,31.03,24.66,37.4
2026-07-06,Monday,11,11:00-12:00,Voice,Technical,0,0,49.47,43.1,55.84
2026-07-06,Monday,11,11:00-12:00,Voice,Sales,0,0,43.59,37.22,49.96
2026-07-06,Monday,11,11:00-12:00,Voice,General,0,0,24.61,18.24,30.98
2026-07-06,Monday,11,11:00-12:00,Chat,Billing,0,0,21.16,14.79,27.53
2026-07-06,Monday,11,11:00-12:00,Chat,Technical,0,0,33.61,27.24,39.98
2026-07-06,Monday,11,11:00-12:00,Chat,Sales,0,0,28.93,22.56,35.3
2026-07-06,Monday,11,11:00-12:00,Chat,General,0,0,15.48,9.11,21.85
2026-07-06,Monday,11,11:00-12:00,Email,Billing,0,0,12.68,6.31,19.05
2026-07-06,Monday,11,11:00-12:00,Email,Technical,0,0,20.81,14.44,27.18
2026-07-06,Monday,11,11:00-12:00,Email,Sales,0,0,18.25,11.88,24.62
2026-07-06,Monday,11,11:00-12:00,Email,General,0,0,9.03,2.66,15.4
2026-07-06,Monday,12,12:00-13:00,Voice,Billing,0,0,31.8,25.43,38.17
2026-07-06,Monday,12,12:00-13:00,Voice,Technical,0,0,54.18,47.81,60.55
2026-07-06,Monday,12,12:00-13:00,Voice,Sales,0,0,45.34,38.97,51.71
2026-07-06,Monday,12,12:00-13:00,Voice,General,0,0,25.42,19.05,31.79
2026-07-06,Monday,12,12:00-13:00,Chat,Billing,0,0,21.16,14.79,27.53
2026-07-06,Monday,12,12:00-13:00,Chat,Technical,0,0,34.18,27.81,40.55
2026-07-06,Monday,12,12:00-13:00,Chat,Sales,0,0,29.17,22.8,35.54
2026-07-06,Monday,12,12:00-13:00,Chat,General,0,0,16.53,10.16,22.9
2026-07-06,Monday,12,12:00-13:00,Email,Billing,0,0,12.97,6.6,19.34
2026-07-06,Monday,12,12:00-13:00,Email,Technical,0,0,21.45,15.08,27.82
2026-07-06,Monday,12,12:00-13:00,Email,Sales,0,0,18.46,12.09,24.83
2026-07-06,Monday,12,12:00-13:00,Email,General,0,0,9.62,3.25,15.99
2026-07-06,Monday,13,13:00-14:00,Voice,Billing,0,0,31.89,25.52,38.26
2026-07-06,Monday,13,13:00-14:00,Voice,Technical,0,0,52.54,46.17,58.91
2026-07-06,Monday,13,13:00-14:00,Voice,Sales,0,0,45.11,38.74,51.48
2026-07-06,Monday,13,13:00-14:00,Voice,General,0,0,25.32,18.95,31.69
2026-07-06,Monday,13,13:00-14:00,Chat,Billing,0,0,21.16,14.79,27.53
2026-07-06,Monday,13,13:00-14:00,Chat,Technical,0,0,34.44,28.07,40.81
2026-07-06,Monday,13,13:00-14:00,Chat,Sales,0,0,29.17,22.8,35.54
2026-07-06,Monday,13,13:00-14:00,Chat,General,0,0,16.62,10.25,22.99
2026-07-06,Monday,13,13:00-14:00,Email,Billing,0,0,12.97,6.6,19.34
2026-07-06,Monday,13,13:00-14:00,Email,Technical,0,0,21.45,15.08,27.82
2026-07-06,Monday,13,13:00-14:00,Email,Sales,0,0,18.46,12.09,24.83
2026-07-06,Monday,13,13:00-14:00,Email,General,0,0,9.59,3.22,15.96
2026-07-06,Monday,14,14:00-15:00,Voice,Billing,0,0,31.63,25.26,38.0
2026-07-06,Monday,14,14:00-15:00,Voice,Technical,0,0,52.65,46.28,59.02
2026-07-06,Monday,14,14:00-15:00,Voice,Sales,0,0,44.46,38.09,50.83
2026-07-06,Monday,14,14:00-15:00,Voice,General,0,0,22.05,15.68,28.42
2026-07-06,Monday,14,14:00-15:00,Chat,Billing,0,0,20.43,14.06,26.8
2026-07-06,Monday,14,14:00-15:00,Chat,Technical,0,0,33.98,27.61,40.35
2026-07-06,Monday,14,14:00-15:00,Chat,Sales,0,0,28.76,22.39,35.13
2026-07-06,Monday,14,14:00-15:00,Chat,General,0,0,15.75,9.38,22.12
2026-07-06,Monday,14,14:00-15:00,Email,Billing,0,0,12.88,6.51,19.25
2026-07-06,Monday,14,14:00-15:00,Email,Technical,0,0,20.67,14.3,27.04
2026-07-06,Monday,14,14:00-15:00,Email,Sales,0,0,18.33,11.96,24.7
2026-07-06,Monday,14,14:00-15:00,Email,General,0,0,9.5,3.13,15.87
2026-07-06,Monday,15,15:00-16:00,Voice,Billing,0,0,26.61,20.24,32.98
2026-07-06,Monday,15,15:00-16:00,Voice,Technical,0,0,44.09,37.72,50.46
2026-07-06,Monday,15,15:00-16:00,Voice,Sales,0,0,36.49,30.12,42.86
2026-07-06,Monday,15,15:00-16:00,Voice,General,0,0,20.15,13.78,26.52
2026-07-06,Monday,15,15:00-16:00,Chat,Billing,0,0,18.04,11.67,24.41
2026-07-06,Monday,15,15:00-16:00,Chat,Technical,0,0,30.2,23.83,36.57
2026-07-06,Monday,15,15:00-16:00,Chat,Sales,0,0,25.96,19.59,32.33
2026-07-06,Monday,15,15:00-16:00,Chat,General,0,0,12.85,6.48,19.22
2026-07-06,Monday,15,15:00-16:00,Email,Billing,0,0,10.89,4.52,17.26
2026-07-06,Monday,15,15:00-16:00,Email,Technical,0,0,18.85,12.48,25.22
2026-07-06,Monday,15,15:00-16:00,Email,Sales,0,0,16.6,10.23,22.97
2026-07-06,Monday,15,15:00-16:00,Email,General,0,0,7.86,1.49,14.23
2026-07-06,Monday,16,16:00-17:00,Voice,Billing,0,0,20.83,14.46,27.2
2026-07-06,Monday,16,16:00-17:00,Voice,Technical,0,0,34.47,28.1,40.84
2026-07-06,Monday,16,16:00-17:00,Voice,Sales,0,0,32.12,25.75,38.49
2026-07-06,Monday,16,16:00-17:00,Voice,General,0,0,16.47,10.1,22.84
2026-07-06,Monday,16,16:00-17:00,Chat,Billing,0,0,13.36,6.99,19.73
2026-07-06,Monday,16,16:00-17:00,Chat,Technical,0,0,23.84,17.47,30.21
2026-07-06,Monday,16,16:00-17:00,Chat,Sales,0,0,21.85,15.48,28.22
2026-07-06,Monday,16,16:00-17:00,Chat,General,0,0,10.78,4.41,17.15
2026-07-06,Monday,16,16:00-17:00,Email,Billing,0,0,9.37,3.0,15.74
2026-07-06,Monday,16,16:00-17:00,Email,Technical,0,0,12.54,6.17,18.91
2026-07-06,Monday,16,16:00-17:00,Email,Sales,0,0,12.44,6.07,18.81
2026-07-06,Monday,16,16:00-17:00,Email,General,0,0,7.4,1.03,13.77
2026-07-06,Monday,17,17:00-18:00,Voice,Billing,0,0,14.5,8.13,20.87
2026-07-06,Monday,17,17:00-18:00,Voice,Technical,0,0,22.11,15.74,28.48
2026-07-06,Monday,17,17:00-18:00,Voice,Sales,0,0,21.01,14.64,27.38
2026-07-06,Monday,17,17:00-18:00,Voice,General,0,0,11.3,4.93,17.67
2026-07-06,Monday,17,17:00-18:00,Chat,Billing,0,0,9.57,3.2,15.94
2026-07-06,Monday,17,17:00-18:00,Chat,Technical,0,0,16.52,10.15,22.89
2026-07-06,Monday,17,17:00-18:00,Chat,Sales,0,0,13.77,7.4,20.14
2026-07-06,Monday,17,17:00-18:00,Chat,General,0,0,6.1,0.0,12.47
2026-07-06,Monday,17,17:00-18:00,Email,Billing,0,0,6.09,0.0,12.46
2026-07-06,Monday,17,17:00-18:00,Email,Technical,0,0,9.27,2.9,15.64
2026-07-06,Monday,17,17:00-18:00,Email,Sales,0,0,7.64,1.27,14.01
2026-07-06,Monday,17,17:00-18:00,Email,General,0,0,4.42,0.0,10.79
2026-07-06,Monday,18,18:00-19:00,Voice,Billing,0,0,4.95,0.0,11.32
2026-07-06,Monday,18,18:00-19:00,Voice,Technical,0,0,7.75,1.38,14.12
2026-07-06,Monday,18,18:00-19:00,Voice,Sales,0,0,5.84,0.0,12.21
2026-07-06,Monday,18,18:00-19:00,Voice,General,0,0,4.35,0.0,10.72
2026-07-06,Monday,18,18:00-19:00,Chat,Billing,0,0,3.39,0.0,9.76
2026-07-06,Monday,18,18:00-19:00,Chat,Technical,0,0,5.2,0.0,11.57
2026-07-06,Monday,18,18:00-19:00,Chat,Sales,0,0,4.19,0.0,10.56
2026-07-06,Monday,18,18:00-19:00,Chat,General,0,0,2.51,0.0,8.88
2026-07-06,Monday,18,18:00-19:00,Email,Billing,0,0,2.08,0.0,8.45
2026-07-06,Monday,18,18:00-19:00,Email,Technical,0,0,3.69,0.0,10.06
2026-07-06,Monday,18,18:00-19:00,Email,Sales,0,0,2.63,0.0,9.0
2026-07-06,Monday,18,18:00-19:00,Email,General,0,0,1.39,0.0,7.76
2026-07-06,Monday,19,19:00-20:00,Voice,Billing,0,0,4.66,0.0,11.03
2026-07-06,Monday,19,19:00-20:00,Voice,Technical,0,0,7.65,1.28,14.02
2026-07-06,Monday,19,19:00-20:00,Voice,Sales,0,0,6.62,0.25,12.99
2026-07-06,Monday,19,19:00-20:00,Voice,General,0,0,3.8,0.0,10.17
2026-07-06,Monday,19,19:00-20:00,Chat,Billing,0,0,3.28,0.0,9.65
2026-07-06,Monday,19,19:00-20:00,Chat,Technical,0,0,5.35,0.0,11.72
2026-07-06,Monday,19,19:00-20:00,Chat,Sales,0,0,3.78,0.0,10.15
2026-07-06,Monday,19,19:00-20:00,Chat,General,0,0,2.56,0.0,8.93
2026-07-06,Monday,19,19:00-20:00,Email,Billing,0,0,2.15,0.0,8.52
2026-07-06,Monday,19,19:00-20:00,Email,Technical,0,0,3.16,0.0,9.53
2026-07-06,Monday,19,19:00-20:00,Email,Sales,0,0,2.7,0.0,9.07
2026-07-06,Monday,19,19:00-20:00,Email,General,0,0,1.39,0.0,7.76
2026-07-06,Monday,20,20:00-21:00,Voice,Billing,0,0,4.78,0.0,11.15
2026-07-06,Monday,20,20:00-21:00,Voice,Technical,0,0,7.85,1.48,14.22
2026-07-06,Monday,20,20:00-21:00,Voice,Sales,0,0,6.86,0.49,13.23
2026-07-06,Monday,20,20:00-21:00,Voice,General,0,0,3.62,0.0,9.99
2026-07-06,Monday,20,20:00-21:00,Chat,Billing,0,0,3.22,0.0,9.59
2026-07-06,Monday,20,20:00-21:00,Chat,Technical,0,0,5.31,0.0,11.68
2026-07-06,Monday,20,20:00-21:00,Chat,Sales,0,0,3.97,0.0,10.34
2026-07-06,Monday,20,20:00-21:00,Chat,General,0,0,2.5,0.0,8.87
2026-07-06,Monday,20,20:00-21:00,Email,Billing,0,0,2.25,0.0,8.62
2026-07-06,Monday,20,20:00-21:00,Email,Technical,0,0,2.89,0.0,9.26
2026-07-06,Monday,20,20:00-21:00,Email,Sales,0,0,2.49,0.0,8.86
2026-07-06,Monday,20,20:00-21:00,Email,General,0,0,1.44,0.0,7.81
2026-07-06,Monday,21,21:00-22:00,Voice,Billing,0,0,3.99,0.0,10.36
2026-07-06,Monday,21,21:00-22:00,Voice,Technical,0,0,7.79,1.42,14.16
2026-07-06,Monday,21,21:00-22:00,Voice,Sales,0,0,6.02,0.0,12.39
2026-07-06,Monday,21,21:00-22:00,Voice,General,0,0,3.82,0.0,10.19
2026-07-06,Monday,21,21:00-22:00,Chat,Billing,0,0,3.32,0.0,9.69
2026-07-06,Monday,21,21:00-22:00,Chat,Technical,0,0,5.07,0.0,11.44
2026-07-06,Monday,21,21:00-22:00,Chat,Sales,0,0,4.04,0.0,10.41
2026-07-06,Monday,21,21:00-22:00,Chat,General,0,0,2.28,0.0,8.65
2026-07-06,Monday,21,21:00-22:00,Email,Billing,0,0,2.16,0.0,8.53
2026-07-06,Monday,21,21:00-22:00,Email,Technical,0,0,3.13,0.0,9.5
2026-07-06,Monday,21,21:00-22:00,Email,Sales,0,0,2.34,0.0,8.71
2026-07-06,Monday,21,21:00-22:00,Email,General,0,0,1.29,0.0,7.66
2026-07-06,Monday,22,22:00-23:00,Voice,Billing,0,0,4.54,0.0,10.91
2026-07-06,Monday,22,22:00-23:00,Voice,Technical,0,0,7.82,1.45,14.19
2026-07-06,Monday,22,22:00-23:00,Voice,Sales,0,0,6.66,0.29,13.03
2026-07-06,Monday,22,22:00-23:00,Voice,General,0,0,3.84,0.0,10.21
2026-07-06,Monday,22,22:00-23:00,Chat,Billing,0,0,3.36,0.0,9.73
2026-07-06,Monday,22,22:00-23:00,Chat,Technical,0,0,5.25,0.0,11.62
2026-07-06,Monday,22,22:00-23:00,Chat,Sales,0,0,4.01,0.0,10.38
2026-07-06,Monday,22,22:00-23:00,Chat,General,0,0,2.34,0.0,8.71
2026-07-06,Monday,22,22:00-23:00,Email,Billing,0,0,2.19,0.0,8.56
2026-07-06,Monday,22,22:00-23:00,Email,Technical,0,0,3.12,0.0,9.49
2026-07-06,Monday,22,22:00-23:00,Email,Sales,0,0,2.63,0.0,9.0
2026-07-06,Monday,22,22:00-23:00,Email,General,0,0,1.29,0.0,7.66
2026-07-06,Monday,23,23:00-00:00,Voice,Billing,0,0,4.59,0.0,10.96
2026-07-06,Monday,23,23:00-00:00,Voice,Technical,0,0,7.1,0.73,13.47
2026-07-06,Monday,23,23:00-00:00,Voice,Sales,0,0,6.64,0.27,13.01
2026-07-06,Monday,23,23:00-00:00,Voice,General,0,0,3.39,0.0,9.76
2026-07-06,Monday,23,23:00-00:00,Chat,Billing,0,0,3.29,0.0,9.66
2026-07-06,Monday,23,23:00-00:00,Chat,Technical,0,0,4.92,0.0,11.29
2026-07-06,Monday,23,23:00-00:00,Chat,Sales,0,0,3.98,0.0,10.35
2026-07-06,Monday,23,23:00-00:00,Chat,General,0,0,2.12,0.0,8.49
2026-07-06,Monday,23,23:00-00:00,Email,Billing,0,0,2.03,0.0,8.4
2026-07-06,Monday,23,23:00-00:00,Email,Technical,0,0,3.22,0.0,9.59
2026-07-06,Monday,23,23:00-00:00,Email,Sales,0,0,2.43,0.0,8.8
2026-07-06,Monday,23,23:00-00:00,Email,General,0,0,1.66,0.0,8.03
