date,day_of_week,hour,interval,channel,skill_group,holiday,is_weekend,lag_24,lag_168,rolling_mean_24,predicted_calls
2026-06-30,Tuesday,0,00:00-01:00,Voice,Billing,0,0,6,6,12.583333333333334,4.89
2026-06-30,Tuesday,0,00:00-01:00,Voice,Technical,0,0,13,13,19.041666666666668,8.09
2026-06-30,Tuesday,0,00:00-01:00,Voice,Sales,0,0,9,9,16.75,5.47
2026-06-30,Tuesday,0,00:00-01:00,Voice,General,0,0,4,4,9.083333333333334,3.51
2026-06-30,Tuesday,0,00:00-01:00,Chat,Billing,0,0,5,5,8.291666666666666,3.05
2026-06-30,Tuesday,0,00:00-01:00,Chat,Technical,0,0,8,8,13.291666666666666,4.99
2026-06-30,Tuesday,0,00:00-01:00,Chat,Sales,0,0,9,9,10.916666666666666,5.35
2026-06-30,Tuesday,0,00:00-01:00,Chat,General,0,0,2,2,5.708333333333333,2.61
2026-06-30,Tuesday,0,00:00-01:00,Email,Billing,0,0,4,4,4.708333333333333,2.37
2026-06-30,Tuesday,0,00:00-01:00,Email,Technical,0,0,3,3,9.208333333333334,3.23
2026-06-30,Tuesday,0,00:00-01:00,Email,Sales,0,0,6,6,6.25,3.01
2026-06-30,Tuesday,0,00:00-01:00,Email,General,0,0,1,1,3.5,1.74
2026-06-30,Tuesday,1,01:00-02:00,Voice,Billing,0,0,2,2,12.708333333333334,4.89
2026-06-30,Tuesday,1,01:00-02:00,Voice,Technical,0,0,6,6,19.291666666666668,6.34
2026-06-30,Tuesday,1,01:00-02:00,Voice,Sales,0,0,2,2,17.041666666666668,7.14
2026-06-30,Tuesday,1,01:00-02:00,Voice,General,0,0,3,3,9.208333333333334,3.52
2026-06-30,Tuesday,1,01:00-02:00,Chat,Billing,0,0,2,2,8.333333333333334,3.05
2026-06-30,Tuesday,1,01:00-02:00,Chat,Technical,0,0,2,2,13.583333333333334,5.02
2026-06-30,Tuesday,1,01:00-02:00,Chat,Sales,0,0,3,3,11.041666666666666,3.95
2026-06-30,Tuesday,1,01:00-02:00,Chat,General,0,0,2,2,5.791666666666667,2.62
2026-06-30,Tuesday,1,01:00-02:00,Email,Billing,0,0,2,2,4.791666666666667,2.07
2026-06-30,Tuesday,1,01:00-02:00,Email,Technical,0,0,2,2,9.208333333333334,3.28
2026-06-30,Tuesday,1,01:00-02:00,Email,Sales,0,0,2,2,6.5,2.47
2026-06-30,Tuesday,1,01:00-02:00,Email,General,0,0,0,0,3.5416666666666665,1.74
2026-06-30,Tuesday,2,02:00-03:00,Voice,Billing,0,0,3,3,12.708333333333334,4.91
2026-06-30,Tuesday,2,02:00-03:00,Voice,Technical,0,0,3,3,19.25,6.66
2026-06-30,Tuesday,2,02:00-03:00,Voice,Sales,0,0,6,6,16.875,6.36
2026-06-30,Tuesday,2,02:00-03:00,Voice,General,0,0,7,7,9.208333333333334,4.65
2026-06-30,Tuesday,2,02:00-03:00,Chat,Billing,0,0,3,3,8.333333333333334,3.09
2026-06-30,Tuesday,2,02:00-03:00,Chat,Technical,0,0,2,2,13.5,5.02
2026-06-30,Tuesday,2,02:00-03:00,Chat,Sales,0,0,4,4,11.041666666666666,3.88
2026-06-30,Tuesday,2,02:00-03:00,Chat,General,0,0,0,0,5.791666666666667,2.62
2026-06-30,Tuesday,2,02:00-03:00,Email,Billing,0,0,3,3,4.75,2.07
2026-06-30,Tuesday,2,02:00-03:00,Email,Technical,0,0,1,1,9.166666666666666,3.28
2026-06-30,Tuesday,2,02:00-03:00,Email,Sales,0,0,1,1,6.5,2.47
2026-06-30,Tuesday,2,02:00-03:00,Email,General,0,0,0,0,3.5,1.74
2026-06-30,Tuesday,3,03:00-04:00,Voice,Billing,0,0,4,4,12.666666666666666,5.0
2026-06-30,Tuesday,3,03:00-04:00,Voice,Technical,0,0,11,11,19.25,6.63
2026-06-30,Tuesday,3,03:00-04:00,Voice,Sales,0,0,14,14,17.0,9.72
2026-06-30,Tuesday,3,03:00-04:00,Voice,General,0,0,5,5,9.375,3.63
2026-06-30,Tuesday,3,03:00-04:00,Chat,Billing,0,0,4,4,8.458333333333334,3.12
2026-06-30,Tuesday,3,03:00-04:00,Chat,Technical,0,0,10,10,13.541666666666666,6.5
2026-06-30,Tuesday,3,03:00-04:00,Chat,Sales,0,0,6,6,11.125,3.92
2026-06-30,Tuesday,3,03:00-04:00,Chat,General,0,0,5,5,5.75,2.44
2026-06-30,Tuesday,3,03:00-04:00,Email,Billing,0,0,2,2,4.875,2.07
2026-06-30,Tuesday,3,03:00-04:00,Email,Technical,0,0,2,2,9.208333333333334,3.28
2026-06-30,Tuesday,3,03:00-04:00,Email,Sales,0,0,1,1,6.458333333333333,2.37
2026-06-30,Tuesday,3,03:00-04:00,Email,General,0,0,4,4,3.5,2.06
2026-06-30,Tuesday,4,04:00-05:00,Voice,Billing,0,0,5,5,12.75,4.9
2026-06-30,Tuesday,4,04:00-05:00,Voice,Technical,0,0,16,16,19.541666666666668,13.34
2026-06-30,Tuesday,4,04:00-05:00,Voice,Sales,0,0,13,13,17.5,9.05
2026-06-30,Tuesday,4,04:00-05:00,Voice,General,0,0,5,5,9.541666666666666,3.58
2026-06-30,Tuesday,4,04:00-05:00,Chat,Billing,0,0,5,5,8.625,3.17
2026-06-30,Tuesday,4,04:00-05:00,Chat,Technical,0,0,8,8,13.958333333333334,5.03
2026-06-30,Tuesday,4,04:00-05:00,Chat,Sales,0,0,6,6,11.333333333333334,4.43
2026-06-30,Tuesday,4,04:00-05:00,Chat,General,0,0,7,7,5.833333333333333,4.65
2026-06-30,Tuesday,4,04:00-05:00,Email,Billing,0,0,3,3,4.916666666666667,2.08
2026-06-30,Tuesday,4,04:00-05:00,Email,Technical,0,0,9,9,9.25,3.89
2026-06-30,Tuesday,4,04:00-05:00,Email,Sales,0,0,2,2,6.375,2.27
2026-06-30,Tuesday,4,04:00-05:00,Email,General,0,0,2,2,3.625,1.74
2026-06-30,Tuesday,5,05:00-06:00,Voice,Billing,0,0,9,9,12.916666666666666,4.96
2026-06-30,Tuesday,5,05:00-06:00,Voice,Technical,0,0,11,11,20.041666666666668,5.27
2026-06-30,Tuesday,5,05:00-06:00,Voice,Sales,0,0,17,17,17.958333333333332,11.86
2026-06-30,Tuesday,5,05:00-06:00,Voice,General,0,0,7,7,9.625,4.46
2026-06-30,Tuesday,5,05:00-06:00,Chat,Billing,0,0,6,6,8.791666666666666,3.46
2026-06-30,Tuesday,5,05:00-06:00,Chat,Technical,0,0,6,6,14.166666666666666,5.37
2026-06-30,Tuesday,5,05:00-06:00,Chat,Sales,0,0,5,5,11.375,4.56
2026-06-30,Tuesday,5,05:00-06:00,Chat,General,0,0,3,3,6.041666666666667,2.57
2026-06-30,Tuesday,5,05:00-06:00,Email,Billing,0,0,2,2,5.0,2.07
2026-06-30,Tuesday,5,05:00-06:00,Email,Technical,0,0,1,1,9.5,3.21
2026-06-30,Tuesday,5,05:00-06:00,Email,Sales,0,0,4,4,6.458333333333333,2.6
2026-06-30,Tuesday,5,05:00-06:00,Email,General,0,0,2,2,3.7083333333333335,1.74
2026-06-30,Tuesday,6,06:00-07:00,Voice,Billing,0,0,1,1,13.166666666666666,5.06
2026-06-30,Tuesday,6,06:00-07:00,Voice,Technical,0,0,2,2,20.375,6.65
2026-06-30,Tuesday,6,06:00-07:00,Voice,Sales,0,0,2,2,18.666666666666668,6.71
2026-06-30,Tuesday,6,06:00-07:00,Voice,General,0,0,1,1,9.875,3.49
2026-06-30,Tuesday,6,06:00-07:00,Chat,Billing,0,0,0,0,9.0,3.15
2026-06-30,Tuesday,6,06:00-07:00,Chat,Technical,0,0,1,1,14.208333333333334,5.79
2026-06-30,Tuesday,6,06:00-07:00,Chat,Sales,0,0,2,2,11.583333333333334,4.37
2026-06-30,Tuesday,6,06:00-07:00,Chat,General,0,0,1,1,6.125,2.61
2026-06-30,Tuesday,6,06:00-07:00,Email,Billing,0,0,1,1,5.0,2.07
2026-06-30,Tuesday,6,06:00-07:00,Email,Technical,0,0,2,2,9.458333333333334,3.21
2026-06-30,Tuesday,6,06:00-07:00,Email,Sales,0,0,1,1,6.625,2.49
2026-06-30,Tuesday,6,06:00-07:00,Email,General,0,0,1,1,3.7916666666666665,1.74
2026-06-30,Tuesday,7,07:00-08:00,Voice,Billing,0,0,4,4,13.041666666666666,4.86
2026-06-30,Tuesday,7,07:00-08:00,Voice,Technical,0,0,4,4,20.25,7.73
2026-06-30,Tuesday,7,07:00-08:00,Voice,Sales,0,0,1,1,18.625,6.44
2026-06-30,Tuesday,7,07:00-08:00,Voice,General,0,0,1,1,9.791666666666666,3.5
2026-06-30,Tuesday,7,07:00-08:00,Chat,Billing,0,0,1,1,8.916666666666666,3.1
2026-06-30,Tuesday,7,07:00-08:00,Chat,Technical,0,0,4,4,13.958333333333334,5.25
2026-06-30,Tuesday,7,07:00-08:00,Chat,Sales,0,0,6,6,11.541666666666666,4.41
2026-06-30,Tuesday,7,07:00-08:00,Chat,General,0,0,2,2,6.041666666666667,2.61
2026-06-30,Tuesday,7,07:00-08:00,Email,Billing,0,0,1,1,4.916666666666667,2.07
2026-06-30,Tuesday,7,07:00-08:00,Email,Technical,0,0,1,1,9.25,3.29
2026-06-30,Tuesday,7,07:00-08:00,Email,Sales,0,0,0,0,6.666666666666667,2.49
2026-06-30,Tuesday,7,07:00-08:00,Email,General,0,0,1,1,3.6666666666666665,1.74
2026-06-30,Tuesday,8,08:00-09:00,Voice,Billing,0,0,12,12,13.125,12.62
2026-06-30,Tuesday,8,08:00-09:00,Voice,Technical,0,0,28,28,20.166666666666668,28.46
2026-06-30,Tuesday,8,08:00-09:00,Voice,Sales,0,0,11,11,18.333333333333332,11.12
2026-06-30,Tuesday,8,08:00-09:00,Voice,General,0,0,7,7,9.666666666666666,7.8
2026-06-30,Tuesday,8,08:00-09:00,Chat,Billing,0,0,13,13,8.875,12.61
2026-06-30,Tuesday,8,08:00-09:00,Chat,Technical,0,0,14,14,14.0,14.15
2026-06-30,Tuesday,8,08:00-09:00,Chat,Sales,0,0,8,8,11.625,10.53
2026-06-30,Tuesday,8,08:00-09:00,Chat,General,0,0,8,8,6.083333333333333,9.15
2026-06-30,Tuesday,8,08:00-09:00,Email,Billing,0,0,8,8,4.833333333333333,9.13
2026-06-30,Tuesday,8,08:00-09:00,Email,Technical,0,0,6,6,9.0,8.76
2026-06-30,Tuesday,8,08:00-09:00,Email,Sales,0,0,6,6,6.583333333333333,6.97
2026-06-30,Tuesday,8,08:00-09:00,Email,General,0,0,6,6,3.625,6.76
2026-06-30,Tuesday,9,09:00-10:00,Voice,Billing,0,0,21,21,12.75,20.52
2026-06-30,Tuesday,9,09:00-10:00,Voice,Technical,0,0,29,29,20.416666666666668,30.3
2026-06-30,Tuesday,9,09:00-10:00,Voice,Sales,0,0,26,26,17.791666666666668,27.7
2026-06-30,Tuesday,9,09:00-10:00,Voice,General,0,0,14,14,9.625,13.82
2026-06-30,Tuesday,9,09:00-10:00,Chat,Billing,0,0,15,15,8.875,14.74
2026-06-30,Tuesday,9,09:00-10:00,Chat,Technical,0,0,20,20,13.708333333333334,19.98
2026-06-30,Tuesday,9,09:00-10:00,Chat,Sales,0,0,16,16,11.333333333333334,17.59
2026-06-30,Tuesday,9,09:00-10:00,Chat,General,0,0,12,12,6.083333333333333,12.2
2026-06-30,Tuesday,9,09:00-10:00,Email,Billing,0,0,11,11,4.791666666666667,10.71
2026-06-30,Tuesday,9,09:00-10:00,Email,Technical,0,0,15,15,8.75,14.74
2026-06-30,Tuesday,9,09:00-10:00,Email,Sales,0,0,9,9,6.375,10.26
2026-06-30,Tuesday,9,09:00-10:00,Email,General,0,0,7,7,3.625,7.42
2026-06-30,Tuesday,10,10:00-11:00,Voice,Billing,0,0,28,28,12.375,27.28
2026-06-30,Tuesday,10,10:00-11:00,Voice,Technical,0,0,46,46,20.25,40.01
2026-06-30,Tuesday,10,10:00-11:00,Voice,Sales,0,0,41,41,17.583333333333332,41.55
2026-06-30,Tuesday,10,10:00-11:00,Voice,General,0,0,19,19,9.583333333333334,19.49
2026-06-30,Tuesday,10,10:00-11:00,Chat,Billing,0,0,17,17,8.833333333333334,19.27
2026-06-30,Tuesday,10,10:00-11:00,Chat,Technical,0,0,30,30,13.708333333333334,27.84
2026-06-30,Tuesday,10,10:00-11:00,Chat,Sales,0,0,23,23,11.291666666666666,22.99
2026-06-30,Tuesday,10,10:00-11:00,Chat,General,0,0,11,11,6.291666666666667,11.57
2026-06-30,Tuesday,10,10:00-11:00,Email,Billing,0,0,12,12,4.916666666666667,10.93
2026-06-30,Tuesday,10,10:00-11:00,Email,Technical,0,0,17,17,8.5,18.85
2026-06-30,Tuesday,10,10:00-11:00,Email,Sales,0,0,19,19,6.125,15.77
2026-06-30,Tuesday,10,10:00-11:00,Email,General,0,0,10,10,3.6666666666666665,9.52
2026-06-30,Tuesday,11,11:00-12:00,Voice,Billing,0,0,29,29,12.708333333333334,30.15
2026-06-30,Tuesday,11,11:00-12:00,Voice,Technical,0,0,48,48,20.416666666666668,50.17
2026-06-30,Tuesday,11,11:00-12:00,Voice,Sales,0,0,52,52,18.166666666666668,44.0
2026-06-30,Tuesday,11,11:00-12:00,Voice,General,0,0,18,18,9.541666666666666,21.02
2026-06-30,Tuesday,11,11:00-12:00,Chat,Billing,0,0,16,16,8.833333333333334,18.6
2026-06-30,Tuesday,11,11:00-12:00,Chat,Technical,0,0,37,37,13.5,32.59
2026-06-30,Tuesday,11,11:00-12:00,Chat,Sales,0,0,29,29,11.583333333333334,27.82
2026-06-30,Tuesday,11,11:00-12:00,Chat,General,0,0,15,15,6.291666666666667,14.15
2026-06-30,Tuesday,11,11:00-12:00,Email,Billing,0,0,10,10,4.833333333333333,10.41
2026-06-30,Tuesday,11,11:00-12:00,Email,Technical,0,0,14,14,8.083333333333334,14.54
2026-06-30,Tuesday,11,11:00-12:00,Email,Sales,0,0,16,16,6.583333333333333,15.32
2026-06-30,Tuesday,11,11:00-12:00,Email,General,0,0,10,10,3.5,9.78
2026-06-30,Tuesday,12,12:00-13:00,Voice,Billing,0,0,34,34,12.625,30.73
2026-06-30,Tuesday,12,12:00-13:00,Voice,Technical,0,0,53,53,20.416666666666668,53.21
2026-06-30,Tuesday,12,12:00-13:00,Voice,Sales,0,0,44,44,17.916666666666668,45.06
2026-06-30,Tuesday,12,12:00-13:00,Voice,General,0,0,19,19,9.125,21.4
2026-06-30,Tuesday,12,12:00-13:00,Chat,Billing,0,0,21,21,8.458333333333334,20.91
2026-06-30,Tuesday,12,12:00-13:00,Chat,Technical,0,0,27,27,13.791666666666666,29.62
2026-06-30,Tuesday,12,12:00-13:00,Chat,Sales,0,0,30,30,11.875,28.36
2026-06-30,Tuesday,12,12:00-13:00,Chat,General,0,0,10,10,6.541666666666667,10.78
2026-06-30,Tuesday,12,12:00-13:00,Email,Billing,0,0,7,7,4.833333333333333,7.47
2026-06-30,Tuesday,12,12:00-13:00,Email,Technical,0,0,18,18,7.791666666666667,20.02
2026-06-30,Tuesday,12,12:00-13:00,Email,Sales,0,0,26,26,6.5,18.31
2026-06-30,Tuesday,12,12:00-13:00,Email,General,0,0,13,13,3.6666666666666665,10.24
2026-06-30,Tuesday,13,13:00-14:00,Voice,Billing,0,0,39,39,12.666666666666666,31.81
2026-06-30,Tuesday,13,13:00-14:00,Voice,Technical,0,0,42,42,20.625,46.77
2026-06-30,Tuesday,13,13:00-14:00,Voice,Sales,0,0,51,51,17.625,44.89
2026-06-30,Tuesday,13,13:00-14:00,Voice,General,0,0,23,23,9.125,22.32
2026-06-30,Tuesday,13,13:00-14:00,Chat,Billing,0,0,21,21,8.5,20.91
2026-06-30,Tuesday,13,13:00-14:00,Chat,Technical,0,0,34,34,13.375,32.59
2026-06-30,Tuesday,13,13:00-14:00,Chat,Sales,0,0,29,29,11.916666666666666,28.23
2026-06-30,Tuesday,13,13:00-14:00,Chat,General,0,0,16,16,6.416666666666667,15.48
2026-06-30,Tuesday,13,13:00-14:00,Email,Billing,0,0,14,14,4.75,11.68
2026-06-30,Tuesday,13,13:00-14:00,Email,Technical,0,0,33,33,7.5,22.87
2026-06-30,Tuesday,13,13:00-14:00,Email,Sales,0,0,15,15,6.791666666666667,14.85
2026-06-30,Tuesday,13,13:00-14:00,Email,General,0,0,8,8,3.75,9.26
2026-06-30,Tuesday,14,14:00-15:00,Voice,Billing,0,0,37,37,12.958333333333334,30.62
2026-06-30,Tuesday,14,14:00-15:00,Voice,Technical,0,0,54,54,20.125,52.23
2026-06-30,Tuesday,14,14:00-15:00,Voice,Sales,0,0,43,43,17.958333333333332,44.66
2026-06-30,Tuesday,14,14:00-15:00,Voice,General,0,0,20,20,8.708333333333334,21.46
2026-06-30,Tuesday,14,14:00-15:00,Chat,Billing,0,0,15,15,8.416666666666666,15.39
2026-06-30,Tuesday,14,14:00-15:00,Chat,Technical,0,0,41,41,13.75,35.04
2026-06-30,Tuesday,14,14:00-15:00,Chat,Sales,0,0,25,25,11.958333333333334,27.63
2026-06-30,Tuesday,14,14:00-15:00,Chat,General,0,0,19,19,6.25,15.18
2026-06-30,Tuesday,14,14:00-15:00,Email,Billing,0,0,14,14,4.625,11.68
2026-06-30,Tuesday,14,14:00-15:00,Email,Technical,0,0,16,16,8.166666666666666,18.21
2026-06-30,Tuesday,14,14:00-15:00,Email,Sales,0,0,18,18,6.708333333333333,15.88
2026-06-30,Tuesday,14,14:00-15:00,Email,General,0,0,7,7,3.7916666666666665,7.42
2026-06-30,Tuesday,15,15:00-16:00,Voice,Billing,0,0,26,26,13.25,26.68
2026-06-30,Tuesday,15,15:00-16:00,Voice,Technical,0,0,48,48,20.25,42.62
2026-06-30,Tuesday,15,15:00-16:00,Voice,Sales,0,0,43,43,18.291666666666668,40.72
2026-06-30,Tuesday,15,15:00-16:00,Voice,General,0,0,24,24,8.833333333333334,19.35
2026-06-30,Tuesday,15,15:00-16:00,Chat,Billing,0,0,23,23,8.333333333333334,16.37
2026-06-30,Tuesday,15,15:00-16:00,Chat,Technical,0,0,30,30,14.291666666666666,29.84
2026-06-30,Tuesday,15,15:00-16:00,Chat,Sales,0,0,16,16,12.25,18.89
2026-06-30,Tuesday,15,15:00-16:00,Chat,General,0,0,16,16,6.5,14.64
2026-06-30,Tuesday,15,15:00-16:00,Email,Billing,0,0,12,12,5.041666666666667,10.41
2026-06-30,Tuesday,15,15:00-16:00,Email,Technical,0,0,16,16,8.041666666666666,17.53
2026-06-30,Tuesday,15,15:00-16:00,Email,Sales,0,0,14,14,6.708333333333333,13.78
2026-06-30,Tuesday,15,15:00-16:00,Email,General,0,0,11,11,3.8333333333333335,9.31
2026-06-30,Tuesday,16,16:00-17:00,Voice,Billing,0,0,15,15,13.208333333333334,15.53
2026-06-30,Tuesday,16,16:00-17:00,Voice,Technical,0,0,28,28,20.75,30.6
2026-06-30,Tuesday,16,16:00-17:00,Voice,Sales,0,0,29,29,18.625,30.03
2026-06-30,Tuesday,16,16:00-17:00,Voice,General,0,0,26,26,9.166666666666666,20.01
2026-06-30,Tuesday,16,16:00-17:00,Chat,Billing,0,0,16,16,8.541666666666666,16.04
2026-06-30,Tuesday,16,16:00-17:00,Chat,Technical,0,0,18,18,14.416666666666666,19.38
2026-06-30,Tuesday,16,16:00-17:00,Chat,Sales,0,0,12,12,11.833333333333334,13.34
2026-06-30,Tuesday,16,16:00-17:00,Chat,General,0,0,5,5,6.666666666666667,6.93
2026-06-30,Tuesday,16,16:00-17:00,Email,Billing,0,0,5,5,5.208333333333333,6.34
2026-06-30,Tuesday,16,16:00-17:00,Email,Technical,0,0,11,11,8.0,11.3
2026-06-30,Tuesday,16,16:00-17:00,Email,Sales,0,0,13,13,6.958333333333333,13.21
2026-06-30,Tuesday,16,16:00-17:00,Email,General,0,0,4,4,4.083333333333333,5.39
2026-06-30,Tuesday,17,17:00-18:00,Voice,Billing,0,0,15,15,12.708333333333334,15.31
2026-06-30,Tuesday,17,17:00-18:00,Voice,Technical,0,0,33,33,20.5,30.05
2026-06-30,Tuesday,17,17:00-18:00,Voice,Sales,0,0,18,18,18.541666666666668,19.54
2026-06-30,Tuesday,17,17:00-18:00,Voice,General,0,0,16,16,9.666666666666666,16.14
2026-06-30,Tuesday,17,17:00-18:00,Chat,Billing,0,0,7,7,8.625,7.91
2026-06-30,Tuesday,17,17:00-18:00,Chat,Technical,0,0,13,13,13.916666666666666,14.34
2026-06-30,Tuesday,17,17:00-18:00,Chat,Sales,0,0,12,12,11.208333333333334,13.29
2026-06-30,Tuesday,17,17:00-18:00,Chat,General,0,0,9,9,6.375,9.87
2026-06-30,Tuesday,17,17:00-18:00,Email,Billing,0,0,3,3,5.083333333333333,2.86
2026-06-30,Tuesday,17,17:00-18:00,Email,Technical,0,0,6,6,7.75,7.76
2026-06-30,Tuesday,17,17:00-18:00,Email,Sales,0,0,7,7,7.041666666666667,7.27
2026-06-30,Tuesday,17,17:00-18:00,Email,General,0,0,3,3,4.166666666666667,2.62
2026-06-30,Tuesday,18,18:00-19:00,Voice,Billing,0,0,6,6,12.708333333333334,4.91
2026-06-30,Tuesday,18,18:00-19:00,Voice,Technical,0,0,10,10,21.083333333333332,8.09
2026-06-30,Tuesday,18,18:00-19:00,Voice,Sales,0,0,7,7,18.625,6.49
2026-06-30,Tuesday,18,18:00-19:00,Voice,General,0,0,2,2,9.875,3.52
2026-06-30,Tuesday,18,18:00-19:00,Chat,Billing,0,0,4,4,8.625,3.32
2026-06-30,Tuesday,18,18:00-19:00,Chat,Technical,0,0,14,14,13.333333333333334,13.59
2026-06-30,Tuesday,18,18:00-19:00,Chat,Sales,0,0,3,3,10.958333333333334,3.91
2026-06-30,Tuesday,18,18:00-19:00,Chat,General,0,0,3,3,6.583333333333333,2.54
2026-06-30,Tuesday,18,18:00-19:00,Email,Billing,0,0,4,4,5.0,2.0
2026-06-30,Tuesday,18,18:00-19:00,Email,Technical,0,0,5,5,7.833333333333333,2.8
2026-06-30,Tuesday,18,18:00-19:00,Email,Sales,0,0,4,4,6.875,2.74
2026-06-30,Tuesday,18,18:00-19:00,Email,General,0,0,2,2,4.041666666666667,1.7
2026-06-30,Tuesday,19,19:00-20:00,Voice,Billing,0,0,6,6,12.875,4.87
2026-06-30,Tuesday,19,19:00-20:00,Voice,Technical,0,0,7,7,21.25,7.81
2026-06-30,Tuesday,19,19:00-20:00,Voice,Sales,0,0,4,4,18.583333333333332,6.62
2026-06-30,Tuesday,19,19:00-20:00,Voice,General,0,0,2,2,9.833333333333334,3.52
2026-06-30,Tuesday,19,19:00-20:00,Chat,Billing,0,0,2,2,8.708333333333334,3.1
2026-06-30,Tuesday,19,19:00-20:00,Chat,Technical,0,0,4,4,13.791666666666666,5.09
2026-06-30,Tuesday,19,19:00-20:00,Chat,Sales,0,0,4,4,10.833333333333334,4.08
2026-06-30,Tuesday,19,19:00-20:00,Chat,General,0,0,3,3,6.541666666666667,2.54
2026-06-30,Tuesday,19,19:00-20:00,Email,Billing,0,0,0,0,5.083333333333333,2.05
2026-06-30,Tuesday,19,19:00-20:00,Email,Technical,0,0,3,3,7.958333333333333,3.0
2026-06-30,Tuesday,19,19:00-20:00,Email,Sales,0,0,4,4,7.041666666666667,2.78
2026-06-30,Tuesday,19,19:00-20:00,Email,General,0,0,3,3,4.125,1.62
2026-06-30,Tuesday,20,20:00-21:00,Voice,Billing,0,0,10,10,13.041666666666666,6.54
2026-06-30,Tuesday,20,20:00-21:00,Voice,Technical,0,0,12,12,21.25,8.25
2026-06-30,Tuesday,20,20:00-21:00,Voice,Sales,0,0,7,7,18.708333333333332,6.41
2026-06-30,Tuesday,20,20:00-21:00,Voice,General,0,0,4,4,9.791666666666666,3.54
2026-06-30,Tuesday,20,20:00-21:00,Chat,Billing,0,0,6,6,8.666666666666666,3.56
2026-06-30,Tuesday,20,20:00-21:00,Chat,Technical,0,0,3,3,13.833333333333334,5.08
2026-06-30,Tuesday,20,20:00-21:00,Chat,Sales,0,0,9,9,10.958333333333334,4.14
2026-06-30,Tuesday,20,20:00-21:00,Chat,General,0,0,2,2,6.583333333333333,2.51
2026-06-30,Tuesday,20,20:00-21:00,Email,Billing,0,0,2,2,5.083333333333333,2.05
2026-06-30,Tuesday,20,20:00-21:00,Email,Technical,0,0,4,4,8.0,3.0
2026-06-30,Tuesday,20,20:00-21:00,Email,Sales,0,0,1,1,7.208333333333333,2.79
2026-06-30,Tuesday,20,20:00-21:00,Email,General,0,0,0,0,4.208333333333333,1.72
2026-06-30,Tuesday,21,21:00-22:00,Voice,Billing,0,0,6,6,13.208333333333334,5.02
2026-06-30,Tuesday,21,21:00-22:00,Voice,Technical,0,0,10,10,21.625,8.33
2026-06-30,Tuesday,21,21:00-22:00,Voice,Sales,0,0,6,6,18.791666666666668,6.08
2026-06-30,Tuesday,21,21:00-22:00,Voice,General,0,0,5,5,9.916666666666666,3.56
2026-06-30,Tuesday,21,21:00-22:00,Chat,Billing,0,0,2,2,8.833333333333334,3.12
2026-06-30,Tuesday,21,21:00-22:00,Chat,Technical,0,0,4,4,13.916666666666666,5.1
2026-06-30,Tuesday,21,21:00-22:00,Chat,Sales,0,0,5,5,11.208333333333334,3.84
2026-06-30,Tuesday,21,21:00-22:00,Chat,General,0,0,3,3,6.458333333333333,2.56
2026-06-30,Tuesday,21,21:00-22:00,Email,Billing,0,0,1,1,5.166666666666667,2.07
2026-06-30,Tuesday,21,21:00-22:00,Email,Technical,0,0,3,3,8.083333333333334,3.07
2026-06-30,Tuesday,21,21:00-22:00,Email,Sales,0,0,2,2,7.25,2.81
2026-06-30,Tuesday,21,21:00-22:00,Email,General,0,0,2,2,4.166666666666667,1.72
2026-06-30,Tuesday,22,22:00-23:00,Voice,Billing,0,0,5,5,13.458333333333334,5.03
2026-06-30,Tuesday,22,22:00-23:00,Voice,Technical,0,0,7,7,21.958333333333332,7.76
2026-06-30,Tuesday,22,22:00-23:00,Voice,Sales,0,0,11,11,18.958333333333332,6.4
2026-06-30,Tuesday,22,22:00-23:00,Voice,General,0,0,12,12,9.916666666666666,11.67
2026-06-30,Tuesday,22,22:00-23:00,Chat,Billing,0,0,3,3,8.875,3.15
2026-06-30,Tuesday,22,22:00-23:00,Chat,Technical,0,0,6,6,13.958333333333334,5.18
2026-06-30,Tuesday,22,22:00-23:00,Chat,Sales,0,0,8,8,11.333333333333334,3.97
2026-06-30,Tuesday,22,22:00-23:00,Chat,General,0,0,5,5,6.541666666666667,2.46
2026-06-30,Tuesday,22,22:00-23:00,Email,Billing,0,0,3,3,5.166666666666667,2.0
2026-06-30,Tuesday,22,22:00-23:00,Email,Technical,0,0,4,4,8.125,3.05
2026-06-30,Tuesday,22,22:00-23:00,Email,Sales,0,0,7,7,7.291666666666667,4.3
2026-06-30,Tuesday,22,22:00-23:00,Email,General,0,0,2,2,4.25,1.72
2026-06-30,Tuesday,23,23:00-00:00,Voice,Billing,0,0,12,12,13.541666666666666,11.47
2026-06-30,Tuesday,23,23:00-00:00,Voice,Technical,0,0,10,10,21.833333333333332,7.48
2026-06-30,Tuesday,23,23:00-00:00,Voice,Sales,0,0,8,8,19.125,6.8
2026-06-30,Tuesday,23,23:00-00:00,Voice,General,0,0,4,4,10.208333333333334,3.56
2026-06-30,Tuesday,23,23:00-00:00,Chat,Billing,0,0,4,4,8.833333333333334,3.26
2026-06-30,Tuesday,23,23:00-00:00,Chat,Technical,0,0,4,4,14.083333333333334,5.05
2026-06-30,Tuesday,23,23:00-00:00,Chat,Sales,0,0,8,8,11.5,4.33
2026-06-30,Tuesday,23,23:00-00:00,Chat,General,0,0,3,3,6.666666666666667,2.55
2026-06-30,Tuesday,23,23:00-00:00,Email,Billing,0,0,3,3,5.208333333333333,2.0
2026-06-30,Tuesday,23,23:00-00:00,Email,Technical,0,0,2,2,8.041666666666666,3.06
2026-06-30,Tuesday,23,23:00-00:00,Email,Sales,0,0,3,3,7.541666666666667,2.87
2026-06-30,Tuesday,23,23:00-00:00,Email,General,0,0,3,3,4.208333333333333,1.64
2026-07-01,Wednesday,0,00:00-01:00,Voice,Billing,0,0,4,4,13.958333333333334,4.9
2026-07-01,Wednesday,0,00:00-01:00,Voice,Technical,0,0,8,8,22.125,7.98
2026-07-01,Wednesday,0,00:00-01:00,Voice,Sales,0,0,9,9,19.375,6.64
2026-07-01,Wednesday,0,00:00-01:00,Voice,General,0,0,6,6,10.333333333333334,3.99
2026-07-01,Wednesday,0,00:00-01:00,Chat,Billing,0,0,4,4,8.791666666666666,3.18
2026-07-01,Wednesday,0,00:00-01:00,Chat,Technical,0,0,6,6,14.166666666666666,5.26
2026-07-01,Wednesday,0,00:00-01:00,Chat,Sales,0,0,4,4,11.583333333333334,4.38
2026-07-01,Wednesday,0,00:00-01:00,Chat,General,0,0,6,6,6.75,2.82
2026-07-01,Wednesday,0,00:00-01:00,Email,Billing,0,0,2,2,5.291666666666667,2.07
2026-07-01,Wednesday,0,00:00-01:00,Email,Technical,0,0,4,4,8.083333333333334,3.01
2026-07-01,Wednesday,0,00:00-01:00,Email,Sales,0,0,4,4,7.541666666666667,2.91
2026-07-01,Wednesday,0,00:00-01:00,Email,General,0,0,5,5,4.25,2.05
2026-07-01,Wednesday,1,01:00-02:00,Voice,Billing,0,0,7,7,13.875,4.82
2026-07-01,Wednesday,1,01:00-02:00,Voice,Technical,0,0,15,15,21.916666666666668,9.68
2026-07-01,Wednesday,1,01:00-02:00,Voice,Sales,0,0,9,9,19.375,6.53
2026-07-01,Wednesday,1,01:00-02:00,Voice,General,0,0,5,5,10.416666666666666,3.64
2026-07-01,Wednesday,1,01:00-02:00,Chat,Billing,0,0,2,2,8.75,3.01
2026-07-01,Wednesday,1,01:00-02:00,Chat,Technical,0,0,10,10,14.083333333333334,5.65
2026-07-01,Wednesday,1,01:00-02:00,Chat,Sales,0,0,6,6,11.375,4.34
2026-07-01,Wednesday,1,01:00-02:00,Chat,General,0,0,3,3,6.916666666666667,2.49
2026-07-01,Wednesday,1,01:00-02:00,Email,Billing,0,0,1,1,5.208333333333333,2.07
2026-07-01,Wednesday,1,01:00-02:00,Email,Technical,0,0,6,6,8.125,3.23
2026-07-01,Wednesday,1,01:00-02:00,Email,Sales,0,0,7,7,7.458333333333333,4.15
2026-07-01,Wednesday,1,01:00-02:00,Email,General,0,0,4,4,4.416666666666667,1.96
2026-07-01,Wednesday,2,02:00-03:00,Voice,Billing,0,0,1,1,14.083333333333334,5.17
2026-07-01,Wednesday,2,02:00-03:00,Voice,Technical,0,0,3,3,22.291666666666668,7.42
2026-07-01,Wednesday,2,02:00-03:00,Voice,Sales,0,0,1,1,19.666666666666668,6.41
2026-07-01,Wednesday,2,02:00-03:00,Voice,General,0,0,0,0,10.5,3.53
2026-07-01,Wednesday,2,02:00-03:00,Chat,Billing,0,0,3,3,8.75,3.05
2026-07-01,Wednesday,2,02:00-03:00,Chat,Technical,0,0,4,4,14.416666666666666,5.13
2026-07-01,Wednesday,2,02:00-03:00,Chat,Sales,0,0,3,3,11.5,4.37
2026-07-01,Wednesday,2,02:00-03:00,Chat,General,0,0,0,0,6.958333333333333,2.45
2026-07-01,Wednesday,2,02:00-03:00,Email,Billing,0,0,0,0,5.166666666666667,2.07
2026-07-01,Wednesday,2,02:00-03:00,Email,Technical,0,0,1,1,8.291666666666666,2.95
2026-07-01,Wednesday,2,02:00-03:00,Email,Sales,0,0,1,1,7.666666666666667,2.76
2026-07-01,Wednesday,2,02:00-03:00,Email,General,0,0,1,1,4.583333333333333,1.77
2026-07-01,Wednesday,3,03:00-04:00,Voice,Billing,0,0,1,1,14.0,5.17
2026-07-01,Wednesday,3,03:00-04:00,Voice,Technical,0,0,8,8,22.291666666666668,7.89
2026-07-01,Wednesday,3,03:00-04:00,Voice,Sales,0,0,9,9,19.458333333333332,6.84
2026-07-01,Wednesday,3,03:00-04:00,Voice,General,0,0,5,5,10.208333333333334,3.63
2026-07-01,Wednesday,3,03:00-04:00,Chat,Billing,0,0,3,3,8.75,3.05
2026-07-01,Wednesday,3,03:00-04:00,Chat,Technical,0,0,12,12,14.5,9.93
2026-07-01,Wednesday,3,03:00-04:00,Chat,Sales,0,0,9,9,11.458333333333334,5.09
2026-07-01,Wednesday,3,03:00-04:00,Chat,General,0,0,2,2,6.958333333333333,2.45
2026-07-01,Wednesday,3,03:00-04:00,Email,Billing,0,0,3,3,5.041666666666667,2.07
2026-07-01,Wednesday,3,03:00-04:00,Email,Technical,0,0,3,3,8.291666666666666,2.99
2026-07-01,Wednesday,3,03:00-04:00,Email,Sales,0,0,1,1,7.666666666666667,2.76
2026-07-01,Wednesday,3,03:00-04:00,Email,General,0,0,3,3,4.625,1.86
2026-07-01,Wednesday,4,04:00-05:00,Voice,Billing,0,0,6,6,13.875,4.98
2026-07-01,Wednesday,4,04:00-05:00,Voice,Technical,0,0,13,13,22.166666666666668,7.98
2026-07-01,Wednesday,4,04:00-05:00,Voice,Sales,0,0,13,13,19.25,8.49
2026-07-01,Wednesday,4,04:00-05:00,Voice,General,0,0,8,8,10.208333333333334,4.69
2026-07-01,Wednesday,4,04:00-05:00,Chat,Billing,0,0,8,8,8.708333333333334,3.22
2026-07-01,Wednesday,4,04:00-05:00,Chat,Technical,0,0,7,7,14.583333333333334,5.06
2026-07-01,Wednesday,4,04:00-05:00,Chat,Sales,0,0,5,5,11.583333333333334,4.35
2026-07-01,Wednesday,4,04:00-05:00,Chat,General,0,0,4,4,6.833333333333333,2.77
2026-07-01,Wednesday,4,04:00-05:00,Email,Billing,0,0,4,4,5.083333333333333,2.27
2026-07-01,Wednesday,4,04:00-05:00,Email,Technical,0,0,4,4,8.333333333333334,3.04
2026-07-01,Wednesday,4,04:00-05:00,Email,Sales,0,0,3,3,7.666666666666667,2.8
2026-07-01,Wednesday,4,04:00-05:00,Email,General,0,0,3,3,4.583333333333333,1.85
2026-07-01,Wednesday,5,05:00-06:00,Voice,Billing,0,0,6,6,13.916666666666666,5.06
2026-07-01,Wednesday,5,05:00-06:00,Voice,Technical,0,0,4,4,22.041666666666668,7.64
2026-07-01,Wednesday,5,05:00-06:00,Voice,Sales,0,0,9,9,19.25,6.2
2026-07-01,Wednesday,5,05:00-06:00,Voice,General,0,0,3,3,10.333333333333334,3.5
2026-07-01,Wednesday,5,05:00-06:00,Chat,Billing,0,0,3,3,8.833333333333334,3.05
2026-07-01,Wednesday,5,05:00-06:00,Chat,Technical,0,0,8,8,14.541666666666666,4.79
2026-07-01,Wednesday,5,05:00-06:00,Chat,Sales,0,0,7,7,11.541666666666666,4.6
2026-07-01,Wednesday,5,05:00-06:00,Chat,General,0,0,4,4,6.708333333333333,2.77
2026-07-01,Wednesday,5,05:00-06:00,Email,Billing,0,0,3,3,5.125,2.09
2026-07-01,Wednesday,5,05:00-06:00,Email,Technical,0,0,3,3,8.125,2.98
2026-07-01,Wednesday,5,05:00-06:00,Email,Sales,0,0,4,4,7.708333333333333,2.91
2026-07-01,Wednesday,5,05:00-06:00,Email,General,0,0,5,5,4.625,2.05
2026-07-01,Wednesday,6,06:00-07:00,Voice,Billing,0,0,5,5,13.791666666666666,4.89
2026-07-01,Wednesday,6,06:00-07:00,Voice,Technical,0,0,11,11,21.75,6.82
2026-07-01,Wednesday,6,06:00-07:00,Voice,Sales,0,0,3,3,18.916666666666668,7.0
2026-07-01,Wednesday,6,06:00-07:00,Voice,General,0,0,3,3,10.166666666666666,3.46
2026-07-01,Wednesday,6,06:00-07:00,Chat,Billing,0,0,2,2,8.708333333333334,3.0
2026-07-01,Wednesday,6,06:00-07:00,Chat,Technical,0,0,2,2,14.625,5.2
2026-07-01,Wednesday,6,06:00-07:00,Chat,Sales,0,0,3,3,11.625,4.32
2026-07-01,Wednesday,6,06:00-07:00,Chat,General,0,0,1,1,6.75,2.45
2026-07-01,Wednesday,6,06:00-07:00,Email,Billing,0,0,2,2,5.166666666666667,2.07
2026-07-01,Wednesday,6,06:00-07:00,Email,Technical,0,0,3,3,8.208333333333334,2.99
2026-07-01,Wednesday,6,06:00-07:00,Email,Sales,0,0,3,3,7.708333333333333,2.8
2026-07-01,Wednesday,6,06:00-07:00,Email,General,0,0,2,2,4.75,1.8
2026-07-01,Wednesday,7,07:00-08:00,Voice,Billing,0,0,1,1,13.958333333333334,5.07
2026-07-01,Wednesday,7,07:00-08:00,Voice,Technical,0,0,6,6,22.125,7.09
2026-07-01,Wednesday,7,07:00-08:00,Voice,Sales,0,0,7,7,18.958333333333332,6.72
2026-07-01,Wednesday,7,07:00-08:00,Voice,General,0,0,2,2,10.25,3.47
2026-07-01,Wednesday,7,07:00-08:00,Chat,Billing,0,0,1,1,8.791666666666666,3.02
2026-07-01,Wednesday,7,07:00-08:00,Chat,Technical,0,0,2,2,14.666666666666666,5.2
2026-07-01,Wednesday,7,07:00-08:00,Chat,Sales,0,0,3,3,11.666666666666666,4.28
2026-07-01,Wednesday,7,07:00-08:00,Chat,General,0,0,1,1,6.75,2.45
2026-07-01,Wednesday,7,07:00-08:00,Email,Billing,0,0,1,1,5.208333333333333,2.07
2026-07-01,Wednesday,7,07:00-08:00,Email,Technical,0,0,1,1,8.25,2.96
2026-07-01,Wednesday,7,07:00-08:00,Email,Sales,0,0,1,1,7.791666666666667,2.79
2026-07-01,Wednesday,7,07:00-08:00,Email,General,0,0,0,0,4.791666666666667,1.81
2026-07-01,Wednesday,8,08:00-09:00,Voice,Billing,0,0,10,10,13.833333333333334,12.13
2026-07-01,Wednesday,8,08:00-09:00,Voice,Technical,0,0,17,17,22.208333333333332,20.18
2026-07-01,Wednesday,8,08:00-09:00,Voice,Sales,0,0,18,18,19.208333333333332,19.51
2026-07-01,Wednesday,8,08:00-09:00,Voice,General,0,0,13,13,10.291666666666666,12.64
2026-07-01,Wednesday,8,08:00-09:00,Chat,Billing,0,0,6,6,8.791666666666666,8.7
2026-07-01,Wednesday,8,08:00-09:00,Chat,Technical,0,0,9,9,14.583333333333334,11.31
2026-07-01,Wednesday,8,08:00-09:00,Chat,Sales,0,0,14,14,11.541666666666666,13.32
2026-07-01,Wednesday,8,08:00-09:00,Chat,General,0,0,5,5,6.708333333333333,6.86
2026-07-01,Wednesday,8,08:00-09:00,Email,Billing,0,0,10,10,5.208333333333333,10.01
2026-07-01,Wednesday,8,08:00-09:00,Email,Technical,0,0,15,15,8.25,14.39
2026-07-01,Wednesday,8,08:00-09:00,Email,Sales,0,0,10,10,7.833333333333333,10.01
2026-07-01,Wednesday,8,08:00-09:00,Email,General,0,0,5,5,4.75,6.2
2026-07-01,Wednesday,9,09:00-10:00,Voice,Billing,0,0,20,20,13.75,20.13
2026-07-01,Wednesday,9,09:00-10:00,Voice,Technical,0,0,21,21,21.75,21.79
2026-07-01,Wednesday,9,09:00-10:00,Voice,Sales,0,0,24,24,19.5,23.22
2026-07-01,Wednesday,9,09:00-10:00,Voice,General,0,0,15,15,10.541666666666666,14.79
2026-07-01,Wednesday,9,09:00-10:00,Chat,Billing,0,0,17,17,8.5,18.07
2026-07-01,Wednesday,9,09:00-10:00,Chat,Technical,0,0,28,28,14.375,28.63
2026-07-01,Wednesday,9,09:00-10:00,Chat,Sales,0,0,27,27,11.791666666666666,25.55
2026-07-01,Wednesday,9,09:00-10:00,Chat,General,0,0,11,11,6.583333333333333,11.48
2026-07-01,Wednesday,9,09:00-10:00,Email,Billing,0,0,5,5,5.291666666666667,6.32
2026-07-01,Wednesday,9,09:00-10:00,Email,Technical,0,0,10,10,8.625,10.73
2026-07-01,Wednesday,9,09:00-10:00,Email,Sales,0,0,9,9,8.0,10.26
2026-07-01,Wednesday,9,09:00-10:00,Email,General,0,0,9,9,4.708333333333333,9.63
2026-07-01,Wednesday,10,10:00-11:00,Voice,Billing,0,0,17,17,13.708333333333334,21.33
2026-07-01,Wednesday,10,10:00-11:00,Voice,Technical,0,0,41,41,21.416666666666668,42.06
2026-07-01,Wednesday,10,10:00-11:00,Voice,Sales,0,0,35,35,19.416666666666668,40.25
2026-07-01,Wednesday,10,10:00-11:00,Voice,General,0,0,21,21,10.583333333333334,21.84
2026-07-01,Wednesday,10,10:00-11:00,Chat,Billing,0,0,20,20,8.583333333333334,18.06
2026-07-01,Wednesday,10,10:00-11:00,Chat,Technical,0,0,28,28,14.708333333333334,29.36
2026-07-01,Wednesday,10,10:00-11:00,Chat,Sales,0,0,21,21,12.25,22.27
2026-07-01,Wednesday,10,10:00-11:00,Chat,General,0,0,8,8,6.541666666666667,9.48
2026-07-01,Wednesday,10,10:00-11:00,Email,Billing,0,0,12,12,5.041666666666667,11.09
2026-07-01,Wednesday,10,10:00-11:00,Email,Technical,0,0,10,10,8.416666666666666,10.69
2026-07-01,Wednesday,10,10:00-11:00,Email,Sales,0,0,16,16,8.0,17.13
2026-07-01,Wednesday,10,10:00-11:00,Email,General,0,0,9,9,4.791666666666667,9.96
2026-07-01,Wednesday,11,11:00-12:00,Voice,Billing,0,0,31,31,13.25,31.37
2026-07-01,Wednesday,11,11:00-12:00,Voice,Technical,0,0,38,38,21.208333333333332,42.08
2026-07-01,Wednesday,11,11:00-12:00,Voice,Sales,0,0,49,49,19.166666666666668,42.9
2026-07-01,Wednesday,11,11:00-12:00,Voice,General,0,0,23,23,10.666666666666666,24.03
2026-07-01,Wednesday,11,11:00-12:00,Chat,Billing,0,0,18,18,8.708333333333334,20.53
2026-07-01,Wednesday,11,11:00-12:00,Chat,Technical,0,0,29,29,14.625,31.17
2026-07-01,Wednesday,11,11:00-12:00,Chat,Sales,0,0,29,29,12.166666666666666,29.01
2026-07-01,Wednesday,11,11:00-12:00,Chat,General,0,0,11,11,6.416666666666667,11.57
2026-07-01,Wednesday,11,11:00-12:00,Email,Billing,0,0,10,10,5.041666666666667,10.39
2026-07-01,Wednesday,11,11:00-12:00,Email,Technical,0,0,23,23,8.125,20.56
2026-07-01,Wednesday,11,11:00-12:00,Email,Sales,0,0,15,15,7.875,15.14
2026-07-01,Wednesday,11,11:00-12:00,Email,General,0,0,14,14,4.75,11.3
2026-07-01,Wednesday,12,12:00-13:00,Voice,Billing,0,0,42,42,13.333333333333334,33.24
2026-07-01,Wednesday,12,12:00-13:00,Voice,Technical,0,0,54,54,20.791666666666668,53.59
2026-07-01,Wednesday,12,12:00-13:00,Voice,Sales,0,0,48,48,19.041666666666668,43.48
2026-07-01,Wednesday,12,12:00-13:00,Voice,General,0,0,25,25,10.875,25.8
2026-07-01,Wednesday,12,12:00-13:00,Chat,Billing,0,0,18,18,8.791666666666666,20.57
2026-07-01,Wednesday,12,12:00-13:00,Chat,Technical,0,0,38,38,14.291666666666666,33.91
2026-07-01,Wednesday,12,12:00-13:00,Chat,Sales,0,0,30,30,12.166666666666666,29.87
2026-07-01,Wednesday,12,12:00-13:00,Chat,General,0,0,20,20,6.25,16.16
2026-07-01,Wednesday,12,12:00-13:00,Email,Billing,0,0,24,24,5.041666666666667,15.13
2026-07-01,Wednesday,12,12:00-13:00,Email,Technical,0,0,19,19,8.5,20.56
2026-07-01,Wednesday,12,12:00-13:00,Email,Sales,0,0,22,22,7.833333333333333,20.07
2026-07-01,Wednesday,12,12:00-13:00,Email,General,0,0,5,5,4.916666666666667,6.29
2026-07-01,Wednesday,13,13:00-14:00,Voice,Billing,0,0,37,37,13.666666666666666,31.14
2026-07-01,Wednesday,13,13:00-14:00,Voice,Technical,0,0,38,38,20.833333333333332,43.28
2026-07-01,Wednesday,13,13:00-14:00,Voice,Sales,0,0,45,45,19.208333333333332,44.0
2026-07-01,Wednesday,13,13:00-14:00,Voice,General,0,0,33,33,11.125,27.32
2026-07-01,Wednesday,13,13:00-14:00,Chat,Billing,0,0,20,20,8.666666666666666,21.24
2026-07-01,Wednesday,13,13:00-14:00,Chat,Technical,0,0,33,33,14.75,33.0
2026-07-01,Wednesday,13,13:00-14:00,Chat,Sales,0,0,34,34,12.166666666666666,30.11
2026-07-01,Wednesday,13,13:00-14:00,Chat,General,0,0,16,16,6.666666666666667,15.39
2026-07-01,Wednesday,13,13:00-14:00,Email,Billing,0,0,14,14,5.75,13.19
2026-07-01,Wednesday,13,13:00-14:00,Email,Technical,0,0,19,19,8.541666666666666,20.56
2026-07-01,Wednesday,13,13:00-14:00,Email,Sales,0,0,16,16,7.666666666666667,15.98
2026-07-01,Wednesday,13,13:00-14:00,Email,General,0,0,8,8,4.583333333333333,9.23
2026-07-01,Wednesday,14,14:00-15:00,Voice,Billing,0,0,28,28,13.583333333333334,29.5
2026-07-01,Wednesday,14,14:00-15:00,Voice,Technical,0,0,41,41,20.666666666666668,44.32
2026-07-01,Wednesday,14,14:00-15:00,Voice,Sales,0,0,35,35,18.958333333333332,41.26
2026-07-01,Wednesday,14,14:00-15:00,Voice,General,0,0,20,20,11.541666666666666,22.77
2026-07-01,Wednesday,14,14:00-15:00,Chat,Billing,0,0,26,26,8.625,22.55
2026-07-01,Wednesday,14,14:00-15:00,Chat,Technical,0,0,30,30,14.708333333333334,31.88
2026-07-01,Wednesday,14,14:00-15:00,Chat,Sales,0,0,30,30,12.375,29.73
2026-07-01,Wednesday,14,14:00-15:00,Chat,General,0,0,13,13,6.666666666666667,13.83
2026-07-01,Wednesday,14,14:00-15:00,Email,Billing,0,0,6,6,5.75,7.25
2026-07-01,Wednesday,14,14:00-15:00,Email,Technical,0,0,19,19,7.958333333333333,19.94
2026-07-01,Wednesday,14,14:00-15:00,Email,Sales,0,0,15,15,7.708333333333333,15.14
2026-07-01,Wednesday,14,14:00-15:00,Email,General,0,0,7,7,4.583333333333333,7.42
2026-07-01,Wednesday,15,15:00-16:00,Voice,Billing,0,0,29,29,13.208333333333334,26.8
2026-07-01,Wednesday,15,15:00-16:00,Voice,Technical,0,0,42,42,20.125,42.24
2026-07-01,Wednesday,15,15:00-16:00,Voice,Sales,0,0,40,40,18.625,39.45
2026-07-01,Wednesday,15,15:00-16:00,Voice,General,0,0,28,28,11.541666666666666,25.83
2026-07-01,Wednesday,15,15:00-16:00,Chat,Billing,0,0,18,18,9.083333333333334,19.06
2026-07-01,Wednesday,15,15:00-16:00,Chat,Technical,0,0,35,35,14.25,30.64
2026-07-01,Wednesday,15,15:00-16:00,Chat,Sales,0,0,30,30,12.583333333333334,27.03
2026-07-01,Wednesday,15,15:00-16:00,Chat,General,0,0,9,9,6.416666666666667,10.4
2026-07-01,Wednesday,15,15:00-16:00,Email,Billing,0,0,9,9,5.416666666666667,10.08
2026-07-01,Wednesday,15,15:00-16:00,Email,Technical,0,0,29,29,8.083333333333334,19.55
2026-07-01,Wednesday,15,15:00-16:00,Email,Sales,0,0,14,14,7.583333333333333,14.2
2026-07-01,Wednesday,15,15:00-16:00,Email,General,0,0,4,4,4.583333333333333,5.87
2026-07-01,Wednesday,16,16:00-17:00,Voice,Billing,0,0,12,12,13.333333333333334,13.17
2026-07-01,Wednesday,16,16:00-17:00,Voice,Technical,0,0,36,36,19.875,36.95
2026-07-01,Wednesday,16,16:00-17:00,Voice,Sales,0,0,37,37,18.5,30.89
2026-07-01,Wednesday,16,16:00-17:00,Voice,General,0,0,20,20,11.708333333333334,19.93
2026-07-01,Wednesday,16,16:00-17:00,Chat,Billing,0,0,14,14,8.875,14.13
2026-07-01,Wednesday,16,16:00-17:00,Chat,Technical,0,0,23,23,14.458333333333334,22.64
2026-07-01,Wednesday,16,16:00-17:00,Chat,Sales,0,0,23,23,13.166666666666666,21.75
2026-07-01,Wednesday,16,16:00-17:00,Chat,General,0,0,5,5,6.125,6.53
2026-07-01,Wednesday,16,16:00-17:00,Email,Billing,0,0,8,8,5.291666666666667,9.51
2026-07-01,Wednesday,16,16:00-17:00,Email,Technical,0,0,16,16,8.625,16.35
2026-07-01,Wednesday,16,16:00-17:00,Email,Sales,0,0,15,15,7.583333333333333,14.75
2026-07-01,Wednesday,16,16:00-17:00,Email,General,0,0,6,6,4.291666666666667,6.89
2026-07-01,Wednesday,17,17:00-18:00,Voice,Billing,0,0,12,12,13.208333333333334,13.46
2026-07-01,Wednesday,17,17:00-18:00,Voice,Technical,0,0,29,29,20.208333333333332,26.06
2026-07-01,Wednesday,17,17:00-18:00,Voice,Sales,0,0,26,26,18.833333333333332,22.5
2026-07-01,Wednesday,17,17:00-18:00,Voice,General,0,0,15,15,11.458333333333334,15.18
2026-07-01,Wednesday,17,17:00-18:00,Chat,Billing,0,0,10,10,8.791666666666666,10.48
2026-07-01,Wednesday,17,17:00-18:00,Chat,Technical,0,0,8,8,14.666666666666666,10.56
2026-07-01,Wednesday,17,17:00-18:00,Chat,Sales,0,0,10,10,13.625,11.96
2026-07-01,Wednesday,17,17:00-18:00,Chat,General,0,0,6,6,6.125,7.09
2026-07-01,Wednesday,17,17:00-18:00,Email,Billing,0,0,12,12,5.416666666666667,10.86
2026-07-01,Wednesday,17,17:00-18:00,Email,Technical,0,0,8,8,8.833333333333334,9.48
2026-07-01,Wednesday,17,17:00-18:00,Email,Sales,0,0,12,12,7.666666666666667,13.11
2026-07-01,Wednesday,17,17:00-18:00,Email,General,0,0,2,2,4.375,2.05
2026-07-01,Wednesday,18,18:00-19:00,Voice,Billing,0,0,1,1,13.083333333333334,4.68
2026-07-01,Wednesday,18,18:00-19:00,Voice,Technical,0,0,8,8,20.041666666666668,7.32
2026-07-01,Wednesday,18,18:00-19:00,Voice,Sales,0,0,6,6,19.166666666666668,6.41
2026-07-01,Wednesday,18,18:00-19:00,Voice,General,0,0,3,3,11.416666666666666,4.11
2026-07-01,Wednesday,18,18:00-19:00,Chat,Billing,0,0,2,2,8.916666666666666,3.02
2026-07-01,Wednesday,18,18:00-19:00,Chat,Technical,0,0,8,8,14.458333333333334,4.77
2026-07-01,Wednesday,18,18:00-19:00,Chat,Sales,0,0,1,1,13.541666666666666,4.31
2026-07-01,Wednesday,18,18:00-19:00,Chat,General,0,0,4,4,6.0,2.25
2026-07-01,Wednesday,18,18:00-19:00,Email,Billing,0,0,2,2,5.791666666666667,2.1
2026-07-01,Wednesday,18,18:00-19:00,Email,Technical,0,0,3,3,8.916666666666666,3.03
2026-07-01,Wednesday,18,18:00-19:00,Email,Sales,0,0,6,6,7.875,2.87
2026-07-01,Wednesday,18,18:00-19:00,Email,General,0,0,2,2,4.333333333333333,1.71
2026-07-01,Wednesday,19,19:00-20:00,Voice,Billing,0,0,2,2,12.875,4.62
2026-07-01,Wednesday,19,19:00-20:00,Voice,Technical,0,0,2,2,19.958333333333332,6.63
2026-07-01,Wednesday,19,19:00-20:00,Voice,Sales,0,0,3,3,19.125,6.71
2026-07-01,Wednesday,19,19:00-20:00,Voice,General,0,0,1,1,11.458333333333334,4.15
2026-07-01,Wednesday,19,19:00-20:00,Chat,Billing,0,0,1,1,8.833333333333334,3.02
2026-07-01,Wednesday,19,19:00-20:00,Chat,Technical,0,0,1,1,14.208333333333334,5.46
2026-07-01,Wednesday,19,19:00-20:00,Chat,Sales,0,0,2,2,13.458333333333334,4.36
2026-07-01,Wednesday,19,19:00-20:00,Chat,General,0,0,2,2,6.041666666666667,2.63
2026-07-01,Wednesday,19,19:00-20:00,Email,Billing,0,0,3,3,5.708333333333333,2.09
2026-07-01,Wednesday,19,19:00-20:00,Email,Technical,0,0,1,1,8.833333333333334,3.02
2026-07-01,Wednesday,19,19:00-20:00,Email,Sales,0,0,2,2,7.958333333333333,2.87
2026-07-01,Wednesday,19,19:00-20:00,Email,General,0,0,2,2,4.333333333333333,1.72
2026-07-01,Wednesday,20,20:00-21:00,Voice,Billing,0,0,7,7,12.708333333333334,4.86
2026-07-01,Wednesday,20,20:00-21:00,Voice,Technical,0,0,7,7,19.75,6.78
2026-07-01,Wednesday,20,20:00-21:00,Voice,Sales,0,0,6,6,19.083333333333332,6.29
2026-07-01,Wednesday,20,20:00-21:00,Voice,General,0,0,2,2,11.416666666666666,4.05
2026-07-01,Wednesday,20,20:00-21:00,Chat,Billing,0,0,4,4,8.791666666666666,3.23
2026-07-01,Wednesday,20,20:00-21:00,Chat,Technical,0,0,7,7,14.083333333333334,5.32
2026-07-01,Wednesday,20,20:00-21:00,Chat,Sales,0,0,5,5,13.375,4.37
2026-07-01,Wednesday,20,20:00-21:00,Chat,General,0,0,2,2,6.0,2.62
2026-07-01,Wednesday,20,20:00-21:00,Email,Billing,0,0,2,2,5.833333333333333,2.1
2026-07-01,Wednesday,20,20:00-21:00,Email,Technical,0,0,2,2,8.75,3.02
2026-07-01,Wednesday,20,20:00-21:00,Email,Sales,0,0,3,3,7.875,2.81
2026-07-01,Wednesday,20,20:00-21:00,Email,General,0,0,2,2,4.291666666666667,1.72
2026-07-01,Wednesday,21,21:00-22:00,Voice,Billing,0,0,1,1,12.583333333333334,4.75
2026-07-01,Wednesday,21,21:00-22:00,Voice,Technical,0,0,7,7,19.541666666666668,6.46
2026-07-01,Wednesday,21,21:00-22:00,Voice,Sales,0,0,7,7,19.041666666666668,6.35
2026-07-01,Wednesday,21,21:00-22:00,Voice,General,0,0,1,1,11.333333333333334,4.87
2026-07-01,Wednesday,21,21:00-22:00,Chat,Billing,0,0,5,5,8.708333333333334,2.78
2026-07-01,Wednesday,21,21:00-22:00,Chat,Technical,0,0,2,2,14.25,4.97
2026-07-01,Wednesday,21,21:00-22:00,Chat,Sales,0,0,5,5,13.208333333333334,4.31
2026-07-01,Wednesday,21,21:00-22:00,Chat,General,0,0,3,3,6.0,2.56
2026-07-01,Wednesday,21,21:00-22:00,Email,Billing,0,0,0,0,5.833333333333333,2.1
2026-07-01,Wednesday,21,21:00-22:00,Email,Technical,0,0,2,2,8.666666666666666,3.0
2026-07-01,Wednesday,21,21:00-22:00,Email,Sales,0,0,3,3,7.958333333333333,2.9
2026-07-01,Wednesday,21,21:00-22:00,Email,General,0,0,0,0,4.375,1.73
2026-07-01,Wednesday,22,22:00-23:00,Voice,Billing,0,0,6,6,12.375,4.65
2026-07-01,Wednesday,22,22:00-23:00,Voice,Technical,0,0,17,17,19.416666666666668,15.55
2026-07-01,Wednesday,22,22:00-23:00,Voice,Sales,0,0,6,6,19.083333333333332,6.29
2026-07-01,Wednesday,22,22:00-23:00,Voice,General,0,0,6,6,11.166666666666666,3.37
2026-07-01,Wednesday,22,22:00-23:00,Chat,Billing,0,0,6,6,8.833333333333334,2.83
2026-07-01,Wednesday,22,22:00-23:00,Chat,Technical,0,0,7,7,14.166666666666666,5.29
2026-07-01,Wednesday,22,22:00-23:00,Chat,Sales,0,0,12,12,13.208333333333334,11.46
2026-07-01,Wednesday,22,22:00-23:00,Chat,General,0,0,3,3,6.0,2.56
2026-07-01,Wednesday,22,22:00-23:00,Email,Billing,0,0,3,3,5.791666666666667,2.12
2026-07-01,Wednesday,22,22:00-23:00,Email,Technical,0,0,6,6,8.625,2.85
2026-07-01,Wednesday,22,22:00-23:00,Email,Sales,0,0,1,1,8.0,2.94
2026-07-01,Wednesday,22,22:00-23:00,Email,General,0,0,2,2,4.291666666666667,1.72
2026-07-01,Wednesday,23,23:00-00:00,Voice,Billing,0,0,2,2,12.416666666666666,4.63
2026-07-01,Wednesday,23,23:00-00:00,Voice,Technical,0,0,4,4,19.833333333333332,7.11
2026-07-01,Wednesday,23,23:00-00:00,Voice,Sales,0,0,4,4,18.875,6.51
2026-07-01,Wednesday,23,23:00-00:00,Voice,General,0,0,1,1,10.916666666666666,3.6
2026-07-01,Wednesday,23,23:00-00:00,Chat,Billing,0,0,0,0,8.958333333333334,3.09
2026-07-01,Wednesday,23,23:00-00:00,Chat,Technical,0,0,2,2,14.208333333333334,4.9
2026-07-01,Wednesday,23,23:00-00:00,Chat,Sales,0,0,0,0,13.375,5.22
2026-07-01,Wednesday,23,23:00-00:00,Chat,General,0,0,1,1,5.916666666666667,2.67
2026-07-01,Wednesday,23,23:00-00:00,Email,Billing,0,0,2,2,5.791666666666667,2.1
2026-07-01,Wednesday,23,23:00-00:00,Email,Technical,0,0,3,3,8.708333333333334,3.04
2026-07-01,Wednesday,23,23:00-00:00,Email,Sales,0,0,2,2,7.75,2.78
2026-07-01,Wednesday,23,23:00-00:00,Email,General,0,0,1,1,4.291666666666667,1.72
2026-07-02,Thursday,0,00:00-01:00,Voice,Billing,0,0,3,3,12.0,5.02
2026-07-02,Thursday,0,00:00-01:00,Voice,Technical,0,0,11,11,19.583333333333332,4.83
2026-07-02,Thursday,0,00:00-01:00,Voice,Sales,0,0,10,10,18.708333333333332,5.4
2026-07-02,Thursday,0,00:00-01:00,Voice,General,0,0,2,2,10.791666666666666,3.89
2026-07-02,Thursday,0,00:00-01:00,Chat,Billing,0,0,4,4,8.791666666666666,3.18
2026-07-02,Thursday,0,00:00-01:00,Chat,Technical,0,0,6,6,14.125,5.31
2026-07-02,Thursday,0,00:00-01:00,Chat,Sales,0,0,4,4,13.041666666666666,4.39
2026-07-02,Thursday,0,00:00-01:00,Chat,General,0,0,6,6,5.833333333333333,2.77
2026-07-02,Thursday,0,00:00-01:00,Email,Billing,0,0,0,0,5.75,2.09
2026-07-02,Thursday,0,00:00-01:00,Email,Technical,0,0,5,5,8.75,3.24
2026-07-02,Thursday,0,00:00-01:00,Email,Sales,0,0,1,1,7.708333333333333,2.84
2026-07-02,Thursday,0,00:00-01:00,Email,General,0,0,1,1,4.208333333333333,1.74
2026-07-02,Thursday,1,01:00-02:00,Voice,Billing,0,0,8,8,11.958333333333334,4.54
2026-07-02,Thursday,1,01:00-02:00,Voice,Technical,0,0,10,10,19.708333333333332,6.85
2026-07-02,Thursday,1,01:00-02:00,Voice,Sales,0,0,4,4,18.75,6.59
2026-07-02,Thursday,1,01:00-02:00,Voice,General,0,0,3,3,10.625,3.67
2026-07-02,Thursday,1,01:00-02:00,Chat,Billing,0,0,6,6,8.791666666666666,3.52
2026-07-02,Thursday,1,01:00-02:00,Chat,Technical,0,0,5,5,14.125,5.18
2026-07-02,Thursday,1,01:00-02:00,Chat,Sales,0,0,5,5,13.041666666666666,4.33
2026-07-02,Thursday,1,01:00-02:00,Chat,General,0,0,5,5,5.833333333333333,2.4
2026-07-02,Thursday,1,01:00-02:00,Email,Billing,0,0,3,3,5.666666666666667,2.1
2026-07-02,Thursday,1,01:00-02:00,Email,Technical,0,0,2,2,8.791666666666666,3.1
2026-07-02,Thursday,1,01:00-02:00,Email,Sales,0,0,3,3,7.583333333333333,2.86
2026-07-02,Thursday,1,01:00-02:00,Email,General,0,0,0,0,4.041666666666667,1.73
2026-07-02,Thursday,2,02:00-03:00,Voice,Billing,0,0,4,4,12.0,5.03
2026-07-02,Thursday,2,02:00-03:00,Voice,Technical,0,0,14,14,19.5,8.59
2026-07-02,Thursday,2,02:00-03:00,Voice,Sales,0,0,13,13,18.541666666666668,8.1
2026-07-02,Thursday,2,02:00-03:00,Voice,General,0,0,4,4,10.541666666666666,3.46
2026-07-02,Thursday,2,02:00-03:00,Chat,Billing,0,0,4,4,8.958333333333334,3.21
2026-07-02,Thursday,2,02:00-03:00,Chat,Technical,0,0,6,6,13.916666666666666,5.31
2026-07-02,Thursday,2,02:00-03:00,Chat,Sales,0,0,4,4,13.0,4.4
2026-07-02,Thursday,2,02:00-03:00,Chat,General,0,0,6,6,5.916666666666667,2.77
2026-07-02,Thursday,2,02:00-03:00,Email,Billing,0,0,2,2,5.75,2.1
2026-07-02,Thursday,2,02:00-03:00,Email,Technical,0,0,1,1,8.625,3.06
2026-07-02,Thursday,2,02:00-03:00,Email,Sales,0,0,0,0,7.416666666666667,2.82
2026-07-02,Thursday,2,02:00-03:00,Email,General,0,0,1,1,3.875,1.72
2026-07-02,Thursday,3,03:00-04:00,Voice,Billing,0,0,4,4,12.125,5.08
2026-07-02,Thursday,3,03:00-04:00,Voice,Technical,0,0,4,4,19.958333333333332,7.33
2026-07-02,Thursday,3,03:00-04:00,Voice,Sales,0,0,4,4,19.041666666666668,6.59
2026-07-02,Thursday,3,03:00-04:00,Voice,General,0,0,4,4,10.708333333333334,3.64
2026-07-02,Thursday,3,03:00-04:00,Chat,Billing,0,0,2,2,9.0,3.13
2026-07-02,Thursday,3,03:00-04:00,Chat,Technical,0,0,4,4,14.0,5.19
2026-07-02,Thursday,3,03:00-04:00,Chat,Sales,0,0,5,5,13.041666666666666,4.34
2026-07-02,Thursday,3,03:00-04:00,Chat,General,0,0,2,2,6.166666666666667,2.61
2026-07-02,Thursday,3,03:00-04:00,Email,Billing,0,0,3,3,5.833333333333333,2.1
2026-07-02,Thursday,3,03:00-04:00,Email,Technical,0,0,2,2,8.625,3.06
2026-07-02,Thursday,3,03:00-04:00,Email,Sales,0,0,2,2,7.375,2.81
2026-07-02,Thursday,3,03:00-04:00,Email,General,0,0,1,1,3.875,1.72
2026-07-02,Thursday,4,04:00-05:00,Voice,Billing,0,0,1,1,12.25,5.14
2026-07-02,Thursday,4,04:00-05:00,Voice,Technical,0,0,5,5,19.791666666666668,7.22
2026-07-02,Thursday,4,04:00-05:00,Voice,Sales,0,0,6,6,18.833333333333332,6.63
2026-07-02,Thursday,4,04:00-05:00,Voice,General,0,0,1,1,10.666666666666666,3.74
2026-07-02,Thursday,4,04:00-05:00,Chat,Billing,0,0,1,1,8.958333333333334,3.13
2026-07-02,Thursday,4,04:00-05:00,Chat,Technical,0,0,1,1,13.666666666666666,5.53
2026-07-02,Thursday,4,04:00-05:00,Chat,Sales,0,0,0,0,12.875,4.83
2026-07-02,Thursday,4,04:00-05:00,Chat,General,0,0,2,2,6.166666666666667,2.61
2026-07-02,Thursday,4,04:00-05:00,Email,Billing,0,0,2,2,5.833333333333333,2.1
2026-07-02,Thursday,4,04:00-05:00,Email,Technical,0,0,0,0,8.583333333333334,3.07
2026-07-02,Thursday,4,04:00-05:00,Email,Sales,0,0,2,2,7.416666666666667,2.81
2026-07-02,Thursday,4,04:00-05:00,Email,General,0,0,0,0,3.7916666666666665,1.72
2026-07-02,Thursday,5,05:00-06:00,Voice,Billing,0,0,2,2,12.041666666666666,4.87
2026-07-02,Thursday,5,05:00-06:00,Voice,Technical,0,0,6,6,19.458333333333332,6.46
2026-07-02,Thursday,5,05:00-06:00,Voice,Sales,0,0,5,5,18.541666666666668,7.35
2026-07-02,Thursday,5,05:00-06:00,Voice,General,0,0,1,1,10.375,3.54
2026-07-02,Thursday,5,05:00-06:00,Chat,Billing,0,0,1,1,8.666666666666666,3.07
2026-07-02,Thursday,5,05:00-06:00,Chat,Technical,0,0,4,4,13.416666666666666,5.15
2026-07-02,Thursday,5,05:00-06:00,Chat,Sales,0,0,6,6,12.666666666666666,4.54
2026-07-02,Thursday,5,05:00-06:00,Chat,General,0,0,1,1,6.083333333333333,2.61
2026-07-02,Thursday,5,05:00-06:00,Email,Billing,0,0,1,1,5.75,2.1
2026-07-02,Thursday,5,05:00-06:00,Email,Technical,0,0,8,8,8.416666666666666,3.41
2026-07-02,Thursday,5,05:00-06:00,Email,Sales,0,0,1,1,7.375,2.81
2026-07-02,Thursday,5,05:00-06:00,Email,General,0,0,2,2,3.6666666666666665,1.72
2026-07-02,Thursday,6,06:00-07:00,Voice,Billing,0,0,2,2,11.875,4.8
2026-07-02,Thursday,6,06:00-07:00,Voice,Technical,0,0,3,3,19.541666666666668,6.78
2026-07-02,Thursday,6,06:00-07:00,Voice,Sales,0,0,3,3,18.375,7.12
2026-07-02,Thursday,6,06:00-07:00,Voice,General,0,0,0,0,10.291666666666666,3.62
2026-07-02,Thursday,6,06:00-07:00,Chat,Billing,0,0,1,1,8.583333333333334,3.07
2026-07-02,Thursday,6,06:00-07:00,Chat,Technical,0,0,0,0,13.25,6.68
2026-07-02,Thursday,6,06:00-07:00,Chat,Sales,0,0,1,1,12.625,4.58
2026-07-02,Thursday,6,06:00-07:00,Chat,General,0,0,4,4,5.958333333333333,2.36
2026-07-02,Thursday,6,06:00-07:00,Email,Billing,0,0,2,2,5.666666666666667,2.1
2026-07-02,Thursday,6,06:00-07:00,Email,Technical,0,0,0,0,8.625,3.07
2026-07-02,Thursday,6,06:00-07:00,Email,Sales,0,0,0,0,7.25,2.8
2026-07-02,Thursday,6,06:00-07:00,Email,General,0,0,0,0,3.5416666666666665,1.72
2026-07-02,Thursday,7,07:00-08:00,Voice,Billing,0,0,4,4,11.75,4.66
2026-07-02,Thursday,7,07:00-08:00,Voice,Technical,0,0,5,5,19.208333333333332,6.45
2026-07-02,Thursday,7,07:00-08:00,Voice,Sales,0,0,5,5,18.375,7.05
2026-07-02,Thursday,7,07:00-08:00,Voice,General,0,0,6,6,10.166666666666666,3.79
2026-07-02,Thursday,7,07:00-08:00,Chat,Billing,0,0,0,0,8.541666666666666,3.07
2026-07-02,Thursday,7,07:00-08:00,Chat,Technical,0,0,1,1,13.166666666666666,5.63
2026-07-02,Thursday,7,07:00-08:00,Chat,Sales,0,0,4,4,12.541666666666666,4.56
2026-07-02,Thursday,7,07:00-08:00,Chat,General,0,0,1,1,6.083333333333333,2.61
2026-07-02,Thursday,7,07:00-08:00,Email,Billing,0,0,0,0,5.666666666666667,2.1
2026-07-02,Thursday,7,07:00-08:00,Email,Technical,0,0,1,1,8.5,3.06
2026-07-02,Thursday,7,07:00-08:00,Email,Sales,0,0,2,2,7.125,2.78
2026-07-02,Thursday,7,07:00-08:00,Email,General,0,0,2,2,3.4583333333333335,1.72
2026-07-02,Thursday,8,08:00-09:00,Voice,Billing,0,0,24,24,11.875,22.26
2026-07-02,Thursday,8,08:00-09:00,Voice,Technical,0,0,36,36,19.166666666666668,32.09
2026-07-02,Thursday,8,08:00-09:00,Voice,Sales,0,0,16,16,18.291666666666668,18.58
2026-07-02,Thursday,8,08:00-09:00,Voice,General,0,0,16,16,10.333333333333334,17.34
2026-07-02,Thursday,8,08:00-09:00,Chat,Billing,0,0,15,15,8.5,14.39
2026-07-02,Thursday,8,08:00-09:00,Chat,Technical,0,0,17,17,13.125,18.58
2026-07-02,Thursday,8,08:00-09:00,Chat,Sales,0,0,10,10,12.583333333333334,11.84
2026-07-02,Thursday,8,08:00-09:00,Chat,General,0,0,5,5,6.083333333333333,6.62
2026-07-02,Thursday,8,08:00-09:00,Email,Billing,0,0,4,4,5.625,6.0
2026-07-02,Thursday,8,08:00-09:00,Email,Technical,0,0,18,18,8.5,17.14
2026-07-02,Thursday,8,08:00-09:00,Email,Sales,0,0,4,4,7.166666666666667,6.09
2026-07-02,Thursday,8,08:00-09:00,Email,General,0,0,7,7,3.5416666666666665,7.36
2026-07-02,Thursday,9,09:00-10:00,Voice,Billing,0,0,21,21,12.458333333333334,20.39
2026-07-02,Thursday,9,09:00-10:00,Voice,Technical,0,0,28,28,19.958333333333332,29.58
2026-07-02,Thursday,9,09:00-10:00,Voice,Sales,0,0,39,39,18.208333333333332,31.57
2026-07-02,Thursday,9,09:00-10:00,Voice,General,0,0,18,18,10.458333333333334,18.77
2026-07-02,Thursday,9,09:00-10:00,Chat,Billing,0,0,14,14,8.875,13.69
2026-07-02,Thursday,9,09:00-10:00,Chat,Technical,0,0,30,30,13.458333333333334,27.18
2026-07-02,Thursday,9,09:00-10:00,Chat,Sales,0,0,21,21,12.416666666666666,20.2
2026-07-02,Thursday,9,09:00-10:00,Chat,General,0,0,11,11,6.083333333333333,11.48
2026-07-02,Thursday,9,09:00-10:00,Email,Billing,0,0,10,10,5.375,10.56
2026-07-02,Thursday,9,09:00-10:00,Email,Technical,0,0,14,14,8.625,13.82
2026-07-02,Thursday,9,09:00-10:00,Email,Sales,0,0,11,11,6.916666666666667,11.4
2026-07-02,Thursday,9,09:00-10:00,Email,General,0,0,4,4,3.625,5.53
2026-07-02,Thursday,10,10:00-11:00,Voice,Billing,0,0,35,35,12.5,27.49
2026-07-02,Thursday,10,10:00-11:00,Voice,Technical,0,0,40,40,20.25,42.06
2026-07-02,Thursday,10,10:00-11:00,Voice,Sales,0,0,38,38,18.833333333333332,39.89
2026-07-02,Thursday,10,10:00-11:00,Voice,General,0,0,20,20,10.583333333333334,21.46
2026-07-02,Thursday,10,10:00-11:00,Chat,Billing,0,0,24,24,8.75,19.39
2026-07-02,Thursday,10,10:00-11:00,Chat,Technical,0,0,21,21,13.541666666666666,22.69
2026-07-02,Thursday,10,10:00-11:00,Chat,Sales,0,0,27,27,12.166666666666666,26.23
2026-07-02,Thursday,10,10:00-11:00,Chat,General,0,0,13,13,6.083333333333333,12.75
2026-07-02,Thursday,10,10:00-11:00,Email,Billing,0,0,11,11,5.583333333333333,11.29
2026-07-02,Thursday,10,10:00-11:00,Email,Technical,0,0,18,18,8.791666666666666,18.63
2026-07-02,Thursday,10,10:00-11:00,Email,Sales,0,0,12,12,7.0,13.14
2026-07-02,Thursday,10,10:00-11:00,Email,General,0,0,5,5,3.4166666666666665,6.02
2026-07-02,Thursday,11,11:00-12:00,Voice,Billing,0,0,35,35,13.25,30.73
2026-07-02,Thursday,11,11:00-12:00,Voice,Technical,0,0,49,49,20.208333333333332,50.49
2026-07-02,Thursday,11,11:00-12:00,Voice,Sales,0,0,41,41,18.958333333333332,42.16
2026-07-02,Thursday,11,11:00-12:00,Voice,General,0,0,12,12,10.541666666666666,13.72
2026-07-02,Thursday,11,11:00-12:00,Chat,Billing,0,0,22,22,8.916666666666666,21.79
2026-07-02,Thursday,11,11:00-12:00,Chat,Technical,0,0,36,36,13.25,32.22
2026-07-02,Thursday,11,11:00-12:00,Chat,Sales,0,0,28,28,12.416666666666666,28.04
2026-07-02,Thursday,11,11:00-12:00,Chat,General,0,0,18,18,6.291666666666667,15.78
2026-07-02,Thursday,11,11:00-12:00,Email,Billing,0,0,12,12,5.541666666666667,12.58
2026-07-02,Thursday,11,11:00-12:00,Email,Technical,0,0,15,15,9.125,15.43
2026-07-02,Thursday,11,11:00-12:00,Email,Sales,0,0,20,20,6.833333333333333,17.59
2026-07-02,Thursday,11,11:00-12:00,Email,General,0,0,11,11,3.25,9.81
2026-07-02,Thursday,12,12:00-13:00,Voice,Billing,0,0,27,27,13.416666666666666,29.4
2026-07-02,Thursday,12,12:00-13:00,Voice,Technical,0,0,61,61,20.666666666666668,52.45
2026-07-02,Thursday,12,12:00-13:00,Voice,Sales,0,0,55,55,18.625,44.86
2026-07-02,Thursday,12,12:00-13:00,Voice,General,0,0,19,19,10.083333333333334,21.47
2026-07-02,Thursday,12,12:00-13:00,Chat,Billing,0,0,20,20,9.083333333333334,21.42
2026-07-02,Thursday,12,12:00-13:00,Chat,Technical,0,0,41,41,13.541666666666666,34.27
2026-07-02,Thursday,12,12:00-13:00,Chat,Sales,0,0,30,30,12.375,29.89
2026-07-02,Thursday,12,12:00-13:00,Chat,General,0,0,11,11,6.583333333333333,11.57
2026-07-02,Thursday,12,12:00-13:00,Email,Billing,0,0,14,14,5.625,13.23
2026-07-02,Thursday,12,12:00-13:00,Email,Technical,0,0,17,17,8.791666666666666,20.63
2026-07-02,Thursday,12,12:00-13:00,Email,Sales,0,0,14,14,7.041666666666667,14.09
2026-07-02,Thursday,12,12:00-13:00,Email,General,0,0,13,13,3.125,10.41
2026-07-02,Thursday,13,13:00-14:00,Voice,Billing,0,0,29,29,12.791666666666666,30.34
2026-07-02,Thursday,13,13:00-14:00,Voice,Technical,0,0,52,52,20.958333333333332,52.35
2026-07-02,Thursday,13,13:00-14:00,Voice,Sales,0,0,48,48,18.916666666666668,43.58
2026-07-02,Thursday,13,13:00-14:00,Voice,General,0,0,24,24,9.833333333333334,23.67
2026-07-02,Thursday,13,13:00-14:00,Chat,Billing,0,0,15,15,9.166666666666666,15.43
2026-07-02,Thursday,13,13:00-14:00,Chat,Technical,0,0,29,29,13.666666666666666,30.07
2026-07-02,Thursday,13,13:00-14:00,Chat,Sales,0,0,33,33,12.375,30.32
2026-07-02,Thursday,13,13:00-14:00,Chat,General,0,0,16,16,6.208333333333333,15.29
2026-07-02,Thursday,13,13:00-14:00,Email,Billing,0,0,14,14,5.208333333333333,13.16
2026-07-02,Thursday,13,13:00-14:00,Email,Technical,0,0,17,17,8.708333333333334,20.59
2026-07-02,Thursday,13,13:00-14:00,Email,Sales,0,0,12,12,6.708333333333333,13.49
2026-07-02,Thursday,13,13:00-14:00,Email,General,0,0,13,13,3.4583333333333335,10.41
2026-07-02,Thursday,14,14:00-15:00,Voice,Billing,0,0,37,37,12.458333333333334,30.25
2026-07-02,Thursday,14,14:00-15:00,Voice,Technical,0,0,43,43,21.541666666666668,53.09
2026-07-02,Thursday,14,14:00-15:00,Voice,Sales,0,0,46,46,19.041666666666668,43.97
2026-07-02,Thursday,14,14:00-15:00,Voice,General,0,0,13,13,9.458333333333334,14.21
2026-07-02,Thursday,14,14:00-15:00,Chat,Billing,0,0,17,17,8.958333333333334,20.53
2026-07-02,Thursday,14,14:00-15:00,Chat,Technical,0,0,28,28,13.5,29.25
2026-07-02,Thursday,14,14:00-15:00,Chat,Sales,0,0,21,21,12.333333333333334,23.17
2026-07-02,Thursday,14,14:00-15:00,Chat,General,0,0,13,13,6.208333333333333,13.86
2026-07-02,Thursday,14,14:00-15:00,Email,Billing,0,0,14,14,5.208333333333333,13.07
2026-07-02,Thursday,14,14:00-15:00,Email,Technical,0,0,16,16,8.625,18.37
2026-07-02,Thursday,14,14:00-15:00,Email,Sales,0,0,13,13,6.541666666666667,13.76
2026-07-02,Thursday,14,14:00-15:00,Email,General,0,0,6,6,3.6666666666666665,6.93
2026-07-02,Thursday,15,15:00-16:00,Voice,Billing,0,0,26,26,12.833333333333334,26.76
2026-07-02,Thursday,15,15:00-16:00,Voice,Technical,0,0,31,31,21.625,34.38
2026-07-02,Thursday,15,15:00-16:00,Voice,Sales,0,0,44,44,19.5,39.84
2026-07-02,Thursday,15,15:00-16:00,Voice,General,0,0,25,25,9.166666666666666,21.71
2026-07-02,Thursday,15,15:00-16:00,Chat,Billing,0,0,21,21,8.583333333333334,18.6
2026-07-02,Thursday,15,15:00-16:00,Chat,Technical,0,0,22,22,13.416666666666666,23.8
2026-07-02,Thursday,15,15:00-16:00,Chat,Sales,0,0,15,15,11.958333333333334,15.36
2026-07-02,Thursday,15,15:00-16:00,Chat,General,0,0,12,12,6.208333333333333,12.62
2026-07-02,Thursday,15,15:00-16:00,Email,Billing,0,0,10,10,5.541666666666667,10.49
2026-07-02,Thursday,15,15:00-16:00,Email,Technical,0,0,11,11,8.5,11.44
2026-07-02,Thursday,15,15:00-16:00,Email,Sales,0,0,14,14,6.458333333333333,13.77
2026-07-02,Thursday,15,15:00-16:00,Email,General,0,0,8,8,3.625,9.01
2026-07-02,Thursday,16,16:00-17:00,Voice,Billing,0,0,23,23,12.708333333333334,21.19
2026-07-02,Thursday,16,16:00-17:00,Voice,Technical,0,0,30,30,21.166666666666668,31.72
2026-07-02,Thursday,16,16:00-17:00,Voice,Sales,0,0,33,33,19.666666666666668,32.5
2026-07-02,Thursday,16,16:00-17:00,Voice,General,0,0,13,13,9.041666666666666,13.92
2026-07-02,Thursday,16,16:00-17:00,Chat,Billing,0,0,12,12,8.708333333333334,13.34
2026-07-02,Thursday,16,16:00-17:00,Chat,Technical,0,0,21,21,12.875,20.52
2026-07-02,Thursday,16,16:00-17:00,Chat,Sales,0,0,15,15,11.333333333333334,15.28
2026-07-02,Thursday,16,16:00-17:00,Chat,General,0,0,14,14,6.333333333333333,12.92
2026-07-02,Thursday,16,16:00-17:00,Email,Billing,0,0,5,5,5.583333333333333,6.31
2026-07-02,Thursday,16,16:00-17:00,Email,Technical,0,0,13,13,7.75,13.71
2026-07-02,Thursday,16,16:00-17:00,Email,Sales,0,0,12,12,6.458333333333333,12.94
2026-07-02,Thursday,16,16:00-17:00,Email,General,0,0,12,12,3.7916666666666665,9.44
2026-07-02,Thursday,17,17:00-18:00,Voice,Billing,0,0,19,19,13.166666666666666,18.62
2026-07-02,Thursday,17,17:00-18:00,Voice,Technical,0,0,23,23,20.916666666666668,23.07
2026-07-02,Thursday,17,17:00-18:00,Voice,Sales,0,0,25,25,19.5,21.21
2026-07-02,Thursday,17,17:00-18:00,Voice,General,0,0,12,12,8.75,13.19
2026-07-02,Thursday,17,17:00-18:00,Chat,Billing,0,0,10,10,8.625,10.38
2026-07-02,Thursday,17,17:00-18:00,Chat,Technical,0,0,15,15,12.791666666666666,15.31
2026-07-02,Thursday,17,17:00-18:00,Chat,Sales,0,0,12,12,11.0,13.43
2026-07-02,Thursday,17,17:00-18:00,Chat,General,0,0,3,3,6.708333333333333,2.97
2026-07-02,Thursday,17,17:00-18:00,Email,Billing,0,0,3,3,5.458333333333333,2.69
2026-07-02,Thursday,17,17:00-18:00,Email,Technical,0,0,7,7,7.625,7.83
2026-07-02,Thursday,17,17:00-18:00,Email,Sales,0,0,9,9,6.333333333333333,9.67
2026-07-02,Thursday,17,17:00-18:00,Email,General,0,0,6,6,4.041666666666667,6.62
2026-07-02,Thursday,18,18:00-19:00,Voice,Billing,0,0,7,7,13.458333333333334,5.39
2026-07-02,Thursday,18,18:00-19:00,Voice,Technical,0,0,5,5,20.666666666666668,7.23
2026-07-02,Thursday,18,18:00-19:00,Voice,Sales,0,0,16,16,19.458333333333332,15.9
2026-07-02,Thursday,18,18:00-19:00,Voice,General,0,0,4,4,8.625,3.35
2026-07-02,Thursday,18,18:00-19:00,Chat,Billing,0,0,6,6,8.625,3.21
2026-07-02,Thursday,18,18:00-19:00,Chat,Technical,0,0,6,6,13.083333333333334,5.0
2026-07-02,Thursday,18,18:00-19:00,Chat,Sales,0,0,11,11,11.083333333333334,4.96
2026-07-02,Thursday,18,18:00-19:00,Chat,General,0,0,4,4,6.583333333333333,2.75
2026-07-02,Thursday,18,18:00-19:00,Email,Billing,0,0,6,6,5.083333333333333,2.36
2026-07-02,Thursday,18,18:00-19:00,Email,Technical,0,0,7,7,7.583333333333333,4.79
2026-07-02,Thursday,18,18:00-19:00,Email,Sales,0,0,2,2,6.208333333333333,2.1
2026-07-02,Thursday,18,18:00-19:00,Email,General,0,0,2,2,4.208333333333333,1.71
2026-07-02,Thursday,19,19:00-20:00,Voice,Billing,0,0,5,5,13.708333333333334,4.87
2026-07-02,Thursday,19,19:00-20:00,Voice,Technical,0,0,15,15,20.541666666666668,12.39
2026-07-02,Thursday,19,19:00-20:00,Voice,Sales,0,0,13,13,19.875,9.66
2026-07-02,Thursday,19,19:00-20:00,Voice,General,0,0,2,2,8.666666666666666,3.26
2026-07-02,Thursday,19,19:00-20:00,Chat,Billing,0,0,5,5,8.791666666666666,2.98
2026-07-02,Thursday,19,19:00-20:00,Chat,Technical,0,0,5,5,13.0,5.07
2026-07-02,Thursday,19,19:00-20:00,Chat,Sales,0,0,4,4,11.5,4.26
2026-07-02,Thursday,19,19:00-20:00,Chat,General,0,0,3,3,6.583333333333333,2.54
2026-07-02,Thursday,19,19:00-20:00,Email,Billing,0,0,3,3,5.25,2.02
2026-07-02,Thursday,19,19:00-20:00,Email,Technical,0,0,3,3,7.75,2.88
2026-07-02,Thursday,19,19:00-20:00,Email,Sales,0,0,4,4,6.041666666666667,2.25
2026-07-02,Thursday,19,19:00-20:00,Email,General,0,0,1,1,4.208333333333333,1.72
2026-07-02,Thursday,20,20:00-21:00,Voice,Billing,0,0,12,12,13.833333333333334,11.22
2026-07-02,Thursday,20,20:00-21:00,Voice,Technical,0,0,12,12,21.083333333333332,8.15
2026-07-02,Thursday,20,20:00-21:00,Voice,Sales,0,0,14,14,20.291666666666668,10.64
2026-07-02,Thursday,20,20:00-21:00,Voice,General,0,0,10,10,8.708333333333334,4.7
2026-07-02,Thursday,20,20:00-21:00,Chat,Billing,0,0,3,3,8.958333333333334,3.16
2026-07-02,Thursday,20,20:00-21:00,Chat,Technical,0,0,9,9,13.166666666666666,5.66
2026-07-02,Thursday,20,20:00-21:00,Chat,Sales,0,0,8,8,11.583333333333334,3.65
2026-07-02,Thursday,20,20:00-21:00,Chat,General,0,0,1,1,6.625,2.51
2026-07-02,Thursday,20,20:00-21:00,Email,Billing,0,0,5,5,5.25,1.66
2026-07-02,Thursday,20,20:00-21:00,Email,Technical,0,0,6,6,7.833333333333333,2.37
2026-07-02,Thursday,20,20:00-21:00,Email,Sales,0,0,7,7,6.125,3.83
2026-07-02,Thursday,20,20:00-21:00,Email,General,0,0,1,1,4.166666666666667,1.72
2026-07-02,Thursday,21,21:00-22:00,Voice,Billing,0,0,2,2,14.041666666666666,4.96
2026-07-02,Thursday,21,21:00-22:00,Voice,Technical,0,0,5,5,21.291666666666668,7.24
2026-07-02,Thursday,21,21:00-22:00,Voice,Sales,0,0,6,6,20.625,7.05
2026-07-02,Thursday,21,21:00-22:00,Voice,General,0,0,0,0,9.041666666666666,3.46
2026-07-02,Thursday,21,21:00-22:00,Chat,Billing,0,0,2,2,8.916666666666666,3.13
2026-07-02,Thursday,21,21:00-22:00,Chat,Technical,0,0,2,2,13.25,4.95
2026-07-02,Thursday,21,21:00-22:00,Chat,Sales,0,0,3,3,11.708333333333334,4.24
2026-07-02,Thursday,21,21:00-22:00,Chat,General,0,0,2,2,6.583333333333333,2.51
2026-07-02,Thursday,21,21:00-22:00,Email,Billing,0,0,1,1,5.375,2.1
2026-07-02,Thursday,21,21:00-22:00,Email,Technical,0,0,1,1,8.0,3.05
2026-07-02,Thursday,21,21:00-22:00,Email,Sales,0,0,2,2,6.291666666666667,2.14
2026-07-02,Thursday,21,21:00-22:00,Email,General,0,0,3,3,4.125,1.62
2026-07-02,Thursday,22,22:00-23:00,Voice,Billing,0,0,4,4,14.083333333333334,5.05
2026-07-02,Thursday,22,22:00-23:00,Voice,Technical,0,0,13,13,21.208333333333332,8.57
2026-07-02,Thursday,22,22:00-23:00,Voice,Sales,0,0,4,4,20.583333333333332,7.47
2026-07-02,Thursday,22,22:00-23:00,Voice,General,0,0,7,7,9.0,4.49
2026-07-02,Thursday,22,22:00-23:00,Chat,Billing,0,0,5,5,8.791666666666666,2.85
2026-07-02,Thursday,22,22:00-23:00,Chat,Technical,0,0,5,5,13.25,4.93
2026-07-02,Thursday,22,22:00-23:00,Chat,Sales,0,0,8,8,11.625,3.5
2026-07-02,Thursday,22,22:00-23:00,Chat,General,0,0,2,2,6.541666666666667,2.5
2026-07-02,Thursday,22,22:00-23:00,Email,Billing,0,0,6,6,5.416666666666667,1.97
2026-07-02,Thursday,22,22:00-23:00,Email,Technical,0,0,9,9,7.958333333333333,2.98
2026-07-02,Thursday,22,22:00-23:00,Email,Sales,0,0,1,1,6.25,2.12
2026-07-02,Thursday,22,22:00-23:00,Email,General,0,0,0,0,4.25,1.72
2026-07-02,Thursday,23,23:00-00:00,Voice,Billing,0,0,2,2,14.0,4.94
2026-07-02,Thursday,23,23:00-00:00,Voice,Technical,0,0,1,1,21.041666666666668,6.69
2026-07-02,Thursday,23,23:00-00:00,Voice,Sales,0,0,10,10,20.5,7.08
2026-07-02,Thursday,23,23:00-00:00,Voice,General,0,0,2,2,9.041666666666666,3.44
2026-07-02,Thursday,23,23:00-00:00,Chat,Billing,0,0,2,2,8.75,3.13
2026-07-02,Thursday,23,23:00-00:00,Chat,Technical,0,0,9,9,13.166666666666666,5.77
2026-07-02,Thursday,23,23:00-00:00,Chat,Sales,0,0,2,2,11.458333333333334,4.38
2026-07-02,Thursday,23,23:00-00:00,Chat,General,0,0,1,1,6.5,2.5
2026-07-02,Thursday,23,23:00-00:00,Email,Billing,0,0,2,2,5.541666666666667,2.1
2026-07-02,Thursday,23,23:00-00:00,Email,Technical,0,0,1,1,8.083333333333334,3.07
2026-07-02,Thursday,23,23:00-00:00,Email,Sales,0,0,2,2,6.25,2.12
2026-07-02,Thursday,23,23:00-00:00,Email,General,0,0,2,2,4.166666666666667,1.72
2026-07-03,Friday,0,00:00-01:00,Voice,Billing,0,0,5,5,14.0,4.97
2026-07-03,Friday,0,00:00-01:00,Voice,Technical,0,0,12,12,20.916666666666668,7.22
2026-07-03,Friday,0,00:00-01:00,Voice,Sales,0,0,11,11,20.75,6.93
2026-07-03,Friday,0,00:00-01:00,Voice,General,0,0,7,7,9.083333333333334,4.6
2026-07-03,Friday,0,00:00-01:00,Chat,Billing,0,0,2,2,8.833333333333334,3.09
2026-07-03,Friday,0,00:00-01:00,Chat,Technical,0,0,8,8,13.458333333333334,4.86
2026-07-03,Friday,0,00:00-01:00,Chat,Sales,0,0,3,3,11.541666666666666,4.38
2026-07-03,Friday,0,00:00-01:00,Chat,General,0,0,1,1,6.5,2.51
2026-07-03,Friday,0,00:00-01:00,Email,Billing,0,0,6,6,5.541666666666667,2.67
2026-07-03,Friday,0,00:00-01:00,Email,Technical,0,0,5,5,8.0,3.01
2026-07-03,Friday,0,00:00-01:00,Email,Sales,0,0,0,0,6.25,2.12
2026-07-03,Friday,0,00:00-01:00,Email,General,0,0,1,1,4.208333333333333,1.74
2026-07-03,Friday,1,01:00-02:00,Voice,Billing,0,0,3,3,14.083333333333334,5.0
2026-07-03,Friday,1,01:00-02:00,Voice,Technical,0,0,6,6,20.958333333333332,7.21
2026-07-03,Friday,1,01:00-02:00,Voice,Sales,0,0,8,8,20.791666666666668,7.38
2026-07-03,Friday,1,01:00-02:00,Voice,General,0,0,9,9,9.291666666666666,3.75
2026-07-03,Friday,1,01:00-02:00,Chat,Billing,0,0,2,2,8.75,3.09
2026-07-03,Friday,1,01:00-02:00,Chat,Technical,0,0,3,3,13.541666666666666,4.97
2026-07-03,Friday,1,01:00-02:00,Chat,Sales,0,0,4,4,11.5,4.4
2026-07-03,Friday,1,01:00-02:00,Chat,General,0,0,3,3,6.291666666666667,2.6
2026-07-03,Friday,1,01:00-02:00,Email,Billing,0,0,4,4,5.791666666666667,2.27
2026-07-03,Friday,1,01:00-02:00,Email,Technical,0,0,1,1,8.0,3.03
2026-07-03,Friday,1,01:00-02:00,Email,Sales,0,0,1,1,6.208333333333333,2.11
2026-07-03,Friday,1,01:00-02:00,Email,General,0,0,3,3,4.208333333333333,1.82
2026-07-03,Friday,2,02:00-03:00,Voice,Billing,0,0,5,5,13.875,5.04
2026-07-03,Friday,2,02:00-03:00,Voice,Technical,0,0,9,9,20.791666666666668,8.06
2026-07-03,Friday,2,02:00-03:00,Voice,Sales,0,0,4,4,20.958333333333332,7.48
2026-07-03,Friday,2,02:00-03:00,Voice,General,0,0,2,2,9.541666666666666,3.5
2026-07-03,Friday,2,02:00-03:00,Chat,Billing,0,0,2,2,8.583333333333334,3.07
2026-07-03,Friday,2,02:00-03:00,Chat,Technical,0,0,4,4,13.458333333333334,4.97
2026-07-03,Friday,2,02:00-03:00,Chat,Sales,0,0,2,2,11.458333333333334,4.45
2026-07-03,Friday,2,02:00-03:00,Chat,General,0,0,4,4,6.208333333333333,2.51
2026-07-03,Friday,2,02:00-03:00,Email,Billing,0,0,1,1,5.833333333333333,2.1
2026-07-03,Friday,2,02:00-03:00,Email,Technical,0,0,4,4,7.958333333333333,3.01
2026-07-03,Friday,2,02:00-03:00,Email,Sales,0,0,2,2,6.125,2.1
2026-07-03,Friday,2,02:00-03:00,Email,General,0,0,1,1,4.333333333333333,1.74
2026-07-03,Friday,3,03:00-04:00,Voice,Billing,0,0,4,4,13.916666666666666,5.08
2026-07-03,Friday,3,03:00-04:00,Voice,Technical,0,0,3,3,20.583333333333332,7.31
2026-07-03,Friday,3,03:00-04:00,Voice,Sales,0,0,3,3,20.583333333333332,7.3
2026-07-03,Friday,3,03:00-04:00,Voice,General,0,0,0,0,9.458333333333334,3.52
2026-07-03,Friday,3,03:00-04:00,Chat,Billing,0,0,1,1,8.5,3.06
2026-07-03,Friday,3,03:00-04:00,Chat,Technical,0,0,2,2,13.375,4.98
2026-07-03,Friday,3,03:00-04:00,Chat,Sales,0,0,2,2,11.375,4.4
2026-07-03,Friday,3,03:00-04:00,Chat,General,0,0,2,2,6.125,2.61
2026-07-03,Friday,3,03:00-04:00,Email,Billing,0,0,0,0,5.791666666666667,2.1
2026-07-03,Friday,3,03:00-04:00,Email,Technical,0,0,1,1,8.083333333333334,3.04
2026-07-03,Friday,3,03:00-04:00,Email,Sales,0,0,0,0,6.208333333333333,2.11
2026-07-03,Friday,3,03:00-04:00,Email,General,0,0,0,0,4.333333333333333,1.74
2026-07-03,Friday,4,04:00-05:00,Voice,Billing,0,0,5,5,13.916666666666666,5.05
2026-07-03,Friday,4,04:00-05:00,Voice,Technical,0,0,14,14,20.541666666666668,8.44
2026-07-03,Friday,4,04:00-05:00,Voice,Sales,0,0,7,7,20.541666666666668,7.31
2026-07-03,Friday,4,04:00-05:00,Voice,General,0,0,6,6,9.291666666666666,3.87
2026-07-03,Friday,4,04:00-05:00,Chat,Billing,0,0,0,0,8.458333333333334,3.06
2026-07-03,Friday,4,04:00-05:00,Chat,Technical,0,0,6,6,13.291666666666666,5.0
2026-07-03,Friday,4,04:00-05:00,Chat,Sales,0,0,5,5,11.25,4.09
2026-07-03,Friday,4,04:00-05:00,Chat,General,0,0,2,2,6.125,2.61
2026-07-03,Friday,4,04:00-05:00,Email,Billing,0,0,3,3,5.666666666666667,2.1
2026-07-03,Friday,4,04:00-05:00,Email,Technical,0,0,2,2,8.041666666666666,3.04
2026-07-03,Friday,4,04:00-05:00,Email,Sales,0,0,6,6,6.125,3.01
2026-07-03,Friday,4,04:00-05:00,Email,General,0,0,1,1,4.291666666666667,1.74
2026-07-03,Friday,5,05:00-06:00,Voice,Billing,0,0,14,14,14.083333333333334,12.18
2026-07-03,Friday,5,05:00-06:00,Voice,Technical,0,0,15,15,20.916666666666668,10.53
2026-07-03,Friday,5,05:00-06:00,Voice,Sales,0,0,13,13,20.583333333333332,8.67
2026-07-03,Friday,5,05:00-06:00,Voice,General,0,0,5,5,9.5,3.58
2026-07-03,Friday,5,05:00-06:00,Chat,Billing,0,0,7,7,8.416666666666666,4.32
2026-07-03,Friday,5,05:00-06:00,Chat,Technical,0,0,9,9,13.5,5.37
2026-07-03,Friday,5,05:00-06:00,Chat,Sales,0,0,7,7,11.458333333333334,4.59
2026-07-03,Friday,5,05:00-06:00,Chat,General,0,0,2,2,6.125,2.61
2026-07-03,Friday,5,05:00-06:00,Email,Billing,0,0,4,4,5.708333333333333,2.27
2026-07-03,Friday,5,05:00-06:00,Email,Technical,0,0,1,1,8.125,3.04
2026-07-03,Friday,5,05:00-06:00,Email,Sales,0,0,6,6,6.291666666666667,2.98
2026-07-03,Friday,5,05:00-06:00,Email,General,0,0,2,2,4.333333333333333,1.74
2026-07-03,Friday,6,06:00-07:00,Voice,Billing,0,0,1,1,14.583333333333334,5.2
2026-07-03,Friday,6,06:00-07:00,Voice,Technical,0,0,9,9,21.291666666666668,7.91
2026-07-03,Friday,6,06:00-07:00,Voice,Sales,0,0,6,6,20.916666666666668,7.19
2026-07-03,Friday,6,06:00-07:00,Voice,General,0,0,4,4,9.666666666666666,3.53
2026-07-03,Friday,6,06:00-07:00,Chat,Billing,0,0,2,2,8.666666666666666,3.07
2026-07-03,Friday,6,06:00-07:00,Chat,Technical,0,0,4,4,13.708333333333334,5.07
2026-07-03,Friday,6,06:00-07:00,Chat,Sales,0,0,5,5,11.5,4.39
2026-07-03,Friday,6,06:00-07:00,Chat,General,0,0,2,2,6.166666666666667,2.61
2026-07-03,Friday,6,06:00-07:00,Email,Billing,0,0,0,0,5.833333333333333,2.1
2026-07-03,Friday,6,06:00-07:00,Email,Technical,0,0,1,1,7.833333333333333,2.87
2026-07-03,Friday,6,06:00-07:00,Email,Sales,0,0,2,2,6.5,2.47
2026-07-03,Friday,6,06:00-07:00,Email,General,0,0,0,0,4.333333333333333,1.74
2026-07-03,Friday,7,07:00-08:00,Voice,Billing,0,0,2,2,14.541666666666666,4.96
2026-07-03,Friday,7,07:00-08:00,Voice,Technical,0,0,10,10,21.541666666666668,7.76
2026-07-03,Friday,7,07:00-08:00,Voice,Sales,0,0,2,2,21.041666666666668,6.79
2026-07-03,Friday,7,07:00-08:00,Voice,General,0,0,4,4,9.833333333333334,3.53
2026-07-03,Friday,7,07:00-08:00,Chat,Billing,0,0,2,2,8.708333333333334,3.1
2026-07-03,Friday,7,07:00-08:00,Chat,Technical,0,0,3,3,13.875,5.14
2026-07-03,Friday,7,07:00-08:00,Chat,Sales,0,0,1,1,11.666666666666666,4.28
2026-07-03,Friday,7,07:00-08:00,Chat,General,0,0,1,1,6.083333333333333,2.61
2026-07-03,Friday,7,07:00-08:00,Email,Billing,0,0,2,2,5.75,2.1
2026-07-03,Friday,7,07:00-08:00,Email,Technical,0,0,1,1,7.875,2.89
2026-07-03,Friday,7,07:00-08:00,Email,Sales,0,0,0,0,6.583333333333333,2.49
2026-07-03,Friday,7,07:00-08:00,Email,General,0,0,0,0,4.333333333333333,1.74
2026-07-03,Friday,8,08:00-09:00,Voice,Billing,0,0,16,16,14.458333333333334,17.85
2026-07-03,Friday,8,08:00-09:00,Voice,Technical,0,0,24,24,21.75,23.57
2026-07-03,Friday,8,08:00-09:00,Voice,Sales,0,0,20,20,20.916666666666668,20.99
2026-07-03,Friday,8,08:00-09:00,Voice,General,0,0,16,16,9.75,17.1
2026-07-03,Friday,8,08:00-09:00,Chat,Billing,0,0,12,12,8.791666666666666,12.25
2026-07-03,Friday,8,08:00-09:00,Chat,Technical,0,0,16,16,13.958333333333334,17.86
2026-07-03,Friday,8,08:00-09:00,Chat,Sales,0,0,14,14,11.541666666666666,13.32
2026-07-03,Friday,8,08:00-09:00,Chat,General,0,0,8,8,6.083333333333333,9.09
2026-07-03,Friday,8,08:00-09:00,Email,Billing,0,0,12,12,5.833333333333333,11.25
2026-07-03,Friday,8,08:00-09:00,Email,Technical,0,0,11,11,7.875,10.54
2026-07-03,Friday,8,08:00-09:00,Email,Sales,0,0,5,5,6.5,6.14
2026-07-03,Friday,8,08:00-09:00,Email,General,0,0,5,5,4.25,6.01
2026-07-03,Friday,9,09:00-10:00,Voice,Billing,0,0,20,20,14.125,20.15
2026-07-03,Friday,9,09:00-10:00,Voice,Technical,0,0,34,34,21.25,34.02
2026-07-03,Friday,9,09:00-10:00,Voice,Sales,0,0,23,23,21.083333333333332,23.17
2026-07-03,Friday,9,09:00-10:00,Voice,General,0,0,17,17,9.75,18.61
2026-07-03,Friday,9,09:00-10:00,Chat,Billing,0,0,15,15,8.666666666666666,14.74
2026-07-03,Friday,9,09:00-10:00,Chat,Technical,0,0,13,13,13.916666666666666,14.12
2026-07-03,Friday,9,09:00-10:00,Chat,Sales,0,0,23,23,11.708333333333334,21.92
2026-07-03,Friday,9,09:00-10:00,Chat,General,0,0,10,10,6.208333333333333,10.78
2026-07-03,Friday,9,09:00-10:00,Email,Billing,0,0,7,7,6.166666666666667,7.23
2026-07-03,Friday,9,09:00-10:00,Email,Technical,0,0,15,15,7.583333333333333,14.39
2026-07-03,Friday,9,09:00-10:00,Email,Sales,0,0,10,10,6.541666666666667,10.65
2026-07-03,Friday,9,09:00-10:00,Email,General,0,0,7,7,4.166666666666667,7.42
2026-07-03,Friday,10,10:00-11:00,Voice,Billing,0,0,20,20,14.083333333333334,22.74
2026-07-03,Friday,10,10:00-11:00,Voice,Technical,0,0,39,39,21.5,42.18
2026-07-03,Friday,10,10:00-11:00,Voice,Sales,0,0,32,32,20.416666666666668,35.54
2026-07-03,Friday,10,10:00-11:00,Voice,General,0,0,27,27,9.708333333333334,23.08
2026-07-03,Friday,10,10:00-11:00,Chat,Billing,0,0,26,26,8.708333333333334,20.69
2026-07-03,Friday,10,10:00-11:00,Chat,Technical,0,0,27,27,13.208333333333334,26.74
2026-07-03,Friday,10,10:00-11:00,Chat,Sales,0,0,26,26,11.791666666666666,25.28
2026-07-03,Friday,10,10:00-11:00,Chat,General,0,0,11,11,6.166666666666667,11.57
2026-07-03,Friday,10,10:00-11:00,Email,Billing,0,0,13,13,6.041666666666667,12.51
2026-07-03,Friday,10,10:00-11:00,Email,Technical,0,0,24,24,7.625,18.84
2026-07-03,Friday,10,10:00-11:00,Email,Sales,0,0,11,11,6.5,11.48
2026-07-03,Friday,10,10:00-11:00,Email,General,0,0,3,3,4.291666666666667,2.76
2026-07-03,Friday,11,11:00-12:00,Voice,Billing,0,0,36,36,13.458333333333334,30.36
2026-07-03,Friday,11,11:00-12:00,Voice,Technical,0,0,60,60,21.458333333333332,52.2
2026-07-03,Friday,11,11:00-12:00,Voice,Sales,0,0,38,38,20.166666666666668,40.87
2026-07-03,Friday,11,11:00-12:00,Voice,General,0,0,18,18,10.0,21.16
2026-07-03,Friday,11,11:00-12:00,Chat,Billing,0,0,19,19,8.791666666666666,20.88
2026-07-03,Friday,11,11:00-12:00,Chat,Technical,0,0,30,30,13.458333333333334,30.82
2026-07-03,Friday,11,11:00-12:00,Chat,Sales,0,0,36,36,11.75,29.89
2026-07-03,Friday,11,11:00-12:00,Chat,General,0,0,17,17,6.083333333333333,14.56
2026-07-03,Friday,11,11:00-12:00,Email,Billing,0,0,14,14,6.125,13.44
2026-07-03,Friday,11,11:00-12:00,Email,Technical,0,0,19,19,7.875,20.19
2026-07-03,Friday,11,11:00-12:00,Email,Sales,0,0,13,13,6.458333333333333,13.67
2026-07-03,Friday,11,11:00-12:00,Email,General,0,0,7,7,4.208333333333333,7.42
2026-07-03,Friday,12,12:00-13:00,Voice,Billing,0,0,30,30,13.5,31.31
2026-07-03,Friday,12,12:00-13:00,Voice,Technical,0,0,47,47,21.916666666666668,52.64
2026-07-03,Friday,12,12:00-13:00,Voice,Sales,0,0,48,48,20.041666666666668,44.19
2026-07-03,Friday,12,12:00-13:00,Voice,General,0,0,33,33,10.25,26.33
2026-07-03,Friday,12,12:00-13:00,Chat,Billing,0,0,17,17,8.666666666666666,20.4
2026-07-03,Friday,12,12:00-13:00,Chat,Technical,0,0,41,41,13.208333333333334,34.8
2026-07-03,Friday,12,12:00-13:00,Chat,Sales,0,0,31,31,12.083333333333334,29.48
2026-07-03,Friday,12,12:00-13:00,Chat,General,0,0,11,11,6.041666666666667,11.57
2026-07-03,Friday,12,12:00-13:00,Email,Billing,0,0,13,13,6.208333333333333,13.45
2026-07-03,Friday,12,12:00-13:00,Email,Technical,0,0,29,29,8.041666666666666,20.24
2026-07-03,Friday,12,12:00-13:00,Email,Sales,0,0,17,17,6.166666666666667,15.38
2026-07-03,Friday,12,12:00-13:00,Email,General,0,0,12,12,4.041666666666667,10.45
2026-07-03,Friday,13,13:00-14:00,Voice,Billing,0,0,43,43,13.625,34.44
2026-07-03,Friday,13,13:00-14:00,Voice,Technical,0,0,50,50,21.333333333333332,53.23
2026-07-03,Friday,13,13:00-14:00,Voice,Sales,0,0,49,49,19.75,43.07
2026-07-03,Friday,13,13:00-14:00,Voice,General,0,0,23,23,10.833333333333334,24.35
2026-07-03,Friday,13,13:00-14:00,Chat,Billing,0,0,23,23,8.541666666666666,21.59
2026-07-03,Friday,13,13:00-14:00,Chat,Technical,0,0,43,43,13.208333333333334,36.65
2026-07-03,Friday,13,13:00-14:00,Chat,Sales,0,0,29,29,12.125,28.64
2026-07-03,Friday,13,13:00-14:00,Chat,General,0,0,19,19,6.041666666666667,15.62
2026-07-03,Friday,13,13:00-14:00,Email,Billing,0,0,11,11,6.166666666666667,11.48
2026-07-03,Friday,13,13:00-14:00,Email,Technical,0,0,20,20,8.541666666666666,20.89
2026-07-03,Friday,13,13:00-14:00,Email,Sales,0,0,25,25,6.291666666666667,17.07
2026-07-03,Friday,13,13:00-14:00,Email,General,0,0,8,8,4.0,9.2
2026-07-03,Friday,14,14:00-15:00,Voice,Billing,0,0,25,25,14.208333333333334,29.67
2026-07-03,Friday,14,14:00-15:00,Voice,Technical,0,0,65,65,21.25,52.77
2026-07-03,Friday,14,14:00-15:00,Voice,Sales,0,0,49,49,19.791666666666668,43.07
2026-07-03,Friday,14,14:00-15:00,Voice,General,0,0,22,22,10.791666666666666,23.43
2026-07-03,Friday,14,14:00-15:00,Chat,Billing,0,0,21,21,8.875,20.98
2026-07-03,Friday,14,14:00-15:00,Chat,Technical,0,0,32,32,13.791666666666666,32.22
2026-07-03,Friday,14,14:00-15:00,Chat,Sales,0,0,35,35,11.958333333333334,29.33
2026-07-03,Friday,14,14:00-15:00,Chat,General,0,0,21,21,6.166666666666667,15.09
2026-07-03,Friday,14,14:00-15:00,Email,Billing,0,0,22,22,6.041666666666667,15.39
2026-07-03,Friday,14,14:00-15:00,Email,Technical,0,0,25,25,8.666666666666666,22.68
2026-07-03,Friday,14,14:00-15:00,Email,Sales,0,0,23,23,6.833333333333333,16.38
2026-07-03,Friday,14,14:00-15:00,Email,General,0,0,7,7,3.7916666666666665,7.42
2026-07-03,Friday,15,15:00-16:00,Voice,Billing,0,0,30,30,13.708333333333334,27.41
2026-07-03,Friday,15,15:00-16:00,Voice,Technical,0,0,49,49,22.166666666666668,44.45
2026-07-03,Friday,15,15:00-16:00,Voice,Sales,0,0,36,36,19.916666666666668,36.96
2026-07-03,Friday,15,15:00-16:00,Voice,General,0,0,20,20,11.166666666666666,21.63
2026-07-03,Friday,15,15:00-16:00,Chat,Billing,0,0,14,14,9.041666666666666,14.29
2026-07-03,Friday,15,15:00-16:00,Chat,Technical,0,0,24,24,13.958333333333334,25.66
2026-07-03,Friday,15,15:00-16:00,Chat,Sales,0,0,23,23,12.541666666666666,24.37
2026-07-03,Friday,15,15:00-16:00,Chat,General,0,0,13,13,6.5,13.36
2026-07-03,Friday,15,15:00-16:00,Email,Billing,0,0,3,3,6.375,2.86
2026-07-03,Friday,15,15:00-16:00,Email,Technical,0,0,17,17,9.041666666666666,19.22
2026-07-03,Friday,15,15:00-16:00,Email,Sales,0,0,11,11,7.25,11.44
2026-07-03,Friday,15,15:00-16:00,Email,General,0,0,8,8,3.8333333333333335,8.94
2026-07-03,Friday,16,16:00-17:00,Voice,Billing,0,0,23,23,13.875,21.38
2026-07-03,Friday,16,16:00-17:00,Voice,Technical,0,0,36,36,22.916666666666668,33.69
2026-07-03,Friday,16,16:00-17:00,Voice,Sales,0,0,32,32,19.583333333333332,31.69
2026-07-03,Friday,16,16:00-17:00,Voice,General,0,0,16,16,10.958333333333334,17.34
2026-07-03,Friday,16,16:00-17:00,Chat,Billing,0,0,15,15,8.75,15.19
2026-07-03,Friday,16,16:00-17:00,Chat,Technical,0,0,23,23,14.041666666666666,21.63
2026-07-03,Friday,16,16:00-17:00,Chat,Sales,0,0,14,14,12.875,14.56
2026-07-03,Friday,16,16:00-17:00,Chat,General,0,0,8,8,6.541666666666667,9.47
2026-07-03,Friday,16,16:00-17:00,Email,Billing,0,0,13,13,6.083333333333333,11.68
2026-07-03,Friday,16,16:00-17:00,Email,Technical,0,0,16,16,9.291666666666666,16.45
2026-07-03,Friday,16,16:00-17:00,Email,Sales,0,0,9,9,7.125,10.22
2026-07-03,Friday,16,16:00-17:00,Email,General,0,0,10,10,3.8333333333333335,9.01
2026-07-03,Friday,17,17:00-18:00,Voice,Billing,0,0,16,16,13.875,17.13
2026-07-03,Friday,17,17:00-18:00,Voice,Technical,0,0,18,18,23.166666666666668,21.13
2026-07-03,Friday,17,17:00-18:00,Voice,Sales,0,0,24,24,19.541666666666668,21.02
2026-07-03,Friday,17,17:00-18:00,Voice,General,0,0,12,12,11.083333333333334,13.46
2026-07-03,Friday,17,17:00-18:00,Chat,Billing,0,0,11,11,8.875,11.06
2026-07-03,Friday,17,17:00-18:00,Chat,Technical,0,0,20,20,14.125,18.96
2026-07-03,Friday,17,17:00-18:00,Chat,Sales,0,0,14,14,12.833333333333334,14.51
2026-07-03,Friday,17,17:00-18:00,Chat,General,0,0,11,11,6.291666666666667,11.02
2026-07-03,Friday,17,17:00-18:00,Email,Billing,0,0,4,4,6.416666666666667,5.63
2026-07-03,Friday,17,17:00-18:00,Email,Technical,0,0,11,11,9.416666666666666,10.89
2026-07-03,Friday,17,17:00-18:00,Email,Sales,0,0,8,8,7.0,9.0
2026-07-03,Friday,17,17:00-18:00,Email,General,0,0,2,2,3.75,2.11
2026-07-03,Friday,18,18:00-19:00,Voice,Billing,0,0,5,5,13.75,5.23
2026-07-03,Friday,18,18:00-19:00,Voice,Technical,0,0,0,0,22.958333333333332,7.7
2026-07-03,Friday,18,18:00-19:00,Voice,Sales,0,0,2,2,19.5,6.28
2026-07-03,Friday,18,18:00-19:00,Voice,General,0,0,1,1,11.083333333333334,3.6
2026-07-03,Friday,18,18:00-19:00,Chat,Billing,0,0,1,1,8.916666666666666,3.1
2026-07-03,Friday,18,18:00-19:00,Chat,Technical,0,0,5,5,14.333333333333334,5.17
2026-07-03,Friday,18,18:00-19:00,Chat,Sales,0,0,0,0,12.916666666666666,4.62
2026-07-03,Friday,18,18:00-19:00,Chat,General,0,0,1,1,6.625,2.51
2026-07-03,Friday,18,18:00-19:00,Email,Billing,0,0,2,2,6.458333333333333,2.36
2026-07-03,Friday,18,18:00-19:00,Email,Technical,0,0,2,2,9.583333333333334,3.26
2026-07-03,Friday,18,18:00-19:00,Email,Sales,0,0,1,1,6.958333333333333,2.53
2026-07-03,Friday,18,18:00-19:00,Email,General,0,0,0,0,3.5833333333333335,1.68
2026-07-03,Friday,19,19:00-20:00,Voice,Billing,0,0,9,9,13.666666666666666,5.18
2026-07-03,Friday,19,19:00-20:00,Voice,Technical,0,0,8,8,22.75,8.1
2026-07-03,Friday,19,19:00-20:00,Voice,Sales,0,0,9,9,18.916666666666668,7.33
2026-07-03,Friday,19,19:00-20:00,Voice,General,0,0,4,4,10.958333333333334,3.57
2026-07-03,Friday,19,19:00-20:00,Chat,Billing,0,0,3,3,8.708333333333334,3.12
2026-07-03,Friday,19,19:00-20:00,Chat,Technical,0,0,4,4,14.291666666666666,5.12
2026-07-03,Friday,19,19:00-20:00,Chat,Sales,0,0,7,7,12.458333333333334,4.8
2026-07-03,Friday,19,19:00-20:00,Chat,General,0,0,3,3,6.5,2.54
2026-07-03,Friday,19,19:00-20:00,Email,Billing,0,0,1,1,6.291666666666667,2.14
2026-07-03,Friday,19,19:00-20:00,Email,Technical,0,0,5,5,9.375,3.21
2026-07-03,Friday,19,19:00-20:00,Email,Sales,0,0,6,6,6.916666666666667,2.66
2026-07-03,Friday,19,19:00-20:00,Email,General,0,0,4,4,3.5,1.28
2026-07-03,Friday,20,20:00-21:00,Voice,Billing,0,0,2,2,13.833333333333334,5.01
2026-07-03,Friday,20,20:00-21:00,Voice,Technical,0,0,3,3,22.458333333333332,7.33
2026-07-03,Friday,20,20:00-21:00,Voice,Sales,0,0,4,4,18.75,6.35
2026-07-03,Friday,20,20:00-21:00,Voice,General,0,0,2,2,11.041666666666666,3.6
2026-07-03,Friday,20,20:00-21:00,Chat,Billing,0,0,3,3,8.625,3.12
2026-07-03,Friday,20,20:00-21:00,Chat,Technical,0,0,1,1,14.25,5.52
2026-07-03,Friday,20,20:00-21:00,Chat,Sales,0,0,4,4,12.583333333333334,4.5
2026-07-03,Friday,20,20:00-21:00,Chat,General,0,0,3,3,6.5,2.55
2026-07-03,Friday,20,20:00-21:00,Email,Billing,0,0,1,1,6.208333333333333,2.1
2026-07-03,Friday,20,20:00-21:00,Email,Technical,0,0,5,5,9.458333333333334,3.14
2026-07-03,Friday,20,20:00-21:00,Email,Sales,0,0,3,3,7.0,2.6
2026-07-03,Friday,20,20:00-21:00,Email,General,0,0,1,1,3.625,1.69
2026-07-03,Friday,21,21:00-22:00,Voice,Billing,0,0,5,5,13.416666666666666,4.84
2026-07-03,Friday,21,21:00-22:00,Voice,Technical,0,0,16,16,22.083333333333332,16.54
2026-07-03,Friday,21,21:00-22:00,Voice,Sales,0,0,11,11,18.333333333333332,6.27
2026-07-03,Friday,21,21:00-22:00,Voice,General,0,0,4,4,10.708333333333334,3.5
2026-07-03,Friday,21,21:00-22:00,Chat,Billing,0,0,3,3,8.625,3.13
2026-07-03,Friday,21,21:00-22:00,Chat,Technical,0,0,8,8,13.916666666666666,4.79
2026-07-03,Friday,21,21:00-22:00,Chat,Sales,0,0,5,5,12.416666666666666,4.47
2026-07-03,Friday,21,21:00-22:00,Chat,General,0,0,3,3,6.583333333333333,2.55
2026-07-03,Friday,21,21:00-22:00,Email,Billing,0,0,3,3,6.041666666666667,2.14
2026-07-03,Friday,21,21:00-22:00,Email,Technical,0,0,7,7,9.416666666666666,4.35
2026-07-03,Friday,21,21:00-22:00,Email,Sales,0,0,3,3,6.833333333333333,2.57
2026-07-03,Friday,21,21:00-22:00,Email,General,0,0,2,2,3.625,1.69
2026-07-03,Friday,22,22:00-23:00,Voice,Billing,0,0,6,6,13.541666666666666,4.76
2026-07-03,Friday,22,22:00-23:00,Voice,Technical,0,0,14,14,22.541666666666668,9.1
2026-07-03,Friday,22,22:00-23:00,Voice,Sales,0,0,5,5,18.541666666666668,6.72
2026-07-03,Friday,22,22:00-23:00,Voice,General,0,0,10,10,10.875,4.61
2026-07-03,Friday,22,22:00-23:00,Chat,Billing,0,0,4,4,8.666666666666666,3.14
2026-07-03,Friday,22,22:00-23:00,Chat,Technical,0,0,8,8,14.166666666666666,4.62
2026-07-03,Friday,22,22:00-23:00,Chat,Sales,0,0,6,6,12.5,4.51
2026-07-03,Friday,22,22:00-23:00,Chat,General,0,0,3,3,6.625,2.55
2026-07-03,Friday,22,22:00-23:00,Email,Billing,0,0,2,2,6.125,2.09
2026-07-03,Friday,22,22:00-23:00,Email,Technical,0,0,2,2,9.666666666666666,3.26
2026-07-03,Friday,22,22:00-23:00,Email,Sales,0,0,1,1,6.875,2.5
2026-07-03,Friday,22,22:00-23:00,Email,General,0,0,2,2,3.5833333333333335,1.69
2026-07-03,Friday,23,23:00-00:00,Voice,Billing,0,0,3,3,13.625,4.75
2026-07-03,Friday,23,23:00-00:00,Voice,Technical,0,0,2,2,22.583333333333332,6.97
2026-07-03,Friday,23,23:00-00:00,Voice,Sales,0,0,4,4,18.583333333333332,6.63
2026-07-03,Friday,23,23:00-00:00,Voice,General,0,0,1,1,11.0,3.51
2026-07-03,Friday,23,23:00-00:00,Chat,Billing,0,0,1,1,8.625,3.09
2026-07-03,Friday,23,23:00-00:00,Chat,Technical,0,0,1,1,14.291666666666666,5.28
2026-07-03,Friday,23,23:00-00:00,Chat,Sales,0,0,3,3,12.416666666666666,4.42
2026-07-03,Friday,23,23:00-00:00,Chat,General,0,0,0,0,6.666666666666667,2.51
2026-07-03,Friday,23,23:00-00:00,Email,Billing,0,0,3,3,5.958333333333333,2.14
2026-07-03,Friday,23,23:00-00:00,Email,Technical,0,0,4,4,9.375,3.12
2026-07-03,Friday,23,23:00-00:00,Email,Sales,0,0,3,3,6.875,2.57
2026-07-03,Friday,23,23:00-00:00,Email,General,0,0,2,2,3.6666666666666665,1.7
2026-07-04,Saturday,0,00:00-01:00,Voice,Billing,0,1,2,2,13.666666666666666,2.86
2026-07-04,Saturday,0,00:00-01:00,Voice,Technical,0,1,5,5,22.625,3.72
2026-07-04,Saturday,0,00:00-01:00,Voice,Sales,0,1,2,2,18.333333333333332,3.64
2026-07-04,Saturday,0,00:00-01:00,Voice,General,0,1,2,2,10.958333333333334,1.82
2026-07-04,Saturday,0,00:00-01:00,Chat,Billing,0,1,1,1,8.583333333333334,1.53
2026-07-04,Saturday,0,00:00-01:00,Chat,Technical,0,1,2,2,13.958333333333334,1.8
2026-07-04,Saturday,0,00:00-01:00,Chat,Sales,0,1,5,5,12.458333333333334,3.35
2026-07-04,Saturday,0,00:00-01:00,Chat,General,0,1,4,4,6.625,2.39
2026-07-04,Saturday,0,00:00-01:00,Email,Billing,0,1,1,1,6.0,1.36
2026-07-04,Saturday,0,00:00-01:00,Email,Technical,0,1,1,1,9.5,1.67
2026-07-04,Saturday,0,00:00-01:00,Email,Sales,0,1,0,0,6.916666666666667,1.3
2026-07-04,Saturday,0,00:00-01:00,Email,General,0,1,1,1,3.6666666666666665,1.29
2026-07-04,Saturday,1,01:00-02:00,Voice,Billing,0,1,1,1,13.541666666666666,2.84
2026-07-04,Saturday,1,01:00-02:00,Voice,Technical,0,1,2,2,22.333333333333332,4.18
2026-07-04,Saturday,1,01:00-02:00,Voice,Sales,0,1,2,2,17.958333333333332,3.4
2026-07-04,Saturday,1,01:00-02:00,Voice,General,0,1,2,2,10.75,1.9
2026-07-04,Saturday,1,01:00-02:00,Chat,Billing,0,1,1,1,8.541666666666666,1.53
2026-07-04,Saturday,1,01:00-02:00,Chat,Technical,0,1,3,3,13.708333333333334,2.31
2026-07-04,Saturday,1,01:00-02:00,Chat,Sales,0,1,3,3,12.541666666666666,2.29
2026-07-04,Saturday,1,01:00-02:00,Chat,General,0,1,0,0,6.75,1.36
2026-07-04,Saturday,1,01:00-02:00,Email,Billing,0,1,0,0,5.791666666666667,1.36
2026-07-04,Saturday,1,01:00-02:00,Email,Technical,0,1,0,0,9.333333333333334,1.71
2026-07-04,Saturday,1,01:00-02:00,Email,Sales,0,1,1,1,6.916666666666667,1.33
2026-07-04,Saturday,1,01:00-02:00,Email,General,0,1,1,1,3.6666666666666665,1.29
2026-07-04,Saturday,2,02:00-03:00,Voice,Billing,0,1,1,1,13.458333333333334,2.82
2026-07-04,Saturday,2,02:00-03:00,Voice,Technical,0,1,4,4,22.166666666666668,4.07
2026-07-04,Saturday,2,02:00-03:00,Voice,Sales,0,1,0,0,17.708333333333332,2.76
2026-07-04,Saturday,2,02:00-03:00,Voice,General,0,1,1,1,10.458333333333334,2.41
2026-07-04,Saturday,2,02:00-03:00,Chat,Billing,0,1,2,2,8.5,1.58
2026-07-04,Saturday,2,02:00-03:00,Chat,Technical,0,1,2,2,13.708333333333334,1.78
2026-07-04,Saturday,2,02:00-03:00,Chat,Sales,0,1,0,0,12.5,1.81
2026-07-04,Saturday,2,02:00-03:00,Chat,General,0,1,0,0,6.625,1.4
2026-07-04,Saturday,2,02:00-03:00,Email,Billing,0,1,0,0,5.625,1.34
2026-07-04,Saturday,2,02:00-03:00,Email,Technical,0,1,2,2,9.291666666666666,1.72
2026-07-04,Saturday,2,02:00-03:00,Email,Sales,0,1,2,2,6.916666666666667,1.39
2026-07-04,Saturday,2,02:00-03:00,Email,General,0,1,0,0,3.5833333333333335,1.27
2026-07-04,Saturday,3,03:00-04:00,Voice,Billing,0,1,1,1,13.291666666666666,2.64
2026-07-04,Saturday,3,03:00-04:00,Voice,Technical,0,1,4,4,21.958333333333332,3.95
2026-07-04,Saturday,3,03:00-04:00,Voice,Sales,0,1,4,4,17.541666666666668,3.31
2026-07-04,Saturday,3,03:00-04:00,Voice,General,0,1,0,0,10.416666666666666,2.4
2026-07-04,Saturday,3,03:00-04:00,Chat,Billing,0,1,1,1,8.5,1.53
2026-07-04,Saturday,3,03:00-04:00,Chat,Technical,0,1,5,5,13.625,3.31
2026-07-04,Saturday,3,03:00-04:00,Chat,Sales,0,1,2,2,12.416666666666666,1.82
2026-07-04,Saturday,3,03:00-04:00,Chat,General,0,1,0,0,6.458333333333333,1.43
2026-07-04,Saturday,3,03:00-04:00,Email,Billing,0,1,0,0,5.583333333333333,1.36
2026-07-04,Saturday,3,03:00-04:00,Email,Technical,0,1,3,3,9.208333333333334,1.77
2026-07-04,Saturday,3,03:00-04:00,Email,Sales,0,1,3,3,6.916666666666667,1.72
2026-07-04,Saturday,3,03:00-04:00,Email,General,0,1,0,0,3.5416666666666665,1.28
2026-07-04,Saturday,4,04:00-05:00,Voice,Billing,0,1,2,2,13.166666666666666,2.31
2026-07-04,Saturday,4,04:00-05:00,Voice,Technical,0,1,4,4,22.0,4.06
2026-07-04,Saturday,4,04:00-05:00,Voice,Sales,0,1,3,3,17.583333333333332,3.83
2026-07-04,Saturday,4,04:00-05:00,Voice,General,0,1,3,3,10.416666666666666,2.07
2026-07-04,Saturday,4,04:00-05:00,Chat,Billing,0,1,0,0,8.5,1.56
2026-07-04,Saturday,4,04:00-05:00,Chat,Technical,0,1,4,4,13.75,2.44
2026-07-04,Saturday,4,04:00-05:00,Chat,Sales,0,1,2,2,12.416666666666666,1.75
2026-07-04,Saturday,4,04:00-05:00,Chat,General,0,1,3,3,6.375,1.92
2026-07-04,Saturday,4,04:00-05:00,Email,Billing,0,1,1,1,5.583333333333333,1.36
2026-07-04,Saturday,4,04:00-05:00,Email,Technical,0,1,2,2,9.291666666666666,1.72
2026-07-04,Saturday,4,04:00-05:00,Email,Sales,0,1,1,1,7.041666666666667,1.31
2026-07-04,Saturday,4,04:00-05:00,Email,General,0,1,1,1,3.5416666666666665,1.28
2026-07-04,Saturday,5,05:00-06:00,Voice,Billing,0,1,4,4,13.041666666666666,2.46
2026-07-04,Saturday,5,05:00-06:00,Voice,Technical,0,1,2,2,21.583333333333332,3.24
2026-07-04,Saturday,5,05:00-06:00,Voice,Sales,0,1,10,10,17.416666666666668,5.05
2026-07-04,Saturday,5,05:00-06:00,Voice,General,0,1,2,2,10.291666666666666,1.77
2026-07-04,Saturday,5,05:00-06:00,Chat,Billing,0,1,5,5,8.5,2.42
2026-07-04,Saturday,5,05:00-06:00,Chat,Technical,0,1,5,5,13.666666666666666,2.89
2026-07-04,Saturday,5,05:00-06:00,Chat,Sales,0,1,1,1,12.291666666666666,1.82
2026-07-04,Saturday,5,05:00-06:00,Chat,General,0,1,1,1,6.416666666666667,1.45
2026-07-04,Saturday,5,05:00-06:00,Email,Billing,0,1,2,2,5.5,1.39
2026-07-04,Saturday,5,05:00-06:00,Email,Technical,0,1,0,0,9.291666666666666,1.64
2026-07-04,Saturday,5,05:00-06:00,Email,Sales,0,1,0,0,6.833333333333333,1.32
2026-07-04,Saturday,5,05:00-06:00,Email,General,0,1,1,1,3.5416666666666665,1.28
2026-07-04,Saturday,6,06:00-07:00,Voice,Billing,0,1,2,2,12.625,1.98
2026-07-04,Saturday,6,06:00-07:00,Voice,Technical,0,1,3,3,21.041666666666668,4.08
2026-07-04,Saturday,6,06:00-07:00,Voice,Sales,0,1,0,0,17.291666666666668,2.51
2026-07-04,Saturday,6,06:00-07:00,Voice,General,0,1,2,2,10.166666666666666,1.69
2026-07-04,Saturday,6,06:00-07:00,Chat,Billing,0,1,0,0,8.416666666666666,1.53
2026-07-04,Saturday,6,06:00-07:00,Chat,Technical,0,1,3,3,13.5,2.2
2026-07-04,Saturday,6,06:00-07:00,Chat,Sales,0,1,2,2,12.041666666666666,1.83
2026-07-04,Saturday,6,06:00-07:00,Chat,General,0,1,0,0,6.375,1.43
2026-07-04,Saturday,6,06:00-07:00,Email,Billing,0,1,0,0,5.416666666666667,1.36
2026-07-04,Saturday,6,06:00-07:00,Email,Technical,0,1,2,2,9.25,1.6
2026-07-04,Saturday,6,06:00-07:00,Email,Sales,0,1,0,0,6.583333333333333,1.39
2026-07-04,Saturday,6,06:00-07:00,Email,General,0,1,0,0,3.5,1.27
2026-07-04,Saturday,7,07:00-08:00,Voice,Billing,0,1,2,2,12.666666666666666,1.87
2026-07-04,Saturday,7,07:00-08:00,Voice,Technical,0,1,4,4,20.791666666666668,3.4
2026-07-04,Saturday,7,07:00-08:00,Voice,Sales,0,1,3,3,17.041666666666668,3.79
2026-07-04,Saturday,7,07:00-08:00,Voice,General,0,1,2,2,10.083333333333334,1.67
2026-07-04,Saturday,7,07:00-08:00,Chat,Billing,0,1,1,1,8.333333333333334,1.5
2026-07-04,Saturday,7,07:00-08:00,Chat,Technical,0,1,2,2,13.458333333333334,1.58
2026-07-04,Saturday,7,07:00-08:00,Chat,Sales,0,1,6,6,11.916666666666666,3.21
2026-07-04,Saturday,7,07:00-08:00,Chat,General,0,1,0,0,6.291666666666667,1.45
2026-07-04,Saturday,7,07:00-08:00,Email,Billing,0,1,1,1,5.416666666666667,1.36
2026-07-04,Saturday,7,07:00-08:00,Email,Technical,0,1,3,3,9.291666666666666,1.73
2026-07-04,Saturday,7,07:00-08:00,Email,Sales,0,1,0,0,6.5,1.38
2026-07-04,Saturday,7,07:00-08:00,Email,General,0,1,0,0,3.5,1.27
2026-07-04,Saturday,8,08:00-09:00,Voice,Billing,0,1,5,5,12.666666666666666,2.37
2026-07-04,Saturday,8,08:00-09:00,Voice,Technical,0,1,6,6,20.541666666666668,3.41
2026-07-04,Saturday,8,08:00-09:00,Voice,Sales,0,1,8,8,17.083333333333332,5.65
2026-07-04,Saturday,8,08:00-09:00,Voice,General,0,1,5,5,10.0,8.16
2026-07-04,Saturday,8,08:00-09:00,Chat,Billing,0,1,3,3,8.291666666666666,3.64
2026-07-04,Saturday,8,08:00-09:00,Chat,Technical,0,1,7,7,13.416666666666666,6.6
2026-07-04,Saturday,8,08:00-09:00,Chat,Sales,0,1,5,5,12.125,2.79
2026-07-04,Saturday,8,08:00-09:00,Chat,General,0,1,4,4,6.25,5.86
2026-07-04,Saturday,8,08:00-09:00,Email,Billing,0,1,3,3,5.375,3.06
2026-07-04,Saturday,8,08:00-09:00,Email,Technical,0,1,4,4,9.375,7.26
2026-07-04,Saturday,8,08:00-09:00,Email,Sales,0,1,6,6,6.5,6.36
2026-07-04,Saturday,8,08:00-09:00,Email,General,0,1,3,3,3.5,3.38
2026-07-04,Saturday,9,09:00-10:00,Voice,Billing,0,1,9,9,12.208333333333334,6.61
2026-07-04,Saturday,9,09:00-10:00,Voice,Technical,0,1,16,16,19.791666666666668,16.3
2026-07-04,Saturday,9,09:00-10:00,Voice,Sales,0,1,16,16,16.583333333333332,15.28
2026-07-04,Saturday,9,09:00-10:00,Voice,General,0,1,7,7,9.541666666666666,6.4
2026-07-04,Saturday,9,09:00-10:00,Chat,Billing,0,1,3,3,7.916666666666667,3.4
2026-07-04,Saturday,9,09:00-10:00,Chat,Technical,0,1,15,15,13.041666666666666,11.3
2026-07-04,Saturday,9,09:00-10:00,Chat,Sales,0,1,13,13,11.75,11.14
2026-07-04,Saturday,9,09:00-10:00,Chat,General,0,1,6,6,6.083333333333333,6.31
2026-07-04,Saturday,9,09:00-10:00,Email,Billing,0,1,8,8,5.0,5.63
2026-07-04,Saturday,9,09:00-10:00,Email,Technical,0,1,4,4,9.083333333333334,7.26
2026-07-04,Saturday,9,09:00-10:00,Email,Sales,0,1,4,4,6.541666666666667,5.97
2026-07-04,Saturday,9,09:00-10:00,Email,General,0,1,1,1,3.4166666666666665,1.66
2026-07-04,Saturday,10,10:00-11:00,Voice,Billing,0,1,7,7,11.75,6.62
2026-07-04,Saturday,10,10:00-11:00,Voice,Technical,0,1,19,19,19.041666666666668,17.84
2026-07-04,Saturday,10,10:00-11:00,Voice,Sales,0,1,24,24,16.291666666666668,21.31
2026-07-04,Saturday,10,10:00-11:00,Voice,General,0,1,12,12,9.125,10.88
2026-07-04,Saturday,10,10:00-11:00,Chat,Billing,0,1,9,9,7.416666666666667,7.07
2026-07-04,Saturday,10,10:00-11:00,Chat,Technical,0,1,16,16,13.125,15.3
2026-07-04,Saturday,10,10:00-11:00,Chat,Sales,0,1,12,12,11.333333333333334,11.11
2026-07-04,Saturday,10,10:00-11:00,Chat,General,0,1,5,5,5.916666666666667,6.29
2026-07-04,Saturday,10,10:00-11:00,Email,Billing,0,1,2,2,5.041666666666667,1.9
2026-07-04,Saturday,10,10:00-11:00,Email,Technical,0,1,7,7,8.625,6.22
2026-07-04,Saturday,10,10:00-11:00,Email,Sales,0,1,8,8,6.291666666666667,5.48
2026-07-04,Saturday,10,10:00-11:00,Email,General,0,1,4,4,3.1666666666666665,5.38
2026-07-04,Saturday,11,11:00-12:00,Voice,Billing,0,1,11,11,11.208333333333334,9.06
2026-07-04,Saturday,11,11:00-12:00,Voice,Technical,0,1,24,24,18.208333333333332,24.3
2026-07-04,Saturday,11,11:00-12:00,Voice,Sales,0,1,14,14,15.958333333333334,11.96
2026-07-04,Saturday,11,11:00-12:00,Voice,General,0,1,13,13,8.5,10.68
2026-07-04,Saturday,11,11:00-12:00,Chat,Billing,0,1,10,10,6.708333333333333,8.1
2026-07-04,Saturday,11,11:00-12:00,Chat,Technical,0,1,15,15,12.666666666666666,11.61
2026-07-04,Saturday,11,11:00-12:00,Chat,Sales,0,1,21,21,10.75,15.15
2026-07-04,Saturday,11,11:00-12:00,Chat,General,0,1,7,7,5.666666666666667,6.14
2026-07-04,Saturday,11,11:00-12:00,Email,Billing,0,1,6,6,4.583333333333333,6.38
2026-07-04,Saturday,11,11:00-12:00,Email,Technical,0,1,7,7,7.916666666666667,6.24
2026-07-04,Saturday,11,11:00-12:00,Email,Sales,0,1,6,6,6.166666666666667,6.49
2026-07-04,Saturday,11,11:00-12:00,Email,General,0,1,4,4,3.2083333333333335,5.45
2026-07-04,Saturday,12,12:00-13:00,Voice,Billing,0,1,15,15,10.166666666666666,11.31
2026-07-04,Saturday,12,12:00-13:00,Voice,Technical,0,1,36,36,16.708333333333332,35.35
2026-07-04,Saturday,12,12:00-13:00,Voice,Sales,0,1,16,16,14.958333333333334,16.28
2026-07-04,Saturday,12,12:00-13:00,Voice,General,0,1,13,13,8.291666666666666,10.75
2026-07-04,Saturday,12,12:00-13:00,Chat,Billing,0,1,14,14,6.333333333333333,9.26
2026-07-04,Saturday,12,12:00-13:00,Chat,Technical,0,1,21,21,12.041666666666666,17.49
2026-07-04,Saturday,12,12:00-13:00,Chat,Sales,0,1,17,17,10.125,15.88
2026-07-04,Saturday,12,12:00-13:00,Chat,General,0,1,8,8,5.25,5.72
2026-07-04,Saturday,12,12:00-13:00,Email,Billing,0,1,2,2,4.25,2.11
2026-07-04,Saturday,12,12:00-13:00,Email,Technical,0,1,17,17,7.416666666666667,14.08
2026-07-04,Saturday,12,12:00-13:00,Email,Sales,0,1,10,10,5.875,7.81
2026-07-04,Saturday,12,12:00-13:00,Email,General,0,1,2,2,3.0833333333333335,2.13
2026-07-04,Saturday,13,13:00-14:00,Voice,Billing,0,1,21,21,9.541666666666666,16.49
2026-07-04,Saturday,13,13:00-14:00,Voice,Technical,0,1,34,34,16.25,32.6
2026-07-04,Saturday,13,13:00-14:00,Voice,Sales,0,1,21,21,13.625,18.91
2026-07-04,Saturday,13,13:00-14:00,Voice,General,0,1,15,15,7.458333333333333,11.0
2026-07-04,Saturday,13,13:00-14:00,Chat,Billing,0,1,9,9,6.208333333333333,7.07
2026-07-04,Saturday,13,13:00-14:00,Chat,Technical,0,1,27,27,11.208333333333334,25.86
2026-07-04,Saturday,13,13:00-14:00,Chat,Sales,0,1,18,18,9.541666666666666,16.54
2026-07-04,Saturday,13,13:00-14:00,Chat,General,0,1,9,9,5.125,6.9
2026-07-04,Saturday,13,13:00-14:00,Email,Billing,0,1,4,4,3.7916666666666665,5.43
2026-07-04,Saturday,13,13:00-14:00,Email,Technical,0,1,14,14,6.916666666666667,10.71
2026-07-04,Saturday,13,13:00-14:00,Email,Sales,0,1,13,13,5.583333333333333,9.38
2026-07-04,Saturday,13,13:00-14:00,Email,General,0,1,6,6,2.6666666666666665,5.73
2026-07-04,Saturday,14,14:00-15:00,Voice,Billing,0,1,14,14,8.625,10.94
2026-07-04,Saturday,14,14:00-15:00,Voice,Technical,0,1,28,28,15.583333333333334,27.08
2026-07-04,Saturday,14,14:00-15:00,Voice,Sales,0,1,18,18,12.458333333333334,16.87
2026-07-04,Saturday,14,14:00-15:00,Voice,General,0,1,14,14,7.125,11.07
2026-07-04,Saturday,14,14:00-15:00,Chat,Billing,0,1,11,11,5.625,8.75
2026-07-04,Saturday,14,14:00-15:00,Chat,Technical,0,1,14,14,10.541666666666666,11.29
2026-07-04,Saturday,14,14:00-15:00,Chat,Sales,0,1,20,20,9.083333333333334,15.17
2026-07-04,Saturday,14,14:00-15:00,Chat,General,0,1,8,8,4.708333333333333,6.17
2026-07-04,Saturday,14,14:00-15:00,Email,Billing,0,1,9,9,3.5,6.33
2026-07-04,Saturday,14,14:00-15:00,Email,Technical,0,1,13,13,6.666666666666667,9.98
2026-07-04,Saturday,14,14:00-15:00,Email,Sales,0,1,5,5,5.083333333333333,6.18
2026-07-04,Saturday,14,14:00-15:00,Email,General,0,1,8,8,2.5833333333333335,5.38
2026-07-04,Saturday,15,15:00-16:00,Voice,Billing,0,1,18,18,8.166666666666666,14.79
2026-07-04,Saturday,15,15:00-16:00,Voice,Technical,0,1,21,21,14.041666666666666,19.75
2026-07-04,Saturday,15,15:00-16:00,Voice,Sales,0,1,16,16,11.166666666666666,15.23
2026-07-04,Saturday,15,15:00-16:00,Voice,General,0,1,8,8,6.791666666666667,5.63
2026-07-04,Saturday,15,15:00-16:00,Chat,Billing,0,1,11,11,5.208333333333333,8.58
2026-07-04,Saturday,15,15:00-16:00,Chat,Technical,0,1,12,12,9.791666666666666,10.47
2026-07-04,Saturday,15,15:00-16:00,Chat,Sales,0,1,9,9,8.458333333333334,7.22
2026-07-04,Saturday,15,15:00-16:00,Chat,General,0,1,4,4,4.166666666666667,5.59
2026-07-04,Saturday,15,15:00-16:00,Email,Billing,0,1,4,4,2.9583333333333335,5.27
2026-07-04,Saturday,15,15:00-16:00,Email,Technical,0,1,12,12,6.166666666666667,8.44
2026-07-04,Saturday,15,15:00-16:00,Email,Sales,0,1,9,9,4.333333333333333,7.03
2026-07-04,Saturday,15,15:00-16:00,Email,General,0,1,5,5,2.625,5.3
2026-07-04,Saturday,16,16:00-17:00,Voice,Billing,0,1,7,7,7.666666666666667,6.24
2026-07-04,Saturday,16,16:00-17:00,Voice,Technical,0,1,20,20,12.875,16.8
2026-07-04,Saturday,16,16:00-17:00,Voice,Sales,0,1,7,7,10.333333333333334,6.16
2026-07-04,Saturday,16,16:00-17:00,Voice,General,0,1,2,2,6.291666666666667,1.93
2026-07-04,Saturday,16,16:00-17:00,Chat,Billing,0,1,9,9,5.083333333333333,7.03
2026-07-04,Saturday,16,16:00-17:00,Chat,Technical,0,1,14,14,9.291666666666666,10.67
2026-07-04,Saturday,16,16:00-17:00,Chat,Sales,0,1,9,9,7.875,7.16
2026-07-04,Saturday,16,16:00-17:00,Chat,General,0,1,5,5,3.7916666666666665,5.75
2026-07-04,Saturday,16,16:00-17:00,Email,Billing,0,1,1,1,3.0,1.66
2026-07-04,Saturday,16,16:00-17:00,Email,Technical,0,1,10,10,5.958333333333333,7.88
2026-07-04,Saturday,16,16:00-17:00,Email,Sales,0,1,10,10,4.25,7.5
2026-07-04,Saturday,16,16:00-17:00,Email,General,0,1,1,1,2.5,1.64
2026-07-04,Saturday,17,17:00-18:00,Voice,Billing,0,1,11,11,7.0,8.38
2026-07-04,Saturday,17,17:00-18:00,Voice,Technical,0,1,10,10,12.208333333333334,7.92
2026-07-04,Saturday,17,17:00-18:00,Voice,Sales,0,1,13,13,9.291666666666666,9.8
2026-07-04,Saturday,17,17:00-18:00,Voice,General,0,1,4,4,5.708333333333333,5.77
2026-07-04,Saturday,17,17:00-18:00,Chat,Billing,0,1,4,4,4.833333333333333,5.6
2026-07-04,Saturday,17,17:00-18:00,Chat,Technical,0,1,7,7,8.916666666666666,6.23
2026-07-04,Saturday,17,17:00-18:00,Chat,Sales,0,1,9,9,7.666666666666667,7.03
2026-07-04,Saturday,17,17:00-18:00,Chat,General,0,1,3,3,3.6666666666666665,3.1
2026-07-04,Saturday,17,17:00-18:00,Email,Billing,0,1,1,1,2.5,1.62
2026-07-04,Saturday,17,17:00-18:00,Email,Technical,0,1,6,6,5.708333333333333,6.43
2026-07-04,Saturday,17,17:00-18:00,Email,Sales,0,1,4,4,4.291666666666667,4.95
2026-07-04,Saturday,17,17:00-18:00,Email,General,0,1,2,2,2.125,1.99
2026-07-04,Saturday,18,18:00-19:00,Voice,Billing,0,1,2,2,6.791666666666667,2.19
2026-07-04,Saturday,18,18:00-19:00,Voice,Technical,0,1,1,1,11.875,2.75
2026-07-04,Saturday,18,18:00-19:00,Voice,Sales,0,1,0,0,8.833333333333334,3.13
2026-07-04,Saturday,18,18:00-19:00,Voice,General,0,1,0,0,5.375,1.55
2026-07-04,Saturday,18,18:00-19:00,Chat,Billing,0,1,0,0,4.541666666666667,1.56
2026-07-04,Saturday,18,18:00-19:00,Chat,Technical,0,1,1,1,8.375,3.13
2026-07-04,Saturday,18,18:00-19:00,Chat,Sales,0,1,1,1,7.458333333333333,2.45
2026-07-04,Saturday,18,18:00-19:00,Chat,General,0,1,0,0,3.3333333333333335,1.17
2026-07-04,Saturday,18,18:00-19:00,Email,Billing,0,1,0,0,2.375,1.04
2026-07-04,Saturday,18,18:00-19:00,Email,Technical,0,1,1,1,5.5,1.5
2026-07-04,Saturday,18,18:00-19:00,Email,Sales,0,1,0,0,4.125,1.33
2026-07-04,Saturday,18,18:00-19:00,Email,General,0,1,0,0,2.125,1.03
2026-07-04,Saturday,19,19:00-20:00,Voice,Billing,0,1,3,3,6.666666666666667,2.31
2026-07-04,Saturday,19,19:00-20:00,Voice,Technical,0,1,3,3,11.916666666666666,2.55
2026-07-04,Saturday,19,19:00-20:00,Voice,Sales,0,1,4,4,8.75,3.13
2026-07-04,Saturday,19,19:00-20:00,Voice,General,0,1,1,1,5.333333333333333,1.52
2026-07-04,Saturday,19,19:00-20:00,Chat,Billing,0,1,0,0,4.5,1.57
2026-07-04,Saturday,19,19:00-20:00,Chat,Technical,0,1,1,1,8.208333333333334,3.01
2026-07-04,Saturday,19,19:00-20:00,Chat,Sales,0,1,4,4,7.5,2.71
2026-07-04,Saturday,19,19:00-20:00,Chat,General,0,1,1,1,3.2916666666666665,1.17
2026-07-04,Saturday,19,19:00-20:00,Email,Billing,0,1,1,1,2.2916666666666665,1.04
2026-07-04,Saturday,19,19:00-20:00,Email,Technical,0,1,3,3,5.458333333333333,1.93
2026-07-04,Saturday,19,19:00-20:00,Email,Sales,0,1,1,1,4.083333333333333,1.33
2026-07-04,Saturday,19,19:00-20:00,Email,General,0,1,0,0,2.125,1.03
2026-07-04,Saturday,20,20:00-21:00,Voice,Billing,0,1,4,4,6.416666666666667,2.39
2026-07-04,Saturday,20,20:00-21:00,Voice,Technical,0,1,2,2,11.708333333333334,2.97
2026-07-04,Saturday,20,20:00-21:00,Voice,Sales,0,1,3,3,8.541666666666666,2.89
2026-07-04,Saturday,20,20:00-21:00,Voice,General,0,1,0,0,5.208333333333333,1.52
2026-07-04,Saturday,20,20:00-21:00,Chat,Billing,0,1,2,2,4.375,1.59
2026-07-04,Saturday,20,20:00-21:00,Chat,Technical,0,1,4,4,8.083333333333334,2.86
2026-07-04,Saturday,20,20:00-21:00,Chat,Sales,0,1,3,3,7.375,2.52
2026-07-04,Saturday,20,20:00-21:00,Chat,General,0,1,1,1,3.2083333333333335,1.18
2026-07-04,Saturday,20,20:00-21:00,Email,Billing,0,1,2,2,2.2916666666666665,1.27
2026-07-04,Saturday,20,20:00-21:00,Email,Technical,0,1,3,3,5.375,1.93
2026-07-04,Saturday,20,20:00-21:00,Email,Sales,0,1,1,1,3.875,1.28
2026-07-04,Saturday,20,20:00-21:00,Email,General,0,1,1,1,1.9583333333333333,1.03
2026-07-04,Saturday,21,21:00-22:00,Voice,Billing,0,1,4,4,6.5,2.64
2026-07-04,Saturday,21,21:00-22:00,Voice,Technical,0,1,4,4,11.666666666666666,2.92
2026-07-04,Saturday,21,21:00-22:00,Voice,Sales,0,1,5,5,8.5,2.88
2026-07-04,Saturday,21,21:00-22:00,Voice,General,0,1,1,1,5.125,1.52
2026-07-04,Saturday,21,21:00-22:00,Chat,Billing,0,1,3,3,4.333333333333333,1.72
2026-07-04,Saturday,21,21:00-22:00,Chat,Technical,0,1,4,4,8.208333333333334,2.81
2026-07-04,Saturday,21,21:00-22:00,Chat,Sales,0,1,6,6,7.333333333333333,2.51
2026-07-04,Saturday,21,21:00-22:00,Chat,General,0,1,2,2,3.125,1.39
2026-07-04,Saturday,21,21:00-22:00,Email,Billing,0,1,1,1,2.3333333333333335,1.04
2026-07-04,Saturday,21,21:00-22:00,Email,Technical,0,1,1,1,5.291666666666667,1.49
2026-07-04,Saturday,21,21:00-22:00,Email,Sales,0,1,2,2,3.7916666666666665,1.43
2026-07-04,Saturday,21,21:00-22:00,Email,General,0,1,0,0,1.9583333333333333,1.03
2026-07-04,Saturday,22,22:00-23:00,Voice,Billing,0,1,3,3,6.458333333333333,2.24
2026-07-04,Saturday,22,22:00-23:00,Voice,Technical,0,1,3,3,11.166666666666666,2.95
2026-07-04,Saturday,22,22:00-23:00,Voice,Sales,0,1,3,3,8.25,2.96
2026-07-04,Saturday,22,22:00-23:00,Voice,General,0,1,0,0,5.0,1.51
2026-07-04,Saturday,22,22:00-23:00,Chat,Billing,0,1,1,1,4.333333333333333,1.54
2026-07-04,Saturday,22,22:00-23:00,Chat,Technical,0,1,2,2,8.041666666666666,2.78
2026-07-04,Saturday,22,22:00-23:00,Chat,Sales,0,1,1,1,7.375,2.36
2026-07-04,Saturday,22,22:00-23:00,Chat,General,0,1,2,2,3.0833333333333335,1.39
2026-07-04,Saturday,22,22:00-23:00,Email,Billing,0,1,0,0,2.25,1.04
2026-07-04,Saturday,22,22:00-23:00,Email,Technical,0,1,1,1,5.041666666666667,1.47
2026-07-04,Saturday,22,22:00-23:00,Email,Sales,0,1,0,0,3.75,1.27
2026-07-04,Saturday,22,22:00-23:00,Email,General,0,1,0,0,1.875,1.03
2026-07-04,Saturday,23,23:00-00:00,Voice,Billing,0,1,4,4,6.333333333333333,2.39
2026-07-04,Saturday,23,23:00-00:00,Voice,Technical,0,1,9,9,10.708333333333334,3.83
2026-07-04,Saturday,23,23:00-00:00,Voice,Sales,0,1,0,0,8.166666666666666,2.94
2026-07-04,Saturday,23,23:00-00:00,Voice,General,0,1,6,6,4.583333333333333,2.2
2026-07-04,Saturday,23,23:00-00:00,Chat,Billing,0,1,1,1,4.208333333333333,1.51
2026-07-04,Saturday,23,23:00-00:00,Chat,Technical,0,1,2,2,7.791666666666667,2.54
2026-07-04,Saturday,23,23:00-00:00,Chat,Sales,0,1,7,7,7.166666666666667,3.87
2026-07-04,Saturday,23,23:00-00:00,Chat,General,0,1,4,4,3.0416666666666665,1.15
2026-07-04,Saturday,23,23:00-00:00,Email,Billing,0,1,0,0,2.1666666666666665,1.04
2026-07-04,Saturday,23,23:00-00:00,Email,Technical,0,1,2,2,5.0,1.53
2026-07-04,Saturday,23,23:00-00:00,Email,Sales,0,1,3,3,3.7083333333333335,1.73
2026-07-04,Saturday,23,23:00-00:00,Email,General,0,1,1,1,1.7916666666666667,1.03
2026-07-05,Sunday,0,00:00-01:00,Voice,Billing,0,1,1,1,6.375,2.21
2026-07-05,Sunday,0,00:00-01:00,Voice,Technical,0,1,1,1,11.0,3.62
2026-07-05,Sunday,0,00:00-01:00,Voice,Sales,0,1,0,0,8.0,2.99
2026-07-05,Sunday,0,00:00-01:00,Voice,General,0,1,1,1,4.791666666666667,1.64
2026-07-05,Sunday,0,00:00-01:00,Chat,Billing,0,1,1,1,4.208333333333333,1.59
2026-07-05,Sunday,0,00:00-01:00,Chat,Technical,0,1,0,0,7.833333333333333,2.79
2026-07-05,Sunday,0,00:00-01:00,Chat,Sales,0,1,2,2,7.333333333333333,2.71
2026-07-05,Sunday,0,00:00-01:00,Chat,General,0,1,1,1,3.2083333333333335,1.33
2026-07-05,Sunday,0,00:00-01:00,Email,Billing,0,1,0,0,2.0416666666666665,1.27
2026-07-05,Sunday,0,00:00-01:00,Email,Technical,0,1,3,3,4.916666666666667,2.09
2026-07-05,Sunday,0,00:00-01:00,Email,Sales,0,1,1,1,3.7083333333333335,1.32
2026-07-05,Sunday,0,00:00-01:00,Email,General,0,1,0,0,1.75,1.26
2026-07-05,Sunday,1,01:00-02:00,Voice,Billing,0,1,2,2,6.333333333333333,2.03
2026-07-05,Sunday,1,01:00-02:00,Voice,Technical,0,1,6,6,10.833333333333334,4.22
2026-07-05,Sunday,1,01:00-02:00,Voice,Sales,0,1,1,1,7.916666666666667,2.88
2026-07-05,Sunday,1,01:00-02:00,Voice,General,0,1,6,6,4.75,2.88
2026-07-05,Sunday,1,01:00-02:00,Chat,Billing,0,1,3,3,4.208333333333333,2.07
2026-07-05,Sunday,1,01:00-02:00,Chat,Technical,0,1,5,5,7.75,2.81
2026-07-05,Sunday,1,01:00-02:00,Chat,Sales,0,1,1,1,7.208333333333333,2.67
2026-07-05,Sunday,1,01:00-02:00,Chat,General,0,1,0,0,3.0833333333333335,1.33
2026-07-05,Sunday,1,01:00-02:00,Email,Billing,0,1,2,2,2.0,1.41
2026-07-05,Sunday,1,01:00-02:00,Email,Technical,0,1,2,2,5.0,1.59
2026-07-05,Sunday,1,01:00-02:00,Email,Sales,0,1,2,2,3.75,1.42
2026-07-05,Sunday,1,01:00-02:00,Email,General,0,1,3,3,1.7083333333333333,2.51
2026-07-05,Sunday,2,02:00-03:00,Voice,Billing,0,1,4,4,6.375,2.54
2026-07-05,Sunday,2,02:00-03:00,Voice,Technical,0,1,5,5,11.0,3.7
2026-07-05,Sunday,2,02:00-03:00,Voice,Sales,0,1,8,8,7.875,3.66
2026-07-05,Sunday,2,02:00-03:00,Voice,General,0,1,2,2,4.916666666666667,1.66
2026-07-05,Sunday,2,02:00-03:00,Chat,Billing,0,1,6,6,4.291666666666667,2.63
2026-07-05,Sunday,2,02:00-03:00,Chat,Technical,0,1,4,4,7.833333333333333,2.82
2026-07-05,Sunday,2,02:00-03:00,Chat,Sales,0,1,7,7,7.125,4.04
2026-07-05,Sunday,2,02:00-03:00,Chat,General,0,1,5,5,3.0833333333333335,2.13
2026-07-05,Sunday,2,02:00-03:00,Email,Billing,0,1,2,2,2.0833333333333335,1.41
2026-07-05,Sunday,2,02:00-03:00,Email,Technical,0,1,1,1,5.083333333333333,1.58
2026-07-05,Sunday,2,02:00-03:00,Email,Sales,0,1,3,3,3.7916666666666665,2.0
2026-07-05,Sunday,2,02:00-03:00,Email,General,0,1,2,2,1.7916666666666667,1.39
2026-07-05,Sunday,3,03:00-04:00,Voice,Billing,0,1,2,2,6.5,2.5
2026-07-05,Sunday,3,03:00-04:00,Voice,Technical,0,1,4,4,11.041666666666666,3.53
2026-07-05,Sunday,3,03:00-04:00,Voice,Sales,0,1,2,2,8.208333333333334,3.04
2026-07-05,Sunday,3,03:00-04:00,Voice,General,0,1,5,5,4.958333333333333,2.45
2026-07-05,Sunday,3,03:00-04:00,Chat,Billing,0,1,0,0,4.458333333333333,1.69
2026-07-05,Sunday,3,03:00-04:00,Chat,Technical,0,1,7,7,7.916666666666667,4.29
2026-07-05,Sunday,3,03:00-04:00,Chat,Sales,0,1,3,3,7.416666666666667,2.8
2026-07-05,Sunday,3,03:00-04:00,Chat,General,0,1,1,1,3.2916666666666665,1.33
2026-07-05,Sunday,3,03:00-04:00,Email,Billing,0,1,0,0,2.1666666666666665,1.27
2026-07-05,Sunday,3,03:00-04:00,Email,Technical,0,1,1,1,5.041666666666667,1.6
2026-07-05,Sunday,3,03:00-04:00,Email,Sales,0,1,1,1,3.8333333333333335,1.35
2026-07-05,Sunday,3,03:00-04:00,Email,General,0,1,2,2,1.875,1.39
2026-07-05,Sunday,4,04:00-05:00,Voice,Billing,0,1,3,3,6.541666666666667,2.69
2026-07-05,Sunday,4,04:00-05:00,Voice,Technical,0,1,8,8,11.041666666666666,3.4
2026-07-05,Sunday,4,04:00-05:00,Voice,Sales,0,1,4,4,8.125,3.13
2026-07-05,Sunday,4,04:00-05:00,Voice,General,0,1,3,3,5.166666666666667,2.23
2026-07-05,Sunday,4,04:00-05:00,Chat,Billing,0,1,2,2,4.416666666666667,1.66
2026-07-05,Sunday,4,04:00-05:00,Chat,Technical,0,1,3,3,8.0,3.04
2026-07-05,Sunday,4,04:00-05:00,Chat,Sales,0,1,1,1,7.458333333333333,2.71
2026-07-05,Sunday,4,04:00-05:00,Chat,General,0,1,1,1,3.3333333333333335,1.33
2026-07-05,Sunday,4,04:00-05:00,Email,Billing,0,1,1,1,2.1666666666666665,1.27
2026-07-05,Sunday,4,04:00-05:00,Email,Technical,0,1,0,0,4.958333333333333,1.6
2026-07-05,Sunday,4,04:00-05:00,Email,Sales,0,1,3,3,3.75,2.0
2026-07-05,Sunday,4,04:00-05:00,Email,General,0,1,2,2,1.9583333333333333,1.39
2026-07-05,Sunday,5,05:00-06:00,Voice,Billing,0,1,1,1,6.583333333333333,2.44
2026-07-05,Sunday,5,05:00-06:00,Voice,Technical,0,1,0,0,11.208333333333334,3.72
2026-07-05,Sunday,5,05:00-06:00,Voice,Sales,0,1,1,1,8.166666666666666,3.02
2026-07-05,Sunday,5,05:00-06:00,Voice,General,0,1,1,1,5.166666666666667,1.67
2026-07-05,Sunday,5,05:00-06:00,Chat,Billing,0,1,1,1,4.5,1.69
2026-07-05,Sunday,5,05:00-06:00,Chat,Technical,0,1,0,0,7.958333333333333,2.92
2026-07-05,Sunday,5,05:00-06:00,Chat,Sales,0,1,1,1,7.416666666666667,2.71
2026-07-05,Sunday,5,05:00-06:00,Chat,General,0,1,2,2,3.25,1.46
2026-07-05,Sunday,5,05:00-06:00,Email,Billing,0,1,0,0,2.1666666666666665,1.27
2026-07-05,Sunday,5,05:00-06:00,Email,Technical,0,1,1,1,4.875,1.6
2026-07-05,Sunday,5,05:00-06:00,Email,Sales,0,1,0,0,3.8333333333333335,1.35
2026-07-05,Sunday,5,05:00-06:00,Email,General,0,1,0,0,2.0,1.26
2026-07-05,Sunday,6,06:00-07:00,Voice,Billing,0,1,0,0,6.458333333333333,2.3
2026-07-05,Sunday,6,06:00-07:00,Voice,Technical,0,1,2,2,11.125,3.47
2026-07-05,Sunday,6,06:00-07:00,Voice,Sales,0,1,3,3,7.791666666666667,3.08
2026-07-05,Sunday,6,06:00-07:00,Voice,General,0,1,2,2,5.125,1.69
2026-07-05,Sunday,6,06:00-07:00,Chat,Billing,0,1,2,2,4.333333333333333,1.65
2026-07-05,Sunday,6,06:00-07:00,Chat,Technical,0,1,2,2,7.75,2.78
2026-07-05,Sunday,6,06:00-07:00,Chat,Sales,0,1,3,3,7.416666666666667,2.8
2026-07-05,Sunday,6,06:00-07:00,Chat,General,0,1,2,2,3.2916666666666665,1.46
2026-07-05,Sunday,6,06:00-07:00,Email,Billing,0,1,0,0,2.0833333333333335,1.27
2026-07-05,Sunday,6,06:00-07:00,Email,Technical,0,1,1,1,4.916666666666667,1.6
2026-07-05,Sunday,6,06:00-07:00,Email,Sales,0,1,0,0,3.8333333333333335,1.35
2026-07-05,Sunday,6,06:00-07:00,Email,General,0,1,1,1,1.9583333333333333,1.26
2026-07-05,Sunday,7,07:00-08:00,Voice,Billing,0,1,7,7,6.375,4.33
2026-07-05,Sunday,7,07:00-08:00,Voice,Technical,0,1,4,4,11.083333333333334,3.53
2026-07-05,Sunday,7,07:00-08:00,Voice,Sales,0,1,5,5,7.916666666666667,3.16
2026-07-05,Sunday,7,07:00-08:00,Voice,General,0,1,3,3,5.125,2.23
2026-07-05,Sunday,7,07:00-08:00,Chat,Billing,0,1,0,0,4.416666666666667,1.66
2026-07-05,Sunday,7,07:00-08:00,Chat,Technical,0,1,2,2,7.708333333333333,2.77
2026-07-05,Sunday,7,07:00-08:00,Chat,Sales,0,1,2,2,7.458333333333333,2.72
2026-07-05,Sunday,7,07:00-08:00,Chat,General,0,1,1,1,3.375,1.33
2026-07-05,Sunday,7,07:00-08:00,Email,Billing,0,1,1,1,2.0833333333333335,1.27
2026-07-05,Sunday,7,07:00-08:00,Email,Technical,0,1,2,2,4.875,1.59
2026-07-05,Sunday,7,07:00-08:00,Email,Sales,0,1,0,0,3.8333333333333335,1.35
2026-07-05,Sunday,7,07:00-08:00,Email,General,0,1,2,2,2.0,1.39
2026-07-05,Sunday,8,08:00-09:00,Voice,Billing,0,1,5,5,6.583333333333333,6.31
2026-07-05,Sunday,8,08:00-09:00,Voice,Technical,0,1,13,13,11.083333333333334,12.97
2026-07-05,Sunday,8,08:00-09:00,Voice,Sales,0,1,13,13,8.0,12.52
2026-07-05,Sunday,8,08:00-09:00,Voice,General,0,1,10,10,5.166666666666667,9.57
2026-07-05,Sunday,8,08:00-09:00,Chat,Billing,0,1,7,7,4.375,6.91
2026-07-05,Sunday,8,08:00-09:00,Chat,Technical,0,1,11,11,7.708333333333333,10.03
2026-07-05,Sunday,8,08:00-09:00,Chat,Sales,0,1,11,11,7.291666666666667,10.03
2026-07-05,Sunday,8,08:00-09:00,Chat,General,0,1,3,3,3.4166666666666665,3.38
2026-07-05,Sunday,8,08:00-09:00,Email,Billing,0,1,2,2,2.0833333333333335,2.14
2026-07-05,Sunday,8,08:00-09:00,Email,Technical,0,1,5,5,4.833333333333333,6.07
2026-07-05,Sunday,8,08:00-09:00,Email,Sales,0,1,3,3,3.8333333333333335,3.34
2026-07-05,Sunday,8,08:00-09:00,Email,General,0,1,0,0,2.0833333333333335,1.65
2026-07-05,Sunday,9,09:00-10:00,Voice,Billing,0,1,12,12,6.583333333333333,12.64
2026-07-05,Sunday,9,09:00-10:00,Voice,Technical,0,1,18,18,11.375,18.21
2026-07-05,Sunday,9,09:00-10:00,Voice,Sales,0,1,14,14,8.208333333333334,13.82
2026-07-05,Sunday,9,09:00-10:00,Voice,General,0,1,12,12,5.375,11.57
2026-07-05,Sunday,9,09:00-10:00,Chat,Billing,0,1,6,6,4.541666666666667,6.64
2026-07-05,Sunday,9,09:00-10:00,Chat,Technical,0,1,10,10,7.875,10.32
2026-07-05,Sunday,9,09:00-10:00,Chat,Sales,0,1,9,9,7.541666666666667,9.76
2026-07-05,Sunday,9,09:00-10:00,Chat,General,0,1,6,6,3.375,6.59
2026-07-05,Sunday,9,09:00-10:00,Email,Billing,0,1,1,1,2.0416666666666665,1.65
2026-07-05,Sunday,9,09:00-10:00,Email,Technical,0,1,7,7,4.875,7.02
2026-07-05,Sunday,9,09:00-10:00,Email,Sales,0,1,11,11,3.7083333333333335,8.63
2026-07-05,Sunday,9,09:00-10:00,Email,General,0,1,5,5,1.9583333333333333,5.16
2026-07-05,Sunday,10,10:00-11:00,Voice,Billing,0,1,12,12,6.708333333333333,13.03
2026-07-05,Sunday,10,10:00-11:00,Voice,Technical,0,1,19,19,11.458333333333334,20.56
2026-07-05,Sunday,10,10:00-11:00,Voice,Sales,0,1,17,17,8.125,17.7
2026-07-05,Sunday,10,10:00-11:00,Voice,General,0,1,7,7,5.583333333333333,7.12
2026-07-05,Sunday,10,10:00-11:00,Chat,Billing,0,1,12,12,4.666666666666667,10.87
2026-07-05,Sunday,10,10:00-11:00,Chat,Technical,0,1,16,16,7.666666666666667,15.02
2026-07-05,Sunday,10,10:00-11:00,Chat,Sales,0,1,12,12,7.375,13.42
2026-07-05,Sunday,10,10:00-11:00,Chat,General,0,1,7,7,3.375,6.86
2026-07-05,Sunday,10,10:00-11:00,Email,Billing,0,1,8,8,1.75,5.9
2026-07-05,Sunday,10,10:00-11:00,Email,Technical,0,1,10,10,5.0,10.0
2026-07-05,Sunday,10,10:00-11:00,Email,Sales,0,1,8,8,4.0,8.06
2026-07-05,Sunday,10,10:00-11:00,Email,General,0,1,3,3,2.125,3.87
2026-07-05,Sunday,11,11:00-12:00,Voice,Billing,0,1,15,15,6.916666666666667,14.93
2026-07-05,Sunday,11,11:00-12:00,Voice,Technical,0,1,24,24,11.458333333333334,25.86
2026-07-05,Sunday,11,11:00-12:00,Voice,Sales,0,1,22,22,7.833333333333333,20.73
2026-07-05,Sunday,11,11:00-12:00,Voice,General,0,1,10,10,5.375,10.34
2026-07-05,Sunday,11,11:00-12:00,Chat,Billing,0,1,11,11,4.791666666666667,10.4
2026-07-05,Sunday,11,11:00-12:00,Chat,Technical,0,1,8,8,7.666666666666667,9.12
2026-07-05,Sunday,11,11:00-12:00,Chat,Sales,0,1,13,13,7.375,14.08
2026-07-05,Sunday,11,11:00-12:00,Chat,General,0,1,9,9,3.4583333333333335,8.0
2026-07-05,Sunday,11,11:00-12:00,Email,Billing,0,1,10,10,2.0,7.29
2026-07-05,Sunday,11,11:00-12:00,Email,Technical,0,1,8,8,5.125,9.04
2026-07-05,Sunday,11,11:00-12:00,Email,Sales,0,1,5,5,4.0,5.88
2026-07-05,Sunday,11,11:00-12:00,Email,General,0,1,1,1,2.0833333333333335,1.65
2026-07-05,Sunday,12,12:00-13:00,Voice,Billing,0,1,12,12,7.083333333333333,13.59
2026-07-05,Sunday,12,12:00-13:00,Voice,Technical,0,1,18,18,11.458333333333334,21.15
2026-07-05,Sunday,12,12:00-13:00,Voice,Sales,0,1,25,25,8.166666666666666,21.81
2026-07-05,Sunday,12,12:00-13:00,Voice,General,0,1,11,11,5.25,10.81
2026-07-05,Sunday,12,12:00-13:00,Chat,Billing,0,1,10,10,4.833333333333333,9.97
2026-07-05,Sunday,12,12:00-13:00,Chat,Technical,0,1,23,23,7.375,17.62
2026-07-05,Sunday,12,12:00-13:00,Chat,Sales,0,1,11,11,7.041666666666667,11.19
2026-07-05,Sunday,12,12:00-13:00,Chat,General,0,1,11,11,3.5416666666666665,8.51
2026-07-05,Sunday,12,12:00-13:00,Email,Billing,0,1,8,8,2.1666666666666665,6.42
2026-07-05,Sunday,12,12:00-13:00,Email,Technical,0,1,13,13,5.166666666666667,11.63
2026-07-05,Sunday,12,12:00-13:00,Email,Sales,0,1,8,8,3.9583333333333335,8.11
2026-07-05,Sunday,12,12:00-13:00,Email,General,0,1,2,2,1.9583333333333333,2.14
2026-07-05,Sunday,13,13:00-14:00,Voice,Billing,0,1,19,19,6.958333333333333,17.3
2026-07-05,Sunday,13,13:00-14:00,Voice,Technical,0,1,25,25,10.708333333333334,26.23
2026-07-05,Sunday,13,13:00-14:00,Voice,Sales,0,1,17,17,8.541666666666666,20.61
2026-07-05,Sunday,13,13:00-14:00,Voice,General,0,1,13,13,5.166666666666667,11.73
2026-07-05,Sunday,13,13:00-14:00,Chat,Billing,0,1,13,13,4.666666666666667,11.4
2026-07-05,Sunday,13,13:00-14:00,Chat,Technical,0,1,12,12,7.458333333333333,13.59
2026-07-05,Sunday,13,13:00-14:00,Chat,Sales,0,1,23,23,6.791666666666667,17.66
2026-07-05,Sunday,13,13:00-14:00,Chat,General,0,1,13,13,3.6666666666666665,10.7
2026-07-05,Sunday,13,13:00-14:00,Email,Billing,0,1,6,6,2.4166666666666665,6.0
2026-07-05,Sunday,13,13:00-14:00,Email,Technical,0,1,13,13,5.0,11.25
2026-07-05,Sunday,13,13:00-14:00,Email,Sales,0,1,15,15,3.875,11.2
2026-07-05,Sunday,13,13:00-14:00,Email,General,0,1,3,3,1.9583333333333333,3.87
2026-07-05,Sunday,14,14:00-15:00,Voice,Billing,0,1,22,22,6.875,16.46
2026-07-05,Sunday,14,14:00-15:00,Voice,Technical,0,1,27,27,10.333333333333334,25.05
2026-07-05,Sunday,14,14:00-15:00,Voice,Sales,0,1,14,14,8.375,14.54
2026-07-05,Sunday,14,14:00-15:00,Voice,General,0,1,13,13,5.083333333333333,11.53
2026-07-05,Sunday,14,14:00-15:00,Chat,Billing,0,1,16,16,4.833333333333333,12.94
2026-07-05,Sunday,14,14:00-15:00,Chat,Technical,0,1,16,16,6.833333333333333,14.9
2026-07-05,Sunday,14,14:00-15:00,Chat,Sales,0,1,19,19,7.0,16.34
2026-07-05,Sunday,14,14:00-15:00,Chat,General,0,1,6,6,3.8333333333333335,6.75
2026-07-05,Sunday,14,14:00-15:00,Email,Billing,0,1,8,8,2.5,6.39
2026-07-05,Sunday,14,14:00-15:00,Email,Technical,0,1,9,9,4.958333333333333,9.63
2026-07-05,Sunday,14,14:00-15:00,Email,Sales,0,1,12,12,3.9583333333333335,10.52
2026-07-05,Sunday,14,14:00-15:00,Email,General,0,1,9,9,1.8333333333333333,6.74
2026-07-05,Sunday,15,15:00-16:00,Voice,Billing,0,1,11,11,7.208333333333333,11.24
2026-07-05,Sunday,15,15:00-16:00,Voice,Technical,0,1,23,23,10.291666666666666,21.59
2026-07-05,Sunday,15,15:00-16:00,Voice,Sales,0,1,18,18,8.208333333333334,18.33
2026-07-05,Sunday,15,15:00-16:00,Voice,General,0,1,8,8,5.041666666666667,9.08
2026-07-05,Sunday,15,15:00-16:00,Chat,Billing,0,1,7,7,5.041666666666667,7.07
2026-07-05,Sunday,15,15:00-16:00,Chat,Technical,0,1,18,18,6.916666666666667,15.29
2026-07-05,Sunday,15,15:00-16:00,Chat,Sales,0,1,11,11,6.958333333333333,11.14
2026-07-05,Sunday,15,15:00-16:00,Chat,General,0,1,7,7,3.75,7.04
2026-07-05,Sunday,15,15:00-16:00,Email,Billing,0,1,8,8,2.4583333333333335,6.32
2026-07-05,Sunday,15,15:00-16:00,Email,Technical,0,1,5,5,4.791666666666667,6.15
2026-07-05,Sunday,15,15:00-16:00,Email,Sales,0,1,3,3,4.25,3.32
2026-07-05,Sunday,15,15:00-16:00,Email,General,0,1,3,3,1.875,3.8
2026-07-05,Sunday,16,16:00-17:00,Voice,Billing,0,1,8,8,6.916666666666667,9.07
2026-07-05,Sunday,16,16:00-17:00,Voice,Technical,0,1,9,9,10.375,10.13
2026-07-05,Sunday,16,16:00-17:00,Voice,Sales,0,1,17,17,8.291666666666666,15.95
2026-07-05,Sunday,16,16:00-17:00,Voice,General,0,1,9,9,5.041666666666667,9.57
2026-07-05,Sunday,16,16:00-17:00,Chat,Billing,0,1,7,7,4.875,7.07
2026-07-05,Sunday,16,16:00-17:00,Chat,Technical,0,1,9,9,7.166666666666667,9.84
2026-07-05,Sunday,16,16:00-17:00,Chat,Sales,0,1,9,9,7.041666666666667,9.84
2026-07-05,Sunday,16,16:00-17:00,Chat,General,0,1,7,7,3.875,7.07
2026-07-05,Sunday,16,16:00-17:00,Email,Billing,0,1,4,4,2.625,4.77
2026-07-05,Sunday,16,16:00-17:00,Email,Technical,0,1,10,10,4.5,8.98
2026-07-05,Sunday,16,16:00-17:00,Email,Sales,0,1,6,6,4.0,6.68
2026-07-05,Sunday,16,16:00-17:00,Email,General,0,1,4,4,1.7916666666666667,4.74
2026-07-05,Sunday,17,17:00-18:00,Voice,Billing,0,1,11,11,6.958333333333333,10.84
2026-07-05,Sunday,17,17:00-18:00,Voice,Technical,0,1,7,7,9.916666666666666,7.54
2026-07-05,Sunday,17,17:00-18:00,Voice,Sales,0,1,15,15,8.708333333333334,15.1
2026-07-05,Sunday,17,17:00-18:00,Voice,General,0,1,4,4,5.333333333333333,5.74
2026-07-05,Sunday,17,17:00-18:00,Chat,Billing,0,1,6,6,4.791666666666667,6.66
2026-07-05,Sunday,17,17:00-18:00,Chat,Technical,0,1,11,11,6.958333333333333,10.74
2026-07-05,Sunday,17,17:00-18:00,Chat,Sales,0,1,4,4,7.041666666666667,6.04
2026-07-05,Sunday,17,17:00-18:00,Chat,General,0,1,2,2,3.9583333333333335,2.07
2026-07-05,Sunday,17,17:00-18:00,Email,Billing,0,1,1,1,2.75,1.62
2026-07-05,Sunday,17,17:00-18:00,Email,Technical,0,1,3,3,4.5,3.02
2026-07-05,Sunday,17,17:00-18:00,Email,Sales,0,1,3,3,3.8333333333333335,3.07
2026-07-05,Sunday,17,17:00-18:00,Email,General,0,1,1,1,1.9166666666666667,1.62
2026-07-05,Sunday,18,18:00-19:00,Voice,Billing,0,1,4,4,6.958333333333333,2.89
2026-07-05,Sunday,18,18:00-19:00,Voice,Technical,0,1,6,6,9.791666666666666,3.46
2026-07-05,Sunday,18,18:00-19:00,Voice,Sales,0,1,1,1,8.791666666666666,3.14
2026-07-05,Sunday,18,18:00-19:00,Voice,General,0,1,4,4,5.333333333333333,1.83
2026-07-05,Sunday,18,18:00-19:00,Chat,Billing,0,1,1,1,4.875,1.73
2026-07-05,Sunday,18,18:00-19:00,Chat,Technical,0,1,4,4,7.125,2.8
2026-07-05,Sunday,18,18:00-19:00,Chat,Sales,0,1,2,2,6.833333333333333,2.41
2026-07-05,Sunday,18,18:00-19:00,Chat,General,0,1,1,1,3.9166666666666665,1.31
2026-07-05,Sunday,18,18:00-19:00,Email,Billing,0,1,2,2,2.75,1.3
2026-07-05,Sunday,18,18:00-19:00,Email,Technical,0,1,2,2,4.375,1.6
2026-07-05,Sunday,18,18:00-19:00,Email,Sales,0,1,6,6,3.7916666666666665,2.15
2026-07-05,Sunday,18,18:00-19:00,Email,General,0,1,1,1,1.875,1.03
2026-07-05,Sunday,19,19:00-20:00,Voice,Billing,0,1,2,2,7.041666666666667,2.55
2026-07-05,Sunday,19,19:00-20:00,Voice,Technical,0,1,3,3,10.0,3.37
2026-07-05,Sunday,19,19:00-20:00,Voice,Sales,0,1,2,2,8.833333333333334,3.15
2026-07-05,Sunday,19,19:00-20:00,Voice,General,0,1,0,0,5.5,1.77
2026-07-05,Sunday,19,19:00-20:00,Chat,Billing,0,1,3,3,4.916666666666667,1.92
2026-07-05,Sunday,19,19:00-20:00,Chat,Technical,0,1,0,0,7.25,2.7
2026-07-05,Sunday,19,19:00-20:00,Chat,Sales,0,1,3,3,6.875,2.52
2026-07-05,Sunday,19,19:00-20:00,Chat,General,0,1,0,0,3.9583333333333335,1.32
2026-07-05,Sunday,19,19:00-20:00,Email,Billing,0,1,2,2,2.8333333333333335,1.31
2026-07-05,Sunday,19,19:00-20:00,Email,Technical,0,1,2,2,4.416666666666667,1.61
2026-07-05,Sunday,19,19:00-20:00,Email,Sales,0,1,2,2,4.041666666666667,1.49
2026-07-05,Sunday,19,19:00-20:00,Email,General,0,1,0,0,1.9166666666666667,1.03
2026-07-05,Sunday,20,20:00-21:00,Voice,Billing,0,1,2,2,7.0,2.55
2026-07-05,Sunday,20,20:00-21:00,Voice,Technical,0,1,0,0,10.0,3.38
2026-07-05,Sunday,20,20:00-21:00,Voice,Sales,0,1,2,2,8.75,3.14
2026-07-05,Sunday,20,20:00-21:00,Voice,General,0,1,5,5,5.458333333333333,1.68
2026-07-05,Sunday,20,20:00-21:00,Chat,Billing,0,1,0,0,5.041666666666667,1.74
2026-07-05,Sunday,20,20:00-21:00,Chat,Technical,0,1,4,4,7.208333333333333,2.82
2026-07-05,Sunday,20,20:00-21:00,Chat,Sales,0,1,2,2,6.833333333333333,2.41
2026-07-05,Sunday,20,20:00-21:00,Chat,General,0,1,1,1,3.9166666666666665,1.32
2026-07-05,Sunday,20,20:00-21:00,Email,Billing,0,1,0,0,2.875,1.08
2026-07-05,Sunday,20,20:00-21:00,Email,Technical,0,1,4,4,4.375,1.72
2026-07-05,Sunday,20,20:00-21:00,Email,Sales,0,1,0,0,4.083333333333333,1.36
2026-07-05,Sunday,20,20:00-21:00,Email,General,0,1,0,0,1.9166666666666667,1.03
2026-07-05,Sunday,21,21:00-22:00,Voice,Billing,0,1,2,2,6.916666666666667,2.53
2026-07-05,Sunday,21,21:00-22:00,Voice,Technical,0,1,3,3,9.916666666666666,3.38
2026-07-05,Sunday,21,21:00-22:00,Voice,Sales,0,1,0,0,8.708333333333334,3.11
2026-07-05,Sunday,21,21:00-22:00,Voice,General,0,1,1,1,5.666666666666667,1.77
2026-07-05,Sunday,21,21:00-22:00,Chat,Billing,0,1,0,0,4.958333333333333,1.74
2026-07-05,Sunday,21,21:00-22:00,Chat,Technical,0,1,2,2,7.208333333333333,2.69
2026-07-05,Sunday,21,21:00-22:00,Chat,Sales,0,1,0,0,6.791666666666667,2.37
2026-07-05,Sunday,21,21:00-22:00,Chat,General,0,1,2,2,3.9166666666666665,1.47
2026-07-05,Sunday,21,21:00-22:00,Email,Billing,0,1,1,1,2.7916666666666665,1.06
2026-07-05,Sunday,21,21:00-22:00,Email,Technical,0,1,2,2,4.416666666666667,1.61
2026-07-05,Sunday,21,21:00-22:00,Email,Sales,0,1,2,2,4.041666666666667,1.49
2026-07-05,Sunday,21,21:00-22:00,Email,General,0,1,0,0,1.875,1.03
2026-07-05,Sunday,22,22:00-23:00,Voice,Billing,0,1,3,3,6.833333333333333,2.62
2026-07-05,Sunday,22,22:00-23:00,Voice,Technical,0,1,7,7,9.875,4.09
2026-07-05,Sunday,22,22:00-23:00,Voice,Sales,0,1,8,8,8.5,3.27
2026-07-05,Sunday,22,22:00-23:00,Voice,General,0,1,3,3,5.666666666666667,2.14
2026-07-05,Sunday,22,22:00-23:00,Chat,Billing,0,1,2,2,4.833333333333333,1.78
2026-07-05,Sunday,22,22:00-23:00,Chat,Technical,0,1,9,9,7.125,3.55
2026-07-05,Sunday,22,22:00-23:00,Chat,Sales,0,1,5,5,6.541666666666667,2.47
2026-07-05,Sunday,22,22:00-23:00,Chat,General,0,1,1,1,3.9166666666666665,1.32
2026-07-05,Sunday,22,22:00-23:00,Email,Billing,0,1,0,0,2.7916666666666665,1.06
2026-07-05,Sunday,22,22:00-23:00,Email,Technical,0,1,5,5,4.458333333333333,1.6
2026-07-05,Sunday,22,22:00-23:00,Email,Sales,0,1,2,2,4.041666666666667,1.49
2026-07-05,Sunday,22,22:00-23:00,Email,General,0,1,1,1,1.875,1.03
2026-07-05,Sunday,23,23:00-00:00,Voice,Billing,0,1,2,2,6.833333333333333,2.5
2026-07-05,Sunday,23,23:00-00:00,Voice,Technical,0,1,8,8,10.041666666666666,4.07
2026-07-05,Sunday,23,23:00-00:00,Voice,Sales,0,1,2,2,8.708333333333334,3.15
2026-07-05,Sunday,23,23:00-00:00,Voice,General,0,1,4,4,5.791666666666667,2.23
2026-07-05,Sunday,23,23:00-00:00,Chat,Billing,0,1,1,1,4.875,1.75
2026-07-05,Sunday,23,23:00-00:00,Chat,Technical,0,1,2,2,7.416666666666667,2.73
2026-07-05,Sunday,23,23:00-00:00,Chat,Sales,0,1,1,1,6.708333333333333,2.37
2026-07-05,Sunday,23,23:00-00:00,Chat,General,0,1,1,1,3.875,1.32
2026-07-05,Sunday,23,23:00-00:00,Email,Billing,0,1,0,0,2.7916666666666665,1.06
2026-07-05,Sunday,23,23:00-00:00,Email,Technical,0,1,4,4,4.625,1.76
2026-07-05,Sunday,23,23:00-00:00,Email,Sales,0,1,2,2,4.125,1.51
2026-07-05,Sunday,23,23:00-00:00,Email,General,0,1,2,2,1.9166666666666667,1.28
2026-07-06,Monday,0,00:00-01:00,Voice,Billing,0,0,5,5,6.75,4.25
2026-07-06,Monday,0,00:00-01:00,Voice,Technical,0,0,5,5,10.0,5.59
2026-07-06,Monday,0,00:00-01:00,Voice,Sales,0,0,3,3,8.791666666666666,5.26
2026-07-06,Monday,0,00:00-01:00,Voice,General,0,0,2,2,5.708333333333333,2.92
2026-07-06,Monday,0,00:00-01:00,Chat,Billing,0,0,1,1,4.875,2.96
2026-07-06,Monday,0,00:00-01:00,Chat,Technical,0,0,2,2,7.416666666666667,4.42
2026-07-06,Monday,0,00:00-01:00,Chat,Sales,0,0,4,4,6.458333333333333,3.36
2026-07-06,Monday,0,00:00-01:00,Chat,General,0,0,1,1,3.75,2.52
2026-07-06,Monday,0,00:00-01:00,Email,Billing,0,0,0,0,2.7916666666666665,1.97
2026-07-06,Monday,0,00:00-01:00,Email,Technical,0,0,2,2,4.708333333333333,2.21
2026-07-06,Monday,0,00:00-01:00,Email,Sales,0,0,0,0,4.083333333333333,2.0
2026-07-06,Monday,0,00:00-01:00,Email,General,0,0,1,1,1.9583333333333333,1.74
2026-07-06,Monday,1,01:00-02:00,Voice,Billing,0,0,6,6,6.916666666666667,3.97
2026-07-06,Monday,1,01:00-02:00,Voice,Technical,0,0,10,10,10.166666666666666,10.51
2026-07-06,Monday,1,01:00-02:00,Voice,Sales,0,0,4,4,8.916666666666666,5.16
2026-07-06,Monday,1,01:00-02:00,Voice,General,0,0,2,2,5.75,2.92
2026-07-06,Monday,1,01:00-02:00,Chat,Billing,0,0,5,5,4.875,2.92
2026-07-06,Monday,1,01:00-02:00,Chat,Technical,0,0,2,2,7.5,4.42
2026-07-06,Monday,1,01:00-02:00,Chat,Sales,0,0,4,4,6.541666666666667,3.64
2026-07-06,Monday,1,01:00-02:00,Chat,General,0,0,3,3,3.75,2.48
2026-07-06,Monday,1,01:00-02:00,Email,Billing,0,0,2,2,2.7916666666666665,1.97
2026-07-06,Monday,1,01:00-02:00,Email,Technical,0,0,3,3,4.666666666666667,2.25
2026-07-06,Monday,1,01:00-02:00,Email,Sales,0,0,7,7,4.041666666666667,6.46
2026-07-06,Monday,1,01:00-02:00,Email,General,0,0,0,0,2.0,1.74
2026-07-06,Monday,2,02:00-03:00,Voice,Billing,0,0,8,8,7.083333333333333,5.77
2026-07-06,Monday,2,02:00-03:00,Voice,Technical,0,0,10,10,10.333333333333334,10.51
2026-07-06,Monday,2,02:00-03:00,Voice,Sales,0,0,8,8,9.041666666666666,7.13
2026-07-06,Monday,2,02:00-03:00,Voice,General,0,0,4,4,5.583333333333333,3.22
2026-07-06,Monday,2,02:00-03:00,Chat,Billing,0,0,4,4,4.958333333333333,2.85
2026-07-06,Monday,2,02:00-03:00,Chat,Technical,0,0,6,6,7.375,3.85
2026-07-06,Monday,2,02:00-03:00,Chat,Sales,0,0,1,1,6.666666666666667,3.82
2026-07-06,Monday,2,02:00-03:00,Chat,General,0,0,3,3,3.875,2.48
2026-07-06,Monday,2,02:00-03:00,Email,Billing,0,0,2,2,2.7916666666666665,1.97
2026-07-06,Monday,2,02:00-03:00,Email,Technical,0,0,2,2,4.708333333333333,2.21
2026-07-06,Monday,2,02:00-03:00,Email,Sales,0,0,3,3,4.25,2.08
2026-07-06,Monday,2,02:00-03:00,Email,General,0,0,1,1,1.875,1.74
2026-07-06,Monday,3,03:00-04:00,Voice,Billing,0,0,7,7,7.25,5.17
2026-07-06,Monday,3,03:00-04:00,Voice,Technical,0,0,5,5,10.541666666666666,5.65
2026-07-06,Monday,3,03:00-04:00,Voice,Sales,0,0,3,3,9.041666666666666,5.19
2026-07-06,Monday,3,03:00-04:00,Voice,General,0,0,0,0,5.666666666666667,2.92
2026-07-06,Monday,3,03:00-04:00,Chat,Billing,0,0,4,4,4.875,2.85
2026-07-06,Monday,3,03:00-04:00,Chat,Technical,0,0,1,1,7.458333333333333,4.42
2026-07-06,Monday,3,03:00-04:00,Chat,Sales,0,0,3,3,6.416666666666667,3.47
2026-07-06,Monday,3,03:00-04:00,Chat,General,0,0,0,0,3.7916666666666665,2.52
2026-07-06,Monday,3,03:00-04:00,Email,Billing,0,0,0,0,2.7916666666666665,1.97
2026-07-06,Monday,3,03:00-04:00,Email,Technical,0,0,3,3,4.75,2.25
2026-07-06,Monday,3,03:00-04:00,Email,Sales,0,0,1,1,4.25,2.04
2026-07-06,Monday,3,03:00-04:00,Email,General,0,0,1,1,1.8333333333333333,1.74
2026-07-06,Monday,4,04:00-05:00,Voice,Billing,0,0,6,6,7.458333333333333,3.9
2026-07-06,Monday,4,04:00-05:00,Voice,Technical,0,0,6,6,10.583333333333334,5.5
2026-07-06,Monday,4,04:00-05:00,Voice,Sales,0,0,6,6,9.083333333333334,4.81
2026-07-06,Monday,4,04:00-05:00,Voice,General,0,0,5,5,5.458333333333333,3.35
2026-07-06,Monday,4,04:00-05:00,Chat,Billing,0,0,3,3,5.041666666666667,2.88
2026-07-06,Monday,4,04:00-05:00,Chat,Technical,0,0,6,6,7.208333333333333,4.03
2026-07-06,Monday,4,04:00-05:00,Chat,Sales,0,0,6,6,6.416666666666667,3.3
2026-07-06,Monday,4,04:00-05:00,Chat,General,0,0,2,2,3.75,2.52
2026-07-06,Monday,4,04:00-05:00,Email,Billing,0,0,5,5,2.7916666666666665,2.68
2026-07-06,Monday,4,04:00-05:00,Email,Technical,0,0,2,2,4.833333333333333,2.25
2026-07-06,Monday,4,04:00-05:00,Email,Sales,0,0,4,4,4.25,2.62
2026-07-06,Monday,4,04:00-05:00,Email,General,0,0,3,3,1.7916666666666667,1.84
2026-07-06,Monday,5,05:00-06:00,Voice,Billing,0,0,6,6,7.583333333333333,5.05
2026-07-06,Monday,5,05:00-06:00,Voice,Technical,0,0,4,4,10.5,5.04
2026-07-06,Monday,5,05:00-06:00,Voice,Sales,0,0,3,3,9.166666666666666,4.94
2026-07-06,Monday,5,05:00-06:00,Voice,General,0,0,2,2,5.541666666666667,2.92
2026-07-06,Monday,5,05:00-06:00,Chat,Billing,0,0,1,1,5.083333333333333,2.96
2026-07-06,Monday,5,05:00-06:00,Chat,Technical,0,0,8,8,7.333333333333333,6.7
2026-07-06,Monday,5,05:00-06:00,Chat,Sales,0,0,4,4,6.625,3.75
2026-07-06,Monday,5,05:00-06:00,Chat,General,0,0,3,3,3.7916666666666665,2.48
2026-07-06,Monday,5,05:00-06:00,Email,Billing,0,0,3,3,2.9583333333333335,2.02
2026-07-06,Monday,5,05:00-06:00,Email,Technical,0,0,4,4,4.916666666666667,2.65
2026-07-06,Monday,5,05:00-06:00,Email,Sales,0,0,1,1,4.291666666666667,2.04
2026-07-06,Monday,5,05:00-06:00,Email,General,0,0,0,0,1.8333333333333333,1.74
2026-07-06,Monday,6,06:00-07:00,Voice,Billing,0,0,1,1,7.791666666666667,4.67
2026-07-06,Monday,6,06:00-07:00,Voice,Technical,0,0,7,7,10.666666666666666,9.12
2026-07-06,Monday,6,06:00-07:00,Voice,Sales,0,0,3,3,9.25,4.94
2026-07-06,Monday,6,06:00-07:00,Voice,General,0,0,1,1,5.583333333333333,2.88
2026-07-06,Monday,6,06:00-07:00,Chat,Billing,0,0,1,1,5.083333333333333,2.93
2026-07-06,Monday,6,06:00-07:00,Chat,Technical,0,0,3,3,7.666666666666667,4.24
2026-07-06,Monday,6,06:00-07:00,Chat,Sales,0,0,3,3,6.75,3.81
2026-07-06,Monday,6,06:00-07:00,Chat,General,0,0,2,2,3.8333333333333335,2.52
2026-07-06,Monday,6,06:00-07:00,Email,Billing,0,0,2,2,3.0833333333333335,2.0
2026-07-06,Monday,6,06:00-07:00,Email,Technical,0,0,2,2,5.041666666666667,2.21
2026-07-06,Monday,6,06:00-07:00,Email,Sales,0,0,1,1,4.333333333333333,2.04
2026-07-06,Monday,6,06:00-07:00,Email,General,0,0,1,1,1.8333333333333333,1.74
2026-07-06,Monday,7,07:00-08:00,Voice,Billing,0,0,2,2,7.833333333333333,4.6
2026-07-06,Monday,7,07:00-08:00,Voice,Technical,0,0,5,5,10.875,6.54
2026-07-06,Monday,7,07:00-08:00,Voice,Sales,0,0,2,2,9.25,4.91
2026-07-06,Monday,7,07:00-08:00,Voice,General,0,0,3,3,5.541666666666667,2.93
2026-07-06,Monday,7,07:00-08:00,Chat,Billing,0,0,3,3,5.041666666666667,2.85
2026-07-06,Monday,7,07:00-08:00,Chat,Technical,0,0,1,1,7.708333333333333,4.25
2026-07-06,Monday,7,07:00-08:00,Chat,Sales,0,0,2,2,6.75,3.8
2026-07-06,Monday,7,07:00-08:00,Chat,General,0,0,4,4,3.8333333333333335,2.7
2026-07-06,Monday,7,07:00-08:00,Email,Billing,0,0,2,2,3.1666666666666665,2.0
2026-07-06,Monday,7,07:00-08:00,Email,Technical,0,0,2,2,5.083333333333333,2.21
2026-07-06,Monday,7,07:00-08:00,Email,Sales,0,0,1,1,4.375,2.04
2026-07-06,Monday,7,07:00-08:00,Email,General,0,0,1,1,1.8333333333333333,1.74
2026-07-06,Monday,8,08:00-09:00,Voice,Billing,0,0,22,22,7.625,17.69
2026-07-06,Monday,8,08:00-09:00,Voice,Technical,0,0,22,22,10.916666666666666,36.83
2026-07-06,Monday,8,08:00-09:00,Voice,Sales,0,0,23,23,9.125,23.85
2026-07-06,Monday,8,08:00-09:00,Voice,General,0,0,14,14,5.541666666666667,16.72
2026-07-06,Monday,8,08:00-09:00,Chat,Billing,0,0,4,4,5.166666666666667,7.91
2026-07-06,Monday,8,08:00-09:00,Chat,Technical,0,0,14,14,7.666666666666667,18.33
2026-07-06,Monday,8,08:00-09:00,Chat,Sales,0,0,12,12,6.75,18.32
2026-07-06,Monday,8,08:00-09:00,Chat,General,0,0,6,6,3.9583333333333335,8.19
2026-07-06,Monday,8,08:00-09:00,Email,Billing,0,0,8,8,3.2083333333333335,9.68
2026-07-06,Monday,8,08:00-09:00,Email,Technical,0,0,10,10,5.083333333333333,13.35
2026-07-06,Monday,8,08:00-09:00,Email,Sales,0,0,3,3,4.416666666666667,3.15
2026-07-06,Monday,8,08:00-09:00,Email,General,0,0,7,7,1.7916666666666667,7.64
2026-07-06,Monday,9,09:00-10:00,Voice,Billing,0,0,20,20,8.333333333333334,21.12
2026-07-06,Monday,9,09:00-10:00,Voice,Technical,0,0,36,36,11.291666666666666,34.63
2026-07-06,Monday,9,09:00-10:00,Voice,Sales,0,0,30,30,9.541666666666666,28.33
2026-07-06,Monday,9,09:00-10:00,Voice,General,0,0,15,15,5.708333333333333,17.26
2026-07-06,Monday,9,09:00-10:00,Chat,Billing,0,0,10,10,5.041666666666667,15.05
2026-07-06,Monday,9,09:00-10:00,Chat,Technical,0,0,30,30,7.791666666666667,26.02
2026-07-06,Monday,9,09:00-10:00,Chat,Sales,0,0,18,18,6.791666666666667,17.53
2026-07-06,Monday,9,09:00-10:00,Chat,General,0,0,13,13,4.083333333333333,14.35
2026-07-06,Monday,9,09:00-10:00,Email,Billing,0,0,6,6,3.4583333333333335,7.66
2026-07-06,Monday,9,09:00-10:00,Email,Technical,0,0,9,9,5.291666666666667,14.55
2026-07-06,Monday,9,09:00-10:00,Email,Sales,0,0,20,20,4.416666666666667,17.86
2026-07-06,Monday,9,09:00-10:00,Email,General,0,0,5,5,2.0833333333333335,5.89
2026-07-06,Monday,10,10:00-11:00,Voice,Billing,0,0,24,24,8.666666666666666,24.06
2026-07-06,Monday,10,10:00-11:00,Voice,Technical,0,0,40,40,12.041666666666666,41.85
2026-07-06,Monday,10,10:00-11:00,Voice,Sales,0,0,37,37,10.208333333333334,33.41
2026-07-06,Monday,10,10:00-11:00,Voice,General,0,0,20,20,5.833333333333333,20.02
2026-07-06,Monday,10,10:00-11:00,Chat,Billing,0,0,20,20,5.208333333333333,18.31
2026-07-06,Monday,10,10:00-11:00,Chat,Technical,0,0,21,21,8.625,24.21
2026-07-06,Monday,10,10:00-11:00,Chat,Sales,0,0,25,25,7.166666666666667,24.42
2026-07-06,Monday,10,10:00-11:00,Chat,General,0,0,15,15,4.375,14.48
2026-07-06,Monday,10,10:00-11:00,Email,Billing,0,0,11,11,3.6666666666666665,12.65
2026-07-06,Monday,10,10:00-11:00,Email,Technical,0,0,23,23,5.375,17.99
2026-07-06,Monday,10,10:00-11:00,Email,Sales,0,0,11,11,4.791666666666667,16.06
2026-07-06,Monday,10,10:00-11:00,Email,General,0,0,8,8,2.0833333333333335,9.72
2026-07-06,Monday,11,11:00-12:00,Voice,Billing,0,0,17,17,9.166666666666666,22.34
2026-07-06,Monday,11,11:00-12:00,Voice,Technical,0,0,59,59,12.916666666666666,52.87
2026-07-06,Monday,11,11:00-12:00,Voice,Sales,0,0,42,42,11.041666666666666,38.8
2026-07-06,Monday,11,11:00-12:00,Voice,General,0,0,21,21,6.375,20.98
2026-07-06,Monday,11,11:00-12:00,Chat,Billing,0,0,23,23,5.541666666666667,18.22
2026-07-06,Monday,11,11:00-12:00,Chat,Technical,0,0,30,30,8.833333333333334,30.87
2026-07-06,Monday,11,11:00-12:00,Chat,Sales,0,0,33,33,7.708333333333333,28.16
2026-07-06,Monday,11,11:00-12:00,Chat,General,0,0,12,12,4.708333333333333,16.68
2026-07-06,Monday,11,11:00-12:00,Email,Billing,0,0,13,13,3.7916666666666665,13.51
2026-07-06,Monday,11,11:00-12:00,Email,Technical,0,0,18,18,5.916666666666667,17.5
2026-07-06,Monday,11,11:00-12:00,Email,Sales,0,0,18,18,4.916666666666667,15.99
2026-07-06,Monday,11,11:00-12:00,Email,General,0,0,12,12,2.2916666666666665,12.79
2026-07-06,Monday,12,12:00-13:00,Voice,Billing,0,0,39,39,9.25,33.32
2026-07-06,Monday,12,12:00-13:00,Voice,Technical,0,0,48,48,14.375,49.54
2026-07-06,Monday,12,12:00-13:00,Voice,Sales,0,0,45,45,11.875,44.02
2026-07-06,Monday,12,12:00-13:00,Voice,General,0,0,17,17,6.833333333333333,18.67
2026-07-06,Monday,12,12:00-13:00,Chat,Billing,0,0,21,21,6.041666666666667,19.34
2026-07-06,Monday,12,12:00-13:00,Chat,Technical,0,0,54,54,9.75,40.25
2026-07-06,Monday,12,12:00-13:00,Chat,Sales,0,0,29,29,8.541666666666666,29.79
2026-07-06,Monday,12,12:00-13:00,Chat,General,0,0,18,18,4.833333333333333,15.33
2026-07-06,Monday,12,12:00-13:00,Email,Billing,0,0,11,11,3.9166666666666665,13.04
2026-07-06,Monday,12,12:00-13:00,Email,Technical,0,0,23,23,6.333333333333333,19.37
2026-07-06,Monday,12,12:00-13:00,Email,Sales,0,0,25,25,5.458333333333333,17.85
2026-07-06,Monday,12,12:00-13:00,Email,General,0,0,10,10,2.75,11.72
2026-07-06,Monday,13,13:00-14:00,Voice,Billing,0,0,33,33,10.375,31.49
2026-07-06,Monday,13,13:00-14:00,Voice,Technical,0,0,48,48,15.625,49.91
2026-07-06,Monday,13,13:00-14:00,Voice,Sales,0,0,53,53,12.708333333333334,45.45
2026-07-06,Monday,13,13:00-14:00,Voice,General,0,0,26,26,7.083333333333333,23.27
2026-07-06,Monday,13,13:00-14:00,Chat,Billing,0,0,18,18,6.5,18.46
2026-07-06,Monday,13,13:00-14:00,Chat,Technical,0,0,37,37,11.041666666666666,35.57
2026-07-06,Monday,13,13:00-14:00,Chat,Sales,0,0,27,27,9.291666666666666,30.05
2026-07-06,Monday,13,13:00-14:00,Chat,General,0,0,15,15,5.125,17.26
2026-07-06,Monday,13,13:00-14:00,Email,Billing,0,0,13,13,4.041666666666667,12.83
2026-07-06,Monday,13,13:00-14:00,Email,Technical,0,0,38,38,6.75,27.82
2026-07-06,Monday,13,13:00-14:00,Email,Sales,0,0,15,15,6.166666666666667,16.58
2026-07-06,Monday,13,13:00-14:00,Email,General,0,0,10,10,3.0833333333333335,11.51
2026-07-06,Monday,14,14:00-15:00,Voice,Billing,0,0,32,32,10.958333333333334,31.34
2026-07-06,Monday,14,14:00-15:00,Voice,Technical,0,0,43,43,16.583333333333332,51.7
2026-07-06,Monday,14,14:00-15:00,Voice,Sales,0,0,53,53,14.208333333333334,46.18
2026-07-06,Monday,14,14:00-15:00,Voice,General,0,0,25,25,7.625,25.0
2026-07-06,Monday,14,14:00-15:00,Chat,Billing,0,0,29,29,6.708333333333333,23.08
2026-07-06,Monday,14,14:00-15:00,Chat,Technical,0,0,33,33,12.083333333333334,32.3
2026-07-06,Monday,14,14:00-15:00,Chat,Sales,0,0,28,28,9.458333333333334,31.69
2026-07-06,Monday,14,14:00-15:00,Chat,General,0,0,16,16,5.208333333333333,14.22
2026-07-06,Monday,14,14:00-15:00,Email,Billing,0,0,12,12,4.333333333333333,12.37
2026-07-06,Monday,14,14:00-15:00,Email,Technical,0,0,23,23,7.791666666666667,22.97
2026-07-06,Monday,14,14:00-15:00,Email,Sales,0,0,17,17,6.166666666666667,17.55
2026-07-06,Monday,14,14:00-15:00,Email,General,0,0,7,7,3.375,10.22
2026-07-06,Monday,15,15:00-16:00,Voice,Billing,0,0,23,23,11.375,35.63
2026-07-06,Monday,15,15:00-16:00,Voice,Technical,0,0,39,39,17.25,40.4
2026-07-06,Monday,15,15:00-16:00,Voice,Sales,0,0,41,41,15.833333333333334,38.35
2026-07-06,Monday,15,15:00-16:00,Voice,General,0,0,23,23,8.125,20.33
2026-07-06,Monday,15,15:00-16:00,Chat,Billing,0,0,23,23,7.25,16.91
2026-07-06,Monday,15,15:00-16:00,Chat,Technical,0,0,29,29,12.791666666666666,27.99
2026-07-06,Monday,15,15:00-16:00,Chat,Sales,0,0,22,22,9.833333333333334,29.52
2026-07-06,Monday,15,15:00-16:00,Chat,General,0,0,8,8,5.625,15.33
2026-07-06,Monday,15,15:00-16:00,Email,Billing,0,0,16,16,4.5,12.84
2026-07-06,Monday,15,15:00-16:00,Email,Technical,0,0,23,23,8.375,20.96
2026-07-06,Monday,15,15:00-16:00,Email,Sales,0,0,13,13,6.375,17.61
2026-07-06,Monday,15,15:00-16:00,Email,General,0,0,8,8,3.2916666666666665,10.18
2026-07-06,Monday,16,16:00-17:00,Voice,Billing,0,0,29,29,11.875,26.27
2026-07-06,Monday,16,16:00-17:00,Voice,Technical,0,0,29,29,17.916666666666668,30.04
2026-07-06,Monday,16,16:00-17:00,Voice,Sales,0,0,33,33,16.791666666666668,30.4
2026-07-06,Monday,16,16:00-17:00,Voice,General,0,0,18,18,8.75,17.65
2026-07-06,Monday,16,16:00-17:00,Chat,Billing,0,0,16,16,7.916666666666667,16.36
2026-07-06,Monday,16,16:00-17:00,Chat,Technical,0,0,29,29,13.25,26.08
2026-07-06,Monday,16,16:00-17:00,Chat,Sales,0,0,25,25,10.291666666666666,24.52
2026-07-06,Monday,16,16:00-17:00,Chat,General,0,0,4,4,5.666666666666667,7.51
2026-07-06,Monday,16,16:00-17:00,Email,Billing,0,0,8,8,4.833333333333333,14.25
2026-07-06,Monday,16,16:00-17:00,Email,Technical,0,0,11,11,9.125,17.78
2026-07-06,Monday,16,16:00-17:00,Email,Sales,0,0,19,19,6.791666666666667,18.56
2026-07-06,Monday,16,16:00-17:00,Email,General,0,0,2,2,3.5,2.18
2026-07-06,Monday,17,17:00-18:00,Voice,Billing,0,0,14,14,12.75,21.34
2026-07-06,Monday,17,17:00-18:00,Voice,Technical,0,0,17,17,18.75,24.58
2026-07-06,Monday,17,17:00-18:00,Voice,Sales,0,0,12,12,17.458333333333332,18.86
2026-07-06,Monday,17,17:00-18:00,Voice,General,0,0,7,7,9.125,12.29
2026-07-06,Monday,17,17:00-18:00,Chat,Billing,0,0,6,6,8.291666666666666,10.95
2026-07-06,Monday,17,17:00-18:00,Chat,Technical,0,0,17,17,14.083333333333334,24.72
2026-07-06,Monday,17,17:00-18:00,Chat,Sales,0,0,12,12,10.958333333333334,18.65
2026-07-06,Monday,17,17:00-18:00,Chat,General,0,0,5,5,5.541666666666667,7.96
2026-07-06,Monday,17,17:00-18:00,Email,Billing,0,0,5,5,5.0,7.24
2026-07-06,Monday,17,17:00-18:00,Email,Technical,0,0,14,14,9.166666666666666,17.84
2026-07-06,Monday,17,17:00-18:00,Email,Sales,0,0,2,2,7.333333333333333,5.43
2026-07-06,Monday,17,17:00-18:00,Email,General,0,0,4,4,3.4166666666666665,5.42
2026-07-06,Monday,18,18:00-19:00,Voice,Billing,0,0,8,8,12.875,5.22
2026-07-06,Monday,18,18:00-19:00,Voice,Technical,0,0,11,11,19.166666666666668,7.51
2026-07-06,Monday,18,18:00-19:00,Voice,Sales,0,0,12,12,17.333333333333332,18.42
2026-07-06,Monday,18,18:00-19:00,Voice,General,0,0,5,5,9.25,3.57
2026-07-06,Monday,18,18:00-19:00,Chat,Billing,0,0,7,7,8.291666666666666,7.01
2026-07-06,Monday,18,18:00-19:00,Chat,Technical,0,0,5,5,14.333333333333334,5.23
2026-07-06,Monday,18,18:00-19:00,Chat,Sales,0,0,2,2,11.291666666666666,4.04
2026-07-06,Monday,18,18:00-19:00,Chat,General,0,0,6,6,5.666666666666667,3.13
2026-07-06,Monday,18,18:00-19:00,Email,Billing,0,0,2,2,5.166666666666667,2.08
2026-07-06,Monday,18,18:00-19:00,Email,Technical,0,0,5,5,9.625,3.5
2026-07-06,Monday,18,18:00-19:00,Email,Sales,0,0,2,2,7.291666666666667,2.97
2026-07-06,Monday,18,18:00-19:00,Email,General,0,0,4,4,3.5416666666666665,1.21
2026-07-06,Monday,19,19:00-20:00,Voice,Billing,0,0,2,2,13.041666666666666,4.58
2026-07-06,Monday,19,19:00-20:00,Voice,Technical,0,0,8,8,19.375,6.06
2026-07-06,Monday,19,19:00-20:00,Voice,Sales,0,0,3,3,17.791666666666668,7.11
2026-07-06,Monday,19,19:00-20:00,Voice,General,0,0,4,4,9.291666666666666,3.57
2026-07-06,Monday,19,19:00-20:00,Chat,Billing,0,0,6,6,8.541666666666666,4.46
2026-07-06,Monday,19,19:00-20:00,Chat,Technical,0,0,6,6,14.375,5.2
2026-07-06,Monday,19,19:00-20:00,Chat,Sales,0,0,3,3,11.291666666666666,4.13
2026-07-06,Monday,19,19:00-20:00,Chat,General,0,0,2,2,5.875,2.66
2026-07-06,Monday,19,19:00-20:00,Email,Billing,0,0,3,3,5.166666666666667,2.01
2026-07-06,Monday,19,19:00-20:00,Email,Technical,0,0,3,3,9.75,3.44
2026-07-06,Monday,19,19:00-20:00,Email,Sales,0,0,4,4,7.125,2.82
2026-07-06,Monday,19,19:00-20:00,Email,General,0,0,2,2,3.6666666666666665,1.71
2026-07-06,Monday,20,20:00-21:00,Voice,Billing,0,0,0,0,13.041666666666666,5.03
2026-07-06,Monday,20,20:00-21:00,Voice,Technical,0,0,6,6,19.583333333333332,6.3
2026-07-06,Monday,20,20:00-21:00,Voice,Sales,0,0,4,4,17.833333333333332,6.69
2026-07-06,Monday,20,20:00-21:00,Voice,General,0,0,4,4,9.458333333333334,3.56
2026-07-06,Monday,20,20:00-21:00,Chat,Billing,0,0,0,0,8.666666666666666,3.21
2026-07-06,Monday,20,20:00-21:00,Chat,Technical,0,0,0,0,14.625,6.27
2026-07-06,Monday,20,20:00-21:00,Chat,Sales,0,0,2,2,11.291666666666666,4.02
2026-07-06,Monday,20,20:00-21:00,Chat,General,0,0,1,1,5.958333333333333,2.63
2026-07-06,Monday,20,20:00-21:00,Email,Billing,0,0,3,3,5.208333333333333,2.01
2026-07-06,Monday,20,20:00-21:00,Email,Technical,0,0,2,2,9.791666666666666,3.54
2026-07-06,Monday,20,20:00-21:00,Email,Sales,0,0,2,2,7.208333333333333,2.94
2026-07-06,Monday,20,20:00-21:00,Email,General,0,0,0,0,3.75,1.71
2026-07-06,Monday,21,21:00-22:00,Voice,Billing,0,0,7,7,12.958333333333334,4.94
2026-07-06,Monday,21,21:00-22:00,Voice,Technical,0,0,16,16,19.833333333333332,22.15
2026-07-06,Monday,21,21:00-22:00,Voice,Sales,0,0,8,8,17.916666666666668,5.89
2026-07-06,Monday,21,21:00-22:00,Voice,General,0,0,3,3,9.416666666666666,3.87
2026-07-06,Monday,21,21:00-22:00,Chat,Billing,0,0,8,8,8.666666666666666,4.54
2026-07-06,Monday,21,21:00-22:00,Chat,Technical,0,0,6,6,14.458333333333334,5.1
2026-07-06,Monday,21,21:00-22:00,Chat,Sales,0,0,11,11,11.291666666666666,5.66
2026-07-06,Monday,21,21:00-22:00,Chat,General,0,0,4,4,5.958333333333333,2.25
2026-07-06,Monday,21,21:00-22:00,Email,Billing,0,0,2,2,5.333333333333333,2.1
2026-07-06,Monday,21,21:00-22:00,Email,Technical,0,0,3,3,9.708333333333334,3.47
2026-07-06,Monday,21,21:00-22:00,Email,Sales,0,0,5,5,7.291666666666667,2.74
2026-07-06,Monday,21,21:00-22:00,Email,General,0,0,2,2,3.75,1.71
2026-07-06,Monday,22,22:00-23:00,Voice,Billing,0,0,2,2,13.166666666666666,4.67
2026-07-06,Monday,22,22:00-23:00,Voice,Technical,0,0,4,4,20.375,7.36
2026-07-06,Monday,22,22:00-23:00,Voice,Sales,0,0,1,1,18.25,7.2
2026-07-06,Monday,22,22:00-23:00,Voice,General,0,0,1,1,9.5,3.92
2026-07-06,Monday,22,22:00-23:00,Chat,Billing,0,0,3,3,9.0,3.38
2026-07-06,Monday,22,22:00-23:00,Chat,Technical,0,0,3,3,14.625,5.05
2026-07-06,Monday,22,22:00-23:00,Chat,Sales,0,0,2,2,11.75,3.94
2026-07-06,Monday,22,22:00-23:00,Chat,General,0,0,1,1,6.041666666666667,2.65
2026-07-06,Monday,22,22:00-23:00,Email,Billing,0,0,0,0,5.375,2.11
2026-07-06,Monday,22,22:00-23:00,Email,Technical,0,0,0,0,9.75,3.48
2026-07-06,Monday,22,22:00-23:00,Email,Sales,0,0,2,2,7.416666666666667,2.99
2026-07-06,Monday,22,22:00-23:00,Email,General,0,0,0,0,3.8333333333333335,1.71
2026-07-06,Monday,23,23:00-00:00,Voice,Billing,0,0,7,7,13.125,4.99
2026-07-06,Monday,23,23:00-00:00,Voice,Technical,0,0,8,8,20.25,6.04
2026-07-06,Monday,23,23:00-00:00,Voice,Sales,0,0,18,18,17.958333333333332,20.36
2026-07-06,Monday,23,23:00-00:00,Voice,General,0,0,5,5,9.416666666666666,3.3
2026-07-06,Monday,23,23:00-00:00,Chat,Billing,0,0,4,4,9.041666666666666,3.35
2026-07-06,Monday,23,23:00-00:00,Chat,Technical,0,0,7,7,14.375,7.19
2026-07-06,Monday,23,23:00-00:00,Chat,Sales,0,0,7,7,11.625,4.83
2026-07-06,Monday,23,23:00-00:00,Chat,General,0,0,2,2,6.041666666666667,2.7
2026-07-06,Monday,23,23:00-00:00,Email,Billing,0,0,3,3,5.375,2.08
2026-07-06,Monday,23,23:00-00:00,Email,Technical,0,0,4,4,9.541666666666666,3.35
2026-07-06,Monday,23,23:00-00:00,Email,Sales,0,0,1,1,7.416666666666667,3.02
2026-07-06,Monday,23,23:00-00:00,Email,General,0,0,3,3,3.7916666666666665,1.62
